EVENT,GAID,LON,LAT,DEP,OMAG,OMAG_TYPE,MB,BRUNE_MAG,BRUNE_MAG_STD,STRESS_DROP,LOG_STRESS_DROP_STD,CORN_FREQ,CORN_FREQ_STD,NRECS,FMIN,FMAX,QUALITY,ML2800,ML2080,DOMAIN
1989-12-27T23:26:57.000000Z,ga1989zmqbgf,151.607,-32.946,11,5.4,Mwp,5.7,5.051076802,0.391657338,8.084389925,0.370869395,1.020993914,0.688889041,8,0.3,5,0,5.547,5.464,NCBM
1990-01-17T06:38:08.000000Z,ga1990bdwvef,116.99,-31.72,6,5.5,mb,5.2,5.041930598,0,3.237913814,0,0.760563711,0,1,0.2,7,0,nan,nan,CBGZ
1990-11-27T21:16:26.000000Z,ga1990xjjyjn,133.599,-20.046,0,5.2,mb,5.1,5.867949384,0,0.091050604,0,0.089357715,0,1,1,7,0,nan,nan,CBGZ
1991-03-07T01:28:08.000000Z,ga1991eplddz,133.809,-20.021,2,5.1,mb,5.1,6.176945283,0,0.056892147,0,0.053525073,0,1,1,7,0,nan,nan,CBGZ
1991-06-19T11:38:24.000000Z,ga1991lzcwor,133.95,-19.79,8,5.1,ML,nan,4.447516813,0,1.502716652,0,1.167382281,0,1,0.4,4,0,nan,nan,CBGZ
1991-07-08T10:45:34.000000Z,ga1991nhxxtt,133.866,-19.861,5,5,ML,nan,4.630524781,0,0.414167497,0,0.615378169,0,2,0.04,7,2,nan,nan,CBGZ
1991-08-06T14:11:48.000000Z,ga1991pjkuzy,143.506,-18.222,17,4.8,ML,nan,4.07022407,0,0.664957762,0,1.373509884,0,1,0.6,8,0,nan,nan,CBGZ
1992-06-13T18:05:21.000000Z,ga1992lqlbpu,130.05,-23.66,16,5.1,mb,5.1,4.838296178,0.261424662,0.419900938,0.397157805,0.486683546,0.258433171,2,0.7,4,2,nan,nan,CBGZ
1992-09-30T11:18:07.000000Z,ga1992thzsqb,134.573,-11.354,39,5.4,mb,5.4,4.803238758,0,1.548360934,0,0.782859501,0,1,0.3,3,0,nan,nan,CBGZ
1993-10-21T05:27:28.000000Z,ga1993usgqbm,133.944,-19.862,5,4.8,ML,nan,4.127755617,0.197317942,1.002272373,0.260738855,1.473883811,0.03987943,2,0.5,2,2,nan,nan,CBGZ
1993-12-18T19:27:31.000000Z,ga1993yvuozu,133.8567,-11.8274,19.3,4.8,mb,4.8,4.935020437,0,1.528520802,0,0.669770533,0,1,0.8,12,0,nan,nan,CBGZ
1994-02-01T05:53:08.000000Z,ga1994cfjfpg,146.352,-38.537,17,3.8,MLa,nan,3.666278843,0.079846704,16.5170074,0.432575951,6.38043326,2.301399641,8,0.8,12,1,3.907,3.801,EBGZ
1994-08-06T11:03:51.000000Z,ga1994pjepaz,151.288,-32.924,2,4.7,mwt,5.3,5.294979121,0.287044353,1.793860126,0.415115639,0.466787376,0.329885994,21,0.2,10,1,5.195,5.108,NCBM
1994-08-21T05:53:51.000000Z,ga1994qkifcs,148.364,-33.421,1,4.1,MLa,nan,3.883110241,0.284987097,0.666605229,0.485997962,1.705088488,1.17690601,5,0.6,12,1,3.954,3.852,NCBM
1994-08-31T20:48:30.000000Z,ga1994rdvcvz,133.321,-19.859,5,4.5,mb,4.5,3.763678847,0.270325842,0.106801368,0.383766406,1.062589007,0.569282066,7,0.5,9,0,3.64,3.542,CBGZ
1995-05-20T11:29:11.000000Z,ga1995jwaufs,150.07,-33.86,6,3.6,MLa,nan,3.51609956,0.185559072,2.403740961,0.563795905,3.989562244,1.719061007,15,0.8,12,1,3.661,3.555,NCBM
1995-05-28T23:12:58.000000Z,ga1995klpxsw,151.408,-32.518,4,3.5,MLa,nan,3.57666675,0.112226942,0.898587376,0.613209787,2.680397474,1.69231569,11,0.8,12,1,3.795,3.695,NCBM
1995-06-14T16:41:54.000000Z,ga1995lqihse,133.718,-19.782,16,4.9,ML,nan,4.612014522,0.121130981,1.88143517,0.86905844,1.041122013,1.291680617,5,0.35,6,1,nan,nan,CBGZ
1995-08-25T11:50:11.000000Z,ga1995qscxrv,111.86,-23.313,5,4.6,ML,nan,5.542076165,0,3.677098206,0,0.446145104,0,2,0.8,12,2,nan,nan,EBGZ
1995-08-25T11:50:13.000000Z,ga1995qscxrv,111.86,-23.313,5,4.6,ML,nan,5.21500739,0.089683348,4.728154249,0.208778011,0.706978144,0.186882189,2,0.05,12,2,nan,nan,EBGZ
1996-06-09T01:43:10.000000Z,ga1996lhvpsr,135.8155,-34.1658,9,4.5,mb,4.5,3.786982475,0.191191142,1.391117788,0.494941807,2.433936263,2.098230567,4,0.8,10,1,nan,nan,CBGZ
1996-06-21T14:56:59.000000Z,ga1996mewqio,117.057,-31.56,5.6,4.1,MLa,nan,4.177826434,0.301194557,3.985983899,0.803241741,2.204335866,2.76626008,3,0.05,12,0,4.292,4.184,CBGZ
1996-08-13T04:30:10.000000Z,ga1996pxjivq,143.519,-30.08,2,5.1,mb,4.9,4.808730841,0.124858093,7.558836494,0.471536749,1.31967007,0.412406146,7,0.4,6,1,5.329,5.247,NCBM
1996-08-14T09:29:07.000000Z,ga1996pzozil,143.538,-30.121,5,4.4,ML,nan,4.253589191,0.088265646,3.964167333,0.614156342,2.016516908,0.790343409,4,0.6,10,1,4.614,4.533,NCBM
1996-09-25T07:49:56.000000Z,ga1996syoevi,146.467,-37.877,11,4.4,mwt,4.7,4.723795673,0.260710336,4.034816728,0.543958732,1.180472584,0.9502696,27,0.2,10,1,4.95,4.852,NCBM
1997-03-05T06:15:21.000000Z,ga1997emdexg,138.972,-33.823,22.8,5,mb,4.8,4.800432786,0.141395831,9.534563008,0.533781615,1.439559685,0.734209078,11,0.2,10,1,5.012,4.924,NCBM
1997-06-27T03:20:27.000000Z,ga1997mneenh,145.955,-36.75,18,3.9,Mwt,nan,3.923114899,0.179026405,1.361980038,0.597793803,2.066229709,1.876757275,20,0.6,12,1,4.182,4.085,NCBM
1997-07-21T15:10:43.000000Z,ga1997ogddrv,137.79,-32.69,10,3.8,MLa,nan,3.7241079,0.233954812,3.366497094,0.420560079,3.513052191,0.97865854,4,0.6,12,1,3.949,3.851,CBGZ
1997-08-10T09:20:31.000000Z,ga1997pqkbni,124.4227,-16.0503,10,6.2,Mwp,5.8,5.994338898,0,91.37211945,0,0.773477327,0,1,0.06,4,0,nan,nan,CBGZ
1997-08-31T15:23:50.000000Z,ga1997rdkjbx,117.684,-31.449,5,4.6,ML,nan,4.136939104,0.399563962,1.288800276,0.450353259,1.585884152,1.523098479,4,0.6,9,1,4.499,4.41,CBGZ
1997-09-01T09:48:37.000000Z,ga1997reuzci,123.138,-18.116,5,4.5,mb,4.3,4.01715768,0.163315141,1.573610073,0.71013945,1.94565577,1.416719078,10,0.5,10,1,4.117,4.021,CBGZ
1998-02-14T18:23:34.000000Z,ga1998deensa,148.604,-35.372,0,3.8,Mwt,nan,3.899406006,0.184039246,1.697979316,0.409168638,2.285354621,0.872349505,22,0.75,10,1,4.184,4.088,NCBM
1998-02-26T14:13:04.000000Z,ga1998dzwykf,136.621,-33.347,27.7,3.8,MLa,nan,4.25155509,0.094208217,1.943952825,0.560824206,1.593908914,1.101395572,7,0.8,12,0,4.567,4.472,CBGZ
1998-03-29T03:50:17.000000Z,ga1998gdzvag,139.12,-12.397,0,5.2,mb,5.2,4.939002321,0,0.146118395,0,0.304845373,0,1,0.03,3,2,nan,nan,CBGZ
1998-05-22T19:01:14.000000Z,ga1998kahfno,147.87,-35.59,6,3.8,MLa,nan,3.59163307,0.097833613,4.215264676,1.036462032,4.410327957,2.645701769,2,0.8,12,2,nan,nan,NCBM
1998-06-09T01:00:50.000000Z,ga1998lfymji,135.844,-27.939,3,4.4,ML,nan,4.163344932,0.06133899,0.590027299,0.135257554,1.185670569,0.043135461,4,0.6,8,1,nan,nan,CBGZ
1998-07-17T01:22:39.000000Z,ga1998nxsupr,147.942,-36.367,21,3.9,Mwt,nan,4.069193243,0.198945131,5.158644447,0.59877435,2.722248169,1.697472678,12,0.8,12,1,4.42,4.322,NCBM
1998-09-27T22:32:08.000000Z,ga1998tbndxs,144.779,-38.357,0,3.8,MLa,nan,3.514821142,0.114963409,2.713950019,0.666054029,4.160407286,3.480134407,13,0.8,12,1,3.819,3.709,EBGZ
1998-10-16T13:46:14.000000Z,ga1998ujsnlu,147.385,-34.669,16,3.9,MLa,nan,3.607703834,0.140218134,3.247184589,0.381480407,3.968833496,1.757909729,7,0.8,12,1,3.911,3.809,NCBM
1998-11-02T02:26:18.000000Z,ga1998vobinb,113.53,-19.538,10,4.6,mb,4.5,4.467543225,0,11.86357524,0,2.271499896,0,1,0.9,9,2,nan,nan,EBGZ
1998-11-02T17:09:38.000000Z,ga1998vpepry,151.146,-22.808,0,4.7,mb,4.4,4.492204701,0.238207357,0.96759848,0.304357552,0.957506754,0.329930692,4,0.5,6,1,nan,nan,NCBM
1998-11-12T19:19:33.000000Z,ga1998whseln,121.83,-13.05,6,4.5,ML,nan,4.705365319,0.087768013,30.62637422,0.341773824,2.369708935,0.382966348,2,0.6,10,2,nan,nan,EBGZ
1999-01-13T09:40:00.000000Z,ga1999awtyjj,146.374,-38.161,0,3.5,Mwt,nan,3.603166065,0.115792198,11.84735732,0.905714427,6.141907442,6.081907,11,0.8,12,1,3.891,3.778,EBGZ
1999-03-08T16:08:53.000000Z,ga1999eskazw,125.7258,-13.044,325.7,5.6,ML,nan,4.144428538,0,5.852198141,0,2.603581693,0,1,0.8,5,0,nan,nan,CBGZ
1999-03-09T23:43:05.000000Z,ga1999euuvha,128.7734,-10.8895,33,5.6,mb,5.6,4.213494936,0,0.700808624,0,1.185217755,0,1,0.6,7,2,nan,nan,EBGZ
1999-03-14T00:13:31.000000Z,ga1999fcetak,147.077,-34.001,2,3.9,mwt,nan,4.059806156,0.175586639,3.055414564,0.362349596,2.310997315,0.973567286,9,0.8,10,1,4.474,4.381,NCBM
1999-03-17T01:58:10.000000Z,ga1999fhvjvs,150.77,-34.234,8,4.3,mwt,nan,4.600791489,0.275856897,1.633730924,0.508950439,1.006182832,0.611748276,20,0.3,7,1,4.696,4.606,NCBM
1999-04-15T04:55:52.000000Z,ga1999hjhimq,134.044,-19.791,6,5.1,ML,nan,4.634297826,0.254585439,2.80602326,0.47304724,1.159384028,0.3687352,6,0.3,5,1,nan,nan,CBGZ
1999-05-10T10:02:25.000000Z,ga1999jdoqqx,134.017,-19.754,14,4.6,ML,nan,4.430884851,0.196837347,1.371811268,0.658234443,1.154342894,0.623387466,5,0.7,5,0,nan,nan,CBGZ
1999-08-18T11:01:55.000000Z,ga1999qfffyg,138.464,-33.274,19.5,4.3,MLa,nan,4.399771633,0.258377068,2.298499749,0.51992283,1.421046015,0.546873323,8,0.5,12,1,4.354,4.267,NCBM
2000-03-16T13:26:29.000000Z,ga2000fisezh,146.105,-37.478,14,3.8,MLa,nan,3.499362531,0.151473535,4.173677557,0.532576709,4.888446161,2.193781152,15,0.8,12,1,3.758,3.659,NCBM
2000-05-14T12:39:41.000000Z,ga2000jmymov,112.901,-22.977,5,4.7,ML,nan,4.719713591,0.180561722,1.436296653,0.071996431,0.840563237,0.233059539,5,0.5,10,1,nan,nan,EBGZ
2000-08-29T12:05:52.000000Z,ga2000rbibpq,146.29,-38.415,18,4.1,mwt,nan,4.396717034,0.329200564,2.377416929,0.639846558,1.442189749,1.145619763,22,0.7,10,1,4.658,4.565,EBGZ
2000-10-11T19:27:17.000000Z,ga2000ucuxvl,113.066,-19.804,36.2,5.4,mb,5.3,4.894841047,0.173009449,20.29056681,0.297061472,1.660950439,0.518665301,15,0.2,9,1,nan,nan,EBGZ
2000-12-23T07:13:23.000000Z,ga2000zfwpqz,135.801,-7.901,61,6,Mwp,5.8,5.477425995,0.063242203,52.16710622,0.046937372,1.163496431,0.042715471,2,0.03,3,2,nan,nan,
2001-06-14T12:05:14.000000Z,ga2001lpzdhm,138.13,-31.837,18,4,MLa,nan,3.994737361,0.159861157,5.243360297,0.405975944,2.982041551,0.716715023,8,0.8,12,1,4.353,4.261,NCBM
2001-08-21T23:13:03.000000Z,ga2001qlqqpu,145.45,-38.183,5,3.7,Mwt,nan,3.50640586,0.164856363,10.05033406,0.865541761,6.499346732,4.332115028,9,1,15,1,3.806,3.694,EBGZ
2001-09-14T15:18:30.000000Z,ga2001sdciuu,133.879,-19.702,11,4.9,ML,nan,4.501212652,0.229821742,3.603760869,0.852894507,1.468897415,0.536141105,3,0.7,5,0,nan,nan,CBGZ
2001-09-28T02:54:56.000000Z,ga2001tbvwjr,117.061,-30.536,2.3,5.2,ML,nan,4.452169204,0.474167238,1.43404823,0.369310236,1.14318308,0.736292413,3,0.6,5,0,4.759,4.666,CBGZ
2001-10-01T04:52:15.000000Z,ga2001thmycu,117.049,-30.525,0.4,3.8,MLa,nan,3.799473857,0.305895022,0.748974257,0.418277073,1.951781388,1.102584843,10,0.3,8,1,3.716,3.624,CBGZ
2001-10-05T14:55:54.000000Z,ga2001tppvuz,117.056,-30.506,0.8,3.7,MLa,nan,3.89623381,0.263440801,0.504154081,0.121708653,1.530206331,0.726598643,5,0.3,12,1,3.948,3.856,CBGZ
2001-10-19T17:43:23.000000Z,ga2001upnolt,120.593,-33.608,0,5.2,ML,nan,5.036938752,0.123856672,15.43296704,0.266996323,1.287338934,0.588397214,4,0.04,4,1,nan,nan,CBGZ
2001-10-27T07:58:48.000000Z,ga2001vdlztj,143.69,-35.356,16.5,4.2,mwt,nan,4.32721951,0.226070323,8.841459285,0.568841569,2.420531282,1.439014428,18,0.5,6,1,4.729,4.637,NCBM
2001-11-23T03:33:32.000000Z,ga2001xaruxy,148.31,-33.901,4.2,3.8,MLa,nan,3.89638484,0.229022408,0.576054801,0.462741907,1.599464668,0.780648379,17,0.8,10,1,3.958,3.866,NCBM
2001-12-25T00:56:49.000000Z,ga2001zhfwaz,117.069,-30.531,1.2,4,MLa,nan,4.215926172,0.263865053,1.209761792,0.39536847,1.417803376,0.273043365,6,0.5,12,1,4.331,4.243,CBGZ
2001-12-28T16:31:36.000000Z,ga2001znyafg,117.068,-30.533,2.4,4.22,mwt,nan,4.372573258,0.322327875,1.497717755,0.316837732,1.271166682,0.323524201,7,0.2,8,1,4.601,4.518,CBGZ
2002-02-07T12:48:57.000000Z,ga2002cqxjev,143.886,-40.356,10,4.5,ML,nan,4.507401932,0.210084031,1.057313718,0.385349304,0.969124249,0.374414245,6,0.5,9,1,4.525,4.437,NCBT
2002-02-14T13:27:20.000000Z,ga2002dduskz,150.744,-34.524,5,3.5,Mwt,nan,3.575723448,0.167964478,4.539983311,0.507464378,4.604355332,2.664926447,16,0.7,10,1,3.785,3.68,NCBM
2002-03-05T01:47:38.000000Z,ga2002eluifc,117.049,-30.499,0.5,4.46,mwt,nan,4.437631154,0.329391339,1.876563854,0.287639279,1.271504816,0.545102762,6,0.1,12,1,4.843,4.762,CBGZ
2002-03-05T03:29:57.000000Z,ga2002elxsjm,117.062,-30.508,0.4,4.2,mwt,nan,4.216827165,0.366240647,1.537620622,0.340159283,1.534199911,1.103390642,7,0.5,9,1,4.489,4.398,CBGZ
2002-03-23T13:16:22.000000Z,ga2002ftsfnx,117.054,-30.521,1.7,4.39,mwt,nan,4.389604179,0.370211768,1.60536408,0.286144277,1.275659874,0.652097703,10,0.3,12,1,4.594,4.502,CBGZ
2002-03-30T21:15:46.000000Z,ga2002gheeuy,117.049,-30.519,0.8,4.6,mwt,nan,4.663255889,0.296097754,3.810227446,0.512006364,1.241751882,0.813370901,12,0.1,10,1,4.918,4.824,CBGZ
2002-04-18T18:02:07.000000Z,ga2002hpuorb,117.06,-30.533,2.4,3.8,MLa,nan,4.005498563,0.14222933,0.619443374,0.449536995,1.44520812,0.798573001,12,0.5,12,1,3.903,3.804,CBGZ
2002-06-13T18:46:18.000000Z,ga2002loqsak,113.971,-19.46,14.7,4.4,ML,nan,3.969731459,0.193355885,25.73713446,0.529739815,5.215950626,4.249720933,3,0.8,12,1,nan,nan,EBGZ
2002-06-15T21:18:42.000000Z,ga2002lsnfcq,147.425,-42.124,10,4.3,MLa,nan,4.098219348,0.265305025,1.164873724,0.404661482,1.603229688,1.006396464,6,0.8,12,1,3.958,3.869,NCBT
2002-06-23T11:21:12.000000Z,ga2002mglfgw,117.06,-30.543,0.5,3.8,MLa,nan,4.080433958,0.218094359,0.472778243,0.466711057,1.211568535,0.763592333,11,0.4,10,1,3.994,3.902,CBGZ
2002-08-22T21:23:03.000000Z,ga2002qnissd,148.354,-33.865,3,3.6,Mwt,nan,3.885891376,0.229742593,0.468346948,0.486526015,1.5109706,0.71549458,23,0.6,12,1,3.9,3.81,NCBM
2002-09-24T07:42:57.000000Z,ga2002suwnbc,146.083,-38.67,3.4,3.7,Mwt,nan,4.117418905,0.288919188,0.318739505,0.805393294,1.018079399,1.142890147,16,0.6,12,1,3.986,3.892,EBGZ
2002-10-08T15:54:52.000000Z,ga2002tvezgt,115.498,-25.263,5,4.5,ML,nan,4.20265726,0.185060501,3.413936042,0.25572037,2.03439666,0.593679082,8,0.6,8,1,4.562,4.471,EBGZ
2003-08-11T07:04:29.000000Z,ga2003psbhel,147.114,-18.436,5,4.8,ML,nan,4.003666277,0,3.922461128,0,2.679367067,0,1,0.8,10,0,nan,nan,NCBM
2003-11-22T18:36:02.000000Z,ga2003wzzztj,138.729,-31.645,15.83,4.2,MLa,nan,4.033982426,0.180875454,2.409228431,0.582834411,2.199449107,1.466377635,16,0.4,12,1,4.126,4.031,NCBM
2003-12-05T22:26:23.000000Z,ga2003xyebru,126.745,-18.225,0,4.8,ML,nan,4.25008397,0.208695053,9.69980345,0.326958656,2.728295859,1.338601457,8,0.6,6,1,nan,nan,CBGZ
2003-12-11T10:19:20.000000Z,ga2003yigils,150.444,-34.485,5,4.2,ML,nan,4.002711683,0.158631343,4.233984198,0.548655744,2.75152232,1.705653207,25,0.7,12,1,4.179,4.081,NCBM
2004-01-16T15:05:56.000000Z,ga2004bcrxwm,151.275,-25.072,0,4.4,ML,nan,3.796556207,0.142072731,4.786494832,0.625561997,3.634183888,1.545713414,3,0.5,8,1,nan,nan,NCBM
2004-02-11T09:17:58.000000Z,ga2004cxzgxi,129.871,-22.738,12.8,5,ML,nan,4.617357636,0.194384243,2.711172776,0.321645516,1.168743973,0.352751867,12,0.35,10,1,5.006,4.92,CBGZ
2004-02-11T09:30:39.000000Z,ga2004cxzrvm,129.823,-22.68,12.5,5.4,ML,nan,4.878360428,0.235618133,2.009007903,0.465930354,0.783116074,0.324911236,18,0.3,10,1,5.321,5.237,CBGZ
2004-03-05T00:11:29.000000Z,ga2004enmwfu,127.034,-32.472,0,4.4,ML,nan,4.281591836,0.067930911,1.841326748,0.444708401,1.51214524,0.447609342,9,0.6,10,1,nan,nan,CBGZ
2004-11-24T02:42:59.000000Z,ga2004xehpdd,117.472,-30.633,0,4.16,mwt,nan,4.127454579,0.300148376,1.887540277,0.272687825,1.820751138,0.800987733,7,0.5,7,1,4.421,4.325,CBGZ
2005-03-03T10:57:01.000000Z,ga2005eivbwe,139.139,-30.899,21.4,4,ML,nan,3.62917768,0.269738634,0.432785682,0.524524303,1.977794929,0.787190431,8,0.7,5,1,3.61,3.516,NCBM
2005-03-13T02:09:49.000000Z,ga2005famwje,131.644,-26.155,5,4.6,ML,nan,4.626105534,0.17312007,3.437221996,0.65258857,1.252263045,0.619540969,10,0.6,10,1,nan,nan,CBGZ
2005-03-16T01:27:17.000000Z,ga2005ffyqix,117.464,-30.639,2.6,4.2,ML,nan,4.142899446,0.466531571,0.146459382,0.584505216,0.76290152,0.952709905,5,0.6,5,0,3.835,3.745,CBGZ
2005-03-22T19:51:53.000000Z,ga2005fsjpmn,119.61,-21.004,10,4.4,ML,nan,3.67836205,0.289720368,6.204999498,0.439410975,4.540238803,0.796865092,5,1.5,9,0,nan,nan,CBGZ
2005-04-12T12:00:02.000000Z,ga2005heifji,117.005,-30.564,0,4,MLa,nan,3.2796771,0.162365668,0.10143221,0.442606937,1.823472494,0.717661712,14,0.8,8,0,3.13,3.037,CBGZ
2005-05-01T09:43:16.000000Z,ga2005inamfx,117.912,-30.194,2.7,4.1,ML,nan,3.667769018,0.235661559,0.377961651,0.550136353,1.808328003,0.6076386,6,1.2,7,0,3.875,3.782,CBGZ
2005-05-14T19:53:05.000000Z,ga2005jlrdee,139.153,-31,13.7,4.5,ML,nan,4.446698251,0.160893241,3.022757753,0.469327356,1.475019606,0.487466541,19,0.3,8,1,4.503,4.417,NCBM
2005-05-18T23:39:47.000000Z,ga2005jthoaw,119.374,-20.108,25.8,4.6,ML,nan,4.244360749,0.280031003,19.96456551,0.207784712,3.49343004,1.792550509,3,0.7,10,0,4.716,4.624,CBGZ
2005-06-12T10:51:19.000000Z,ga2005lmffvp,117.108,-30.802,2.3,4.3,MLa,nan,3.429944714,0.179105377,1.422908015,0.557305373,3.699125414,1.613165825,6,0.8,12,1,3.663,3.556,CBGZ
2005-06-12T20:36:44.000000Z,ga2005lmyqht,117.03,-30.558,7.6,4.5,ML,nan,3.846494464,0.186134174,1.698846215,0.384850033,2.429311806,0.519958975,5,1.1,10,1,4.28,4.171,CBGZ
2005-09-14T05:12:22.000000Z,ga2005scigmm,134.102,-19.868,10,4.4,ML,nan,4.374414173,0.127772413,2.111744124,0.569391536,1.422391502,0.569850619,5,0.4,6,1,nan,nan,CBGZ
2005-09-21T22:46:41.000000Z,ga2005sqnhek,117.159,-30.148,2,4,ML,nan,4.336191067,0.278351922,0.238752918,0.331662129,0.718731204,0.27375431,5,0.03,5,1,4.234,4.148,CBGZ
2005-09-22T03:52:59.000000Z,ga2005sqxlcz,117.173,-30.126,3,4.1,ML,nan,3.833542094,0.13030171,1.190960854,0.40745445,2.190486527,1.152295586,5,0.5,5,1,4.097,4,CBGZ
2005-09-22T18:34:34.000000Z,ga2005ssaqur,117.159,-30.142,4.5,3.9,MLa,nan,3.509887395,0.072919901,0.484899398,0.45408749,2.356600622,1.206354162,7,0.8,12,1,3.552,3.457,CBGZ
2006-02-04T16:31:57.000000Z,ga2006clrosl,148.183,-37.564,2.2,3.9,MLa,nan,3.778473761,0.247097736,1.020559165,0.535205614,2.216775192,1.040731677,11,0.5,12,1,3.888,3.796,NCBM
2006-05-13T01:04:46.000000Z,ga2006jijzzp,135.723,-27.657,7.1,5.1,ML,nan,4.22768157,0.150563374,3.04515914,0.331806137,1.902720585,0.353440492,4,0.5,7,1,nan,nan,CBGZ
2006-06-06T15:34:09.000000Z,ga2006lboghd,117.44,-25.032,5.5,4.5,ML,nan,4.143530268,0.131283768,1.300397164,0.34709291,1.578602094,0.42048776,9,0.6,8,1,4.455,4.369,CBGZ
2006-07-07T23:48:13.000000Z,ga2006nhcdhy,138.682,-31.381,19.3,4,ML,nan,3.650161707,0.040630828,4.346738791,0.184828045,4.165362455,0.829918467,3,0.8,10,2,3.857,3.765,NCBM
2006-09-29T12:49:47.000000Z,ga2006telhwb,145.01,-44.36,8.5,4.4,ML,nan,4.132028393,0.368784727,0.259830342,0.435917043,0.935179323,0.521379017,5,1,8,0,nan,nan,EBGZ
2006-10-21T09:51:49.000000Z,ga2006uspjwe,149.16,-34.036,15,4.2,ML,nan,3.97236805,0.130503014,3.652939249,0.350409433,2.712538613,0.8784142,8,0.8,5,1,4.237,4.147,NCBM
2006-12-14T17:23:05.000000Z,ga2006yohogj,143.563,-42.791,27,4.4,ML,nan,4.383537572,0.286951841,0.371237405,0.891521854,0.788486497,1.066316024,6,0.6,5,1,4.204,4.107,EBGZ
2007-02-15T15:38:36.000000Z,ga2007dfuukw,113.276,-25.967,18.5,5.3,Mwp,nan,4.57209357,0.096956276,10.88226309,0.220886486,1.956765396,0.494397231,8,0.5,6,1,4.903,4.811,EBGZ
2007-03-08T02:34:11.000000Z,ga2007erjays,145.74,-37.9,9.7,3.5,MLa,nan,3.630694204,0.150512588,2.957811362,0.543599916,3.74675699,1.986996196,16,0.8,12,1,3.91,3.81,NCBM
2007-06-30T14:06:35.000000Z,ga2007mtmtyk,117.157,-30.77,8.4,3.8,MLa,nan,3.179629725,0.077049006,0.477414225,0.209779413,3.428962429,0.801234156,5,1,12,1,3.315,3.213,CBGZ
2007-08-28T15:33:04.000000Z,ga2007qxxmkd,115.942,-35.429,17.9,4.6,ML,nan,4.307247758,0.099676938,5.730908604,0.286091558,2.14353092,0.510177681,8,0.5,8,1,4.598,4.506,EBGZ
2007-09-16T23:18:34.000000Z,ga2007shjsgi,138.523,-31.392,32.5,4.8,ML,nan,4.292858606,0.131331695,12.85934128,0.645466571,2.853137764,1.492174494,14,0.7,7,1,4.521,4.43,NCBM
2007-10-09T23:58:40.000000Z,ga2007txqtbb,117.505,-33.946,0,4.8,ML,nan,4.655502036,0.35862771,0.872455957,0.264786415,0.766494936,0.29118272,5,0.5,8,1,4.843,4.756,CBGZ
2007-11-07T19:10:45.000000Z,ga2007vyngly,114.933,-23.833,0,4.4,ML,nan,3.855981574,0.15395601,1.114810439,0.264879432,2.088119548,0.752942274,7,0.8,7,1,3.931,3.839,EBGZ
2007-11-19T20:01:01.000000Z,ga2007wupqit,143.735,-12.336,24.4,4.8,mb,4.8,4.740255203,0.18103925,1.330812786,0.675311508,0.80030806,0.354088924,10,0.2,8,1,nan,nan,CBGZ
2007-12-26T15:36:11.000000Z,ga2007zkesrx,138.383,-32.086,16.4,4.7,ML,nan,4.454248986,0.172418017,3.263597556,0.472832316,1.500099884,0.704027042,33,0.04,6,1,4.523,4.435,NCBM
2008-03-31T08:27:48.000000Z,ga2008gjweup,112.332,-27.666,17.7,4.4,ML,nan,4.295734315,0.099348994,0.622311381,0.217614185,1.03628981,0.223793495,5,0.5,6,1,4.144,4.065,EBGZ
2008-05-28T04:30:52.000000Z,ga2008kmalrj,122.323,-18.596,0,4.7,ML,nan,3.98569645,0.100265461,1.777079506,0.379800767,2.100873318,0.763139844,5,0.7,10,2,nan,nan,CBGZ
2008-07-09T23:45:20.000000Z,ga2008nmpfma,125.223,-26.034,1.4,4.5,ML,nan,3.879012552,0.137806766,1.092875605,0.349675971,2.020054587,0.682190262,7,0.8,12,1,4.1,4.006,CBGZ
2008-07-29T11:09:20.000000Z,ga2008owirpq,122.11,-14.55,0,4.5,ML,nan,4.413029157,0.180584217,0.311930396,0.403639471,0.71920129,0.367399,6,0.4,4,1,nan,nan,EBGZ
2008-10-23T11:52:05.000000Z,ga2008uygodj,140.656,-32.477,6.6,4,ML,nan,3.403178691,0.007883361,2.059893828,0.071219773,4.315569057,0.274950087,2,1.2,10,2,nan,nan,NCBM
2008-11-16T02:02:18.000000Z,ga2008wpolap,138.729,-31.402,19.2,4.2,ML,nan,3.791365334,0.171800076,4.111238824,0.116701227,3.475260567,0.928993554,3,0.6,10,0,nan,nan,NCBM
2009-01-26T00:29:19.000000Z,ga2009btydgx,139.029,-32.757,10,4.5,ML,nan,4.198452153,0.114536382,4.331912831,0.574981268,2.213160771,0.991864853,19,0.5,10,1,4.519,4.432,NCBM
2009-01-30T17:33:11.000000Z,ga2009ccozby,117.774,-30.212,0,4.1,ML,nan,3.987365007,0.157638415,0.324169415,0.337581302,1.189197478,0.471260391,5,0.4,10,1,4.045,3.952,CBGZ
2009-01-31T08:47:03.000000Z,ga2009cdtgox,117.784,-30.23,2.1,3.8,mwh,nan,4.085583696,0.175135747,0.480584606,0.278103535,1.210999344,0.349567165,6,0.4,10,1,4.163,4.067,CBGZ
2009-01-31T11:55:21.000000Z,ga2009cdzmvt,117.798,-30.215,0,4.4,ML,nan,3.981614745,0.150098816,0.471780577,0.395420449,1.35659991,0.594268053,6,0.7,10,1,4.109,4.019,CBGZ
2009-02-01T00:42:40.000000Z,ga2009ceyybh,117.819,-30.209,0,4,ML,nan,3.750683802,0.134686871,0.201332395,0.400906184,1.332421983,0.604929099,5,0.3,10,1,3.809,3.71,CBGZ
2009-02-01T21:57:40.000000Z,ga2009cgpetk,117.795,-30.214,0,4,ML,nan,3.732831864,0.116045585,0.25746466,0.455377978,1.47628117,0.761864523,5,0.6,10,1,3.817,3.717,CBGZ
2009-03-05T12:53:51.000000Z,ga2009emqkho,117.774,-30.208,0,4,mwh,nan,4.523567217,0.238132465,0.263068461,0.318534439,0.598299248,0.344049257,7,0.04,5,1,4.371,4.282,CBGZ
2009-03-06T01:35:59.000000Z,ga2009enpraz,121.252,-16.314,0,5.1,ML,nan,4.369454261,0.05639069,3.720242684,0.440095909,1.72772956,0.675452973,9,0.4,8,1,nan,nan,CBGZ
2009-03-06T09:55:36.000000Z,ga2009eogfou,145.839,-38.445,14.8,4.4,mwt,nan,4.808082149,0.351565492,0.630665149,0.681521052,0.577082193,0.692470191,21,0.4,10,1,4.727,4.636,EBGZ
2009-03-18T05:28:17.000000Z,ga2009fjybuf,145.822,-38.425,15,4.3,mwt,nan,4.642781077,0.2480237,0.778088981,0.581453211,0.748683658,0.77116208,25,0.4,10,1,4.619,4.527,EBGZ
2009-04-08T05:31:50.000000Z,ga2009gwmlih,116.881,-34.148,0,4.1,ML,nan,3.831928908,0.184506906,1.247378545,0.219953964,2.228678585,0.760061156,5,1,8,1,4.29,4.194,CBGZ
2009-06-25T15:16:49.000000Z,ga2009mkkmbo,117.468,-30.619,0,4.2,ML,nan,3.781777674,0.150910541,0.755390519,0.189382317,1.997625824,0.585848461,4,0.7,10,1,4.112,4.017,CBGZ
2009-08-05T21:43:25.000000Z,ga2009piebhl,137.222,-38.945,30,4.8,ML,nan,4.457340582,0.241873244,0.619529997,0.407495927,0.859072123,0.488907377,9,0.3,7,0,4.41,4.323,
2009-08-12T04:56:54.000000Z,ga2009ptsucv,137.4686,-38.799,10,4.5,ML,nan,4.000273784,0.169284112,2.705713761,0.242551641,2.376673527,0.647859573,5,1,8,1,4.108,4.014,
2010-04-20T00:17:09.000000Z,ga2010hscssm,121.4892,-30.787,1.75,4.1,mwh,nan,4.553963402,0.113827093,2.355275818,0.403553883,1.199622752,0.329502701,9,0.2,5,1,4.758,4.667,CBGZ
2010-06-05T21:47:00.000000Z,ga2010laewrw,136.714,-33.559,15,4.8,ML,nan,4.490957166,0.16470496,1.964456824,0.54043995,1.214175271,0.786729934,20,0.3,5,1,4.887,4.795,CBGZ
2010-07-30T21:29:22.000000Z,ga2010oxdfxj,138.1414,-32.175,10,4.17,ML,nan,3.889603418,0.146059613,1.387067151,0.428340491,2.160611039,0.907942493,13,0.7,9,1,4.088,3.997,NCBM
2010-09-29T09:09:25.000000Z,ga2010tedzyu,143.7524,-29.568,0,4.02,MLa,nan,3.928398285,0.032650721,2.87764808,0.715870477,2.635274677,1.740369193,4,0.7,12,1,4.001,3.916,NCBM
2010-10-10T02:30:18.000000Z,ga2010txvtsj,139.9606,-32.902,0,4.13,ML,nan,4.043865585,0.12779467,1.346433116,0.399157724,1.79118842,0.624166849,11,0.6,10,1,4.108,4.02,NCBM
2010-10-27T14:18:02.000000Z,ga2010vdyonz,143.5944,-29.438,7.32,4.36,ML,nan,4.319807886,0.122859798,2.392692007,0.511171376,1.57907998,0.987490163,17,0.5,10,1,4.44,4.355,NCBM
2011-01-15T00:38:01.000000Z,ga2011aztlcc,136.4669,-33.5729,0.9,3.87,MLa,nan,3.558536454,0.143728556,2.396681195,0.597833878,3.795604908,1.37886696,8,0.8,12,1,3.776,3.678,CBGZ
2011-02-21T21:59:36.000000Z,ga2011drhuaj,135.4195,-20.9034,0.6,4.4,ML,nan,4.299197244,0.196194662,2.780138009,0.629056844,1.699949292,1.128123898,19,0.5,7,1,4.713,4.623,CBGZ
2011-04-16T05:31:18.000000Z,ga2011hlefxk,147.7644,-20.085,7.09,5.3,mwt,nan,5.233709885,0.24261325,3.105656923,0.463547438,0.601462684,0.310476942,21,0.02,5,1,5.74,5.652,NCBM
2011-04-16T07:06:52.000000Z,ga2011hlhkgo,147.6792,-20.1698,0,4.13,MLa,nan,4.12533392,0.17858697,0.939650445,0.100025394,1.446552783,0.306927746,4,0.8,5,1,4.217,4.126,NCBM
2011-04-17T18:41:20.000000Z,ga2011hoadou,113.5252,-19.8029,30,5.31,mb,5.31,5.080559688,0.052996347,30.53778165,0.268326179,1.537016236,0.263608224,8,0.03,7,1,nan,nan,EBGZ
2011-05-20T20:03:29.000000Z,ga2011jwrvkm,119.3321,-23.4596,9.16,4.52,mb,4.52,4.545755565,0.183224358,2.492738997,0.357923874,1.234128242,0.49504942,10,0.8,10,1,nan,nan,CBGZ
2011-07-05T01:32:11.000000Z,ga2011nbskgr,145.8394,-38.412,2.26,4.38,ML,nan,4.406126511,0.26425207,1.027017369,0.549057624,1.078471016,0.885104586,20,0.6,8,1,4.505,4.412,EBGZ
2011-07-14T05:51:36.000000Z,ga2011nsonsu,120.3563,-20.8649,12,4.47,ML,nan,4.369336015,0.077887213,5.035582447,0.523352002,1.9114416,0.82606584,12,0.5,10,1,4.679,4.579,CBGZ
2011-09-04T11:15:11.000000Z,ga2011rklaim,138.7128,-33.0785,2,3.75,MLa,nan,3.715716061,0.134071166,2.096853803,0.14348168,3.029310736,0.525564826,6,0.8,12,1,3.723,3.628,NCBM
2011-09-17T16:28:27.000000Z,ga2011sirvsq,147.7275,-20.1835,5.5,4.04,MLa,nan,4.152727835,0.31533105,2.067335094,0.307015891,1.822995145,0.805064008,4,0.4,10,1,4.306,4.217,NCBM
2011-12-05T19:10:00.000000Z,ga2011xxxolw,114.4155,-21.5135,15,5.08,ML,nan,5.459783056,0.190120899,5.504583971,0.283243837,0.561085583,0.166783076,13,0.03,2,1,nan,nan,EBGZ
2012-03-21T17:07:09.000000Z,ga2012fsednr,136.0006,-28.2314,0,3.94,MLa,nan,3.528816115,0.165010485,0.383119186,0.217870725,2.131649093,0.781150171,7,1.2,12,0,3.873,3.784,CBGZ
2012-03-23T09:25:19.000000Z,ga2012fvghie,132.1244,-26.1242,0,5.1,mwh,nan,5.426946016,0.211122993,0.928012811,0.468772056,0.32190233,0.196406711,40,0.03,4,1,5.345,5.256,CBGZ
2012-03-25T20:53:20.000000Z,ga2012fzunyv,136.8206,-30.3235,0,3.85,MLa,nan,3.673972246,0.130838803,0.249619106,0.261298465,1.563575856,0.511772892,6,0.8,12,1,3.561,3.473,CBGZ
2012-04-19T19:09:16.000000Z,ga2012htoghh,148.6032,-35.2309,4,3.69,MLa,nan,3.667220822,0.238952314,1.196829768,0.655256672,2.657130312,1.426348921,22,0.8,12,1,3.849,3.752,NCBM
2012-06-08T11:31:00.000000Z,ga2012lgtkva,150.4,-30.7477,0,4.1,MLa,nan,4.356776278,0.171786489,1.362352024,0.567891467,1.254259634,0.771720776,17,0.3,10,1,4.399,4.316,NCBM
2012-06-08T11:32:39.000000Z,ga2012lgtkva,150.4,-30.7477,0,4.1,MLa,nan,4.18400134,0.176095341,1.647604019,0.688799195,1.63040719,1.107557818,11,0.3,12,1,nan,nan,NCBM
2012-06-19T10:53:29.000000Z,ga2012maxctf,146.29,-38.259,18,5.14,mwt,nan,5.273825648,0.203973753,1.910291165,0.568282167,0.488426819,0.384653618,44,0.03,10,1,5.531,5.442,EBGZ
2012-06-22T09:16:03.000000Z,ga2012mghbkx,148.6444,-34.1077,14.3086,3.74,MLa,nan,3.791056716,0.116596142,1.61401654,0.567395284,2.545580135,1.347252615,23,0.8,12,1,3.974,3.876,NCBM
2012-07-20T09:11:30.000000Z,ga2012ofrgdr,146.215,-38.231,12,4.32,mwt,nan,4.542196844,0.231082245,1.441708131,0.707758506,1.032459832,0.779609098,35,0.35,10,1,4.576,4.488,EBGZ
2012-11-05T19:31:49.000000Z,ga2012vwsftb,129.0448,-11.5463,39.2974,4.49,mb,4.49,3.928417646,0.122077793,50.27184405,0.522121223,6.837729557,2.943402953,4,0.8,8,1,4.497,4.396,CBGZ
2012-11-28T22:35:22.000000Z,ga2012xneadt,125.9429,-27.7569,0,3.95,MLa,nan,3.991701305,0.067168495,2.429748191,0.611408614,2.315699706,1.105219668,3,0.8,12,1,4.424,4.326,CBGZ
2012-11-29T19:21:18.000000Z,ga2012xothuq,140.6586,-27.7557,5,3.87,MLa,nan,3.999542817,0.214871615,0.753933835,0.427873933,1.553646248,0.957556314,5,0.8,12,1,3.904,3.824,NCBM
2013-06-09T14:22:15.000000Z,ga2013lgzayw,131.994,-26.11,0,5.3,mwh,nan,5.4628624,0.184929637,1.724104738,0.662021633,0.379695823,0.325179171,43,0.04,8,1,5.696,5.607,CBGZ
2013-07-18T11:39:11.000000Z,ga2013oaiytv,133.8849,-19.8206,9.5209,4.21,MLa,nan,4.100815339,0.311087367,2.874016797,0.735055129,2.159904596,2.309836213,4,0.8,12,1,4.421,4.332,CBGZ
2013-10-07T20:15:41.000000Z,ga2013ttrxdk,150.7621,-34.1717,0,3.51,MLa,nan,3.869992147,0.163550865,0.129210797,0.408944089,1.001803779,0.594194846,19,0.8,10,1,3.689,3.591,NCBM
2014-02-26T00:00:07.000000Z,ga2014dyurkb,121.1872,-30.6786,0.0756,4.2,mwh,nan,4.477109589,0.225323192,0.585186533,0.394791915,0.823927725,0.526866175,44,0.07,10,1,4.688,4.594,CBGZ
2014-04-29T09:54:56.000000Z,ga2014ijjknn,139.5405,-32.7959,12.6493,4.1,mwh,nan,4.390053013,0.143841376,3.332342819,0.552998196,1.626431794,0.916754015,24,0.6,10,1,4.733,4.641,NCBM
2014-06-04T02:29:09.000000Z,ga2014kwwubq,137.7095,-29.8668,12.7111,4.64,ML,nan,4.384118998,0.136159308,3.151060123,0.330564119,1.607330558,0.466748174,15,0.5,10,1,4.673,4.589,NCBM
2014-09-26T15:38:16.000000Z,ga2014szdskg,119.5339,-20.0995,10,4.61,mb,4.61,4.197457506,0.079776315,1.451637077,0.406404199,1.53899214,0.40787591,6,0.5,10,1,nan,nan,CBGZ
2014-10-31T19:15:25.000000Z,ga2014vlriii,121.2319,-30.8146,10,4.48,mb,4.48,4.376779786,0.324926874,0.081777387,0.538037556,0.479917943,0.425175004,37,0.08,8,1,4.016,3.923,CBGZ
2014-12-02T16:34:40.000000Z,ga2014xsffza,145.846,-38.418,8.8,3.39,MLa,nan,3.549876455,0.136346115,0.346407794,0.741190853,2.01188643,1.474414428,19,0.7,12,1,3.499,3.405,EBGZ
2014-12-03T19:05:10.000000Z,ga2014xufynv,145.4424,-38.1015,10,3.26,MLa,nan,3.411406465,0.132902656,0.573436374,0.832428021,2.791285873,2.839667813,14,0.8,12,1,3.427,3.332,EBGZ
2015-02-15T15:57:09.000000Z,ga2015dfvkkl,151.4361,-25.1459,12.5,4.8,mwh,nan,5.0948578,0.190043129,2.284915057,0.447234222,0.637099001,0.346293812,38,0.02,10,1,5.402,5.312,NCBM
2015-02-16T05:56:49.000000Z,ga2015dgxfza,151.4593,-25.0536,0,3.99,MLa,nan,3.778984893,0.155703458,7.858596085,0.407889791,4.37490218,1.08364864,8,0.8,12,1,4.117,4.015,NCBM
2015-07-29T23:41:43.000000Z,ga2015ovlxbt,154.411,-25.353,13,5.4,Mwp,nan,5.689275572,0.173464582,0.487753056,0.396057807,0.192061958,0.137215479,38,0.03,6,1,5.441,5.356,
2015-08-01T03:38:45.000000Z,ga2015ozlfce,154.433,-25.383,13,5.3,Mwp,nan,5.601444713,0.250422313,0.379589601,0.425959819,0.195461645,0.128537646,38,0.03,6,1,5.234,5.149,
2015-08-01T04:46:26.000000Z,ga2015oznlkq,154.2735,-25.3761,30,5.11,mb,5.11,5.210076067,0.333104761,0.458590087,0.411378018,0.326675069,0.253222852,29,0.03,6,1,5.006,4.921,
2015-09-17T02:44:55.000000Z,ga2015shqobo,142.4188,-39.8392,10,4.8,mb,4.8,4.412875411,0.364438797,1.210089182,0.691028244,1.130265725,0.91892824,26,0.5,8,1,4.533,4.444,EBGZ
2015-10-07T20:30:11.000000Z,ga2015ttsjqh,121.8877,-17.1917,0,4.45,ML,nan,4.180012774,0.160053664,9.638938813,0.917698453,2.951316766,3.459965647,8,0.4,8,1,4.445,4.345,CBGZ
2015-10-13T06:54:56.000000Z,ga2015udrskb,120.7514,-22.5689,13.286,4,mwh,4.44,4.461533164,0.042502291,1.083180821,0.531347411,1.029942254,0.462388323,8,0.4,10,1,nan,nan,CBGZ
2015-11-03T01:07:44.000000Z,ga2015vpulrr,133.9378,-19.7835,10.8453,3.85,MLa,nan,4.049422531,0.086367117,0.301708077,0.265266655,1.081011176,0.480653691,4,0.8,12,1,3.912,3.824,CBGZ
2016-01-30T17:39:14.000000Z,ga2016ccpehm,149.0798,-35.9102,7.1812,3.58,MLa,nan,3.64506,0.239279035,1.119250136,0.499878563,2.66557878,1.668997856,31,0.8,12,1,3.706,3.608,NCBM
2016-04-28T16:52:44.000000Z,ga2016ijxgog,133.8884,-19.7698,10,3.95,MLa,nan,3.992870846,0.174645591,0.780797785,0.270208644,1.584005086,0.698506275,5,0.6,12,1,4.066,3.966,CBGZ
2016-05-10T09:44:35.000000Z,ga2016jfjuef,118.6896,-16.3973,0,5.29,mb,5.29,4.918516203,0.083620098,5.767798557,0.425542314,1.062733564,0.450390435,13,0.03,8,1,4.835,4.752,EBGZ
2016-05-20T18:14:02.000000Z,ga2016jyjxze,129.8322,-25.5792,0,6.1,Mwp,nan,5.939646593,0.286263083,6.868489975,0.521297636,0.347650558,0.329104006,82,0.03,7,1,6.063,5.971,CBGZ
2016-05-21T08:46:18.000000Z,ga2016jzmvqc,129.8367,-25.6007,0,4.09,MLa,nan,4.009253463,0.115484528,1.744166224,0.342854993,2.031959416,0.63105531,6,0.8,12,1,4.312,4.215,CBGZ
2016-05-28T15:30:26.000000Z,ga2016kmwiau,122.4661,-32.4966,0,4.95,ML,nan,5.012588602,0.162235485,1.354777846,0.367193728,0.588402079,0.326911083,22,0.02,10,1,5.003,4.91,CBGZ
2016-05-28T16:38:44.000000Z,ga2016kmyoxb,122.4381,-32.4599,0,5.1,ML,nan,5.047253647,0.187070118,2.147588211,0.385873895,0.659228515,0.281563975,20,0.02,10,1,5.381,5.292,CBGZ
2016-06-07T00:02:19.000000Z,ga2016leavbj,152.5031,-33.5018,0,4,ML,nan,4.016914451,0.119632964,0.485223018,0.474716408,1.314828301,0.734185971,12,0.8,8,1,4.2,4.103,EBGZ
2016-06-08T02:01:09.000000Z,ga2016lgamis,122.493,-32.5055,0,4.35,MLa,nan,4.254165629,0.103146635,2.046607843,0.38502629,1.616619702,0.839467661,7,0.8,12,1,4.616,4.534,CBGZ
2016-06-19T01:54:09.000000Z,ga2016maffzo,136.4501,-35.9162,10,4.5,ML,nan,4.220594586,0.121005618,3.624460304,0.508543449,2.032963714,1.796236516,9,0.5,10,1,4.749,4.652,EBGZ
2016-07-08T09:40:50.000000Z,ga2016njrmwh,122.5108,-32.4576,0,5.59,ML,nan,5.177999076,0.144976672,5.793448274,0.453411166,0.789451239,0.331994979,23,0.02,10,1,5.856,5.771,CBGZ
2016-07-14T10:08:55.000000Z,ga2016nusuiu,122.433,-32.5355,0,4.22,MLa,nan,4.076163903,0.193976338,3.565548038,0.413150398,2.387660728,1.341022024,9,0.6,12,1,4.486,4.395,CBGZ
2016-07-16T11:44:49.000000Z,ga2016nynkte,122.4355,-32.5007,0,3.96,ML,nan,3.825633581,0.194082015,4.744814413,0.524269356,3.504306547,2.729129639,7,0.8,12,1,4.261,4.165,CBGZ
2016-08-13T15:31:13.000000Z,ga2016pyfgmi,152.8669,-23.8209,10,4.41,ML,nan,4.769202328,0.172593997,0.224813647,0.496156651,0.427909765,0.300118315,48,0.04,5,1,4.712,4.628,EBGZ
2016-08-18T04:30:07.000000Z,ga2016qgnzey,148.8628,-19.768,0,5.8,Mwp,nan,5.85674945,0.153193795,14.9961135,0.591512319,0.496170171,0.371583001,82,0.03,5,1,6.216,6.131,NCBM
2016-09-05T16:23:37.000000Z,ga2016romrwq,122.2198,-32.4185,0,4.21,ML,nan,3.931724507,0.091585183,3.433618019,0.555865857,2.784416574,1.121622459,12,0.6,12,1,4.408,4.304,CBGZ
2016-11-06T09:54:31.000000Z,ga2016vxuvdr,127.9866,-19.1059,10,5.07,ML,nan,4.843188743,0.17255412,4.046259106,0.584244791,1.029838987,0.885182453,25,0.4,10,1,5.398,5.317,CBGZ
2017-01-03T15:30:19.000000Z,ga2017aewhlh,118.4554,-30.6094,10,4.18,ML,nan,3.816048651,0.161960721,1.043991859,0.268843028,2.139047929,0.537749821,7,0.5,10,1,4.213,4.118,CBGZ
2017-01-31T19:40:15.000000Z,ga2017ceoxls,146.2254,-38.455,10,3.45,MLa,nan,3.624124378,0.132863613,0.451781295,0.635700158,2.018024172,1.409214242,27,0.8,12,1,3.628,3.533,EBGZ
2017-04-04T03:55:53.000000Z,ga2017gpajda,128.9391,-25.9025,10,3.97,MLa,nan,3.834161398,0.083620544,1.356657596,0.201180343,2.286064724,0.560543269,4,0.8,12,1,4.003,3.918,CBGZ
2017-04-13T16:31:05.000000Z,ga2017hgmxvb,148.9557,-33.4639,0,4.27,ML,nan,4.311915116,0.306794652,0.489714606,0.38615211,0.939080015,0.489619009,34,0.35,7,1,4.362,4.274,NCBM
2017-05-15T19:12:42.000000Z,ga2017jnlngh,123.5876,-27.1668,10,3.9,MLa,nan,3.788603682,0.115285538,1.959141351,0.407109395,2.723114401,0.986738483,7,0.8,12,1,4.146,4.054,CBGZ
2017-08-06T04:21:50.000000Z,ga2017pirgpw,128.0179,-19.1337,10,4.97,ML,nan,4.822441305,0.16925314,2.619699677,0.398517067,0.912449814,0.49683488,27,0.25,10,1,5.25,5.167,CBGZ
2017-08-31T08:07:10.000000Z,ga2017rcvwum,117.215,-30.4605,10,3.87,MLa,nan,3.831076404,0.277857682,0.582175715,0.3088426,1.730449636,0.620557294,8,0.6,8,1,3.936,3.84,CBGZ
2018-01-24T02:28:20.000000Z,ga2018bqkqbr,153.0258,-30.6453,10,4.23,ML,nan,4.259656745,0.128816288,1.809922153,0.467503341,1.541951558,0.822700481,17,0.5,8,1,4.416,4.329,NCBM
2018-05-12T00:50:56.000000Z,ga2018jgnveu,139.3305,-28.7981,10,4.09,MLa,nan,4.036952734,0.115938808,1.657853704,0.44349792,1.935165763,0.790696525,17,0.5,10,1,4.273,4.184,CBGZ
2018-06-20T02:54:32.154000Z,ga2018mahejo,122.4235687,-32.66796494,10,4.6594319,ML,5.07936935,4.644455164,0.052501507,1.379817336,0.262716913,0.904465671,0.195437329,16,0.3,12,1,4.853,4.775,CBGZ
2018-07-01T02:27:40.759000Z,ga2018mulipo,136.6786346,-33.6055603,10,3.72191545,ML,4.17258938,3.534160663,0.139685312,1.623797583,0.590187713,3.428541702,1.589707348,20,0.8,12,1,3.764,3.665,CBGZ
2018-07-22T02:46:01.508000Z,ga2018ohacqd,148.9633636,-33.47355652,10,3.82650506,ML,nan,3.683854578,0.130389706,0.637512197,0.397476451,2.113073877,0.940860514,22,1.2,12,1,3.765,3.667,NCBM
2018-09-10T21:55:20.741000Z,ga2018rwgpgw,122.615387,-12.83352947,18.48936844,4.7884784,mb,4.7884784,4.064756231,0.234236034,2.231183971,0.615750628,2.069249293,1.771977011,25,0.8,8,1,4.223,4.131,EBGZ
2018-09-14T21:51:47.119000Z,ga2018sdphry,150.8257294,-32.33989716,1.03484511,3.51689081,ML,3.94002447,3.586252416,0.153539787,0.379887716,0.421170425,1.989625535,0.950610893,20,0.8,10,1,3.499,3.407,NCBM
2018-09-16T04:56:24.116000Z,ga2018sfzeme,116.78,-34.43,1.72017396,5.25264889,Mw,5.2360801,5.362237226,0.280597318,4.577746792,0.474033552,0.590352101,0.417263321,49,0.09,5,1,5.539,5.451,CBGZ
2018-09-20T22:20:04.975000Z,ga2018soqjir,116.825676,-34.41537094,8.10070705,3.68956978,ML,4.15449386,3.723630977,0.176260735,0.155622318,0.190015952,1.261501027,0.536361941,7,1,10,0,3.532,3.43,CBGZ
2018-10-12T16:31:29.048000Z,ga2018ucpciy,116.7873306,-34.42316055,5.76605177,4.64511297,ML,5.04720756,4.562742364,0.185724797,1.903568717,0.67596641,1.106192752,0.633777216,21,0.3,8,1,4.479,4.386,CBGZ
2018-11-08T10:59:09.528000Z,ga2018vzsrsz,116.7987671,-34.42027664,3,3.81354812,ML,3.91984968,3.690134613,0.190176895,0.816254665,0.858389355,2.278000017,1.301570008,7,0.6,10,1,3.582,3.477,CBGZ
2018-11-08T21:07:00.006000Z,ga2018wamvnf,116.7873306,-34.42316055,3.01950908,5.20321735,Mw,nan,5.475913861,0.291187646,2.790449366,0.356245939,0.43915071,0.225219348,51,0.06,5,1,5.305,5.208,CBGZ
2018-11-21T15:58:50.991000Z,ga2018wxzblb,136.8457489,-33.36133957,10,3.66149028,ML,4.2653222,3.622339362,0.193798935,1.343853482,0.553064357,2.908216697,1.517009913,28,0.7,10,1,3.777,3.681,CBGZ
2018-12-16T14:26:21.333000Z,ga2018yrtdrs,112.6228561,-23.30430031,10,5.85092492,Mw,5.71168794,5.955117208,0.236456895,16.14151701,0.399060789,0.454048225,0.37122866,45,0.05,5,1,6.194,6.101,EBGZ
2019-01-13T19:43:09.047000Z,ga2019axnyeq,118.5169907,-33.95681763,10,3.58729367,ML,nan,3.132868548,0.086955726,1.13184177,0.729435155,4.825105005,3.362245958,10,1.5,10,1,3.406,3.3,CBGZ
2019-02-01T08:28:19.788000Z,ga2019cfojhl,113.3016357,-24.50074196,10,4.40320787,ML,4.83721176,4.361485902,0.2642226,8.361391208,0.419923211,2.283997902,1.442894082,27,0.4,10,1,4.539,4.447,EBGZ
2019-05-30T02:26:50.969000Z,ga2019knsbtf,131.8587646,-21.28147316,10,5.39990724,ML,5.63173827,5.1559739,0.221634287,7.413600428,0.510105947,0.879093858,0.524846622,168,0.04,10,1,5.62,5.531,CBGZ
2019-05-30T07:38:53.830000Z,ga2019kockqs,131.9233704,-21.32752419,10,4.33065809,ML,4.80943421,4.183233043,0.172114383,8.370365965,0.632408283,2.805287853,1.801972731,111,0.6,10,1,4.698,4.597,CBGZ
2019-06-20T14:30:09.393000Z,ga2019mbehlj,119.3349304,-33.1002388,10,4.25498033,ML,4.46142494,3.789767322,0.125557094,1.348636024,0.269094445,2.401192962,0.689545825,6,1.3,10,1,4.198,4.105,CBGZ
2019-06-23T13:47:23.980000Z,ga2019mgqbes,120.0310593,-30.72055244,10,3.76766514,ML,3.7144958,3.558353316,0.110895456,1.917060958,0.317679243,3.524096459,1.192713879,7,0.9,19,1,3.874,3.777,CBGZ
2019-07-14T05:39:24.991000Z,ga2019nsodfc,120.2946854,-18.26223373,20,6.55122597,Mww,6.35791224,6.565110015,0.195280111,19.83084096,0.311260167,0.240937559,0.103929653,57,0.01,7,1,6.771,6.684,CBGZ
2019-07-14T05:59:17.928000Z,ga2019nsoujd,120.637558,-18.74501228,11.24637032,4.50308774,ML,5.22707156,4.852975532,0,3.832003408,0,1,0,8,1,12,0,4.005,3.891,CBGZ
2019-07-14T06:03:15.831000Z,ga2019nsoxln,120.637558,-18.74501228,11.24637032,4.50308774,ML,5.22707156,4.251583062,0.164625895,2.711401497,0.523890971,1.78081532,1.262481893,44,1,10,0,4.408,4.311,CBGZ
2019-07-14T07:26:37.287000Z,ga2019nsrrqq,120.42556,-18.20709038,15.75727749,4.55249728,ML,5.20124566,4.559575065,0.217018444,6.089890129,0.505585602,1.635917597,1.025930706,54,0.5,10,1,4.9,4.808,CBGZ
2019-07-14T21:33:54.935000Z,ga2019ntttsx,120.5684814,-18.36467743,21.91589737,4.36465236,ML,5.01291009,4.447346222,0.179178634,2.902849261,0.509865896,1.454166675,0.902811366,50,0.25,10,1,4.636,4.542,CBGZ
2019-07-14T23:01:36.282000Z,ga2019ntwrhw,120.2814636,-18.28185654,10,4.72501892,Mw,5.50426372,5.148714889,0.141454118,9.81643689,0.417344964,0.973433569,0.419804514,56,0.04,10,1,5.619,5.535,CBGZ
2019-07-17T10:20:12.812000Z,ga2019nykpwb,120.3633499,-18.52585411,21.46323967,4.42296652,ML,4.9802334,4.227683654,0.182717468,4.717642636,0.483913698,2.201636704,1.081433147,43,0.6,10,1,4.558,4.463,CBGZ
2019-07-25T19:06:13.545000Z,ga2019ontweu,120.2585831,-18.26270294,10,4.48567601,ML,4.99281615,4.41115295,0.17740563,4.106059801,0.539430851,1.701810058,0.90078556,52,0.4,10,1,4.74,4.648,CBGZ
2019-08-01T01:22:15.845000Z,ga2019ozgrmh,133.849,-19.822,5,4.98775771,Mw,5.19336681,5.181415704,0.244200319,3.995160302,0.457345474,0.69472995,0.38534863,181,0.04,8,1,5.602,5.515,CBGZ
2019-08-01T16:49:18.002000Z,ga2019palktq,117.5561371,-34.69829941,10,3.82625022,ML,4.28698067,3.482149352,0.177878319,0.66096903,0.392537453,2.697728034,1.110456155,7,0.7,8,1,3.749,3.646,CBGZ
2019-08-01T23:03:57.005000Z,ga2019paxvfc,120.2637711,-18.28358841,10,4.75469771,ML,5.36735619,4.619413293,0.13463634,9.937866712,0.424810377,1.797781388,0.864183071,52,0.3,10,1,5.074,4.981,CBGZ
2019-08-12T19:11:47.373000Z,ga2019puvcuy,120.5794525,-21.41424179,10,4.61978938,ML,4.76116766,4.174185888,0.172212798,5.920087937,0.505626163,2.525586492,1.170354779,51,0.4,10,1,4.614,4.513,CBGZ
2019-08-18T11:38:41.661000Z,ga2019qfglqd,151.8996429,-20.95031929,10,4.52018142,ML,4.72395036,4.477310338,0.087382498,1.002304023,0.776811242,0.985576772,0.825749269,5,0.3,6,1,4.495,4.404,NCBM
2019-08-31T21:00:25.481000Z,ga2019rdvncw,134.3556671,-35.36056519,10,3.96501976,MLa,4.35121919,4.151366035,0.215082314,0.874763578,0.471984497,1.370754512,0.845517494,50,0.6,8,1,4.197,4.111,EBGZ
2019-09-11T09:01:00.956000Z,ga2019rxcqxd,127.4865189,-23.52555084,10,4.03965206,MLa,nan,3.949738801,0.192392046,2.176972369,0.599023698,2.342937531,1.782355459,61,0.4,12,1,4.166,4.071,CBGZ
2019-12-16T04:27:39.851000Z,ga2019yqzhvl,150.890274,-32.32577515,10,3.75081554,ML,nan,3.825267976,0.12578547,0.701301309,0.485837469,1.853588669,1.174136527,11,1.2,10,1,3.851,3.756,NCBM
2019-12-16T05:29:42.159000Z,ga2019yrbjfq,150.835968,-32.34764862,10,4.3513545,ML,nan,4.569641014,0.25584916,0.436156955,0.415687417,0.671541564,0.423169172,33,0.04,8,1,4.502,4.413,NCBM
2020-04-15T07:11:04.955000Z,ga2020hlhnxn,148.7121429,-19.87002563,10,4.97527069,ML,nan,4.941315091,0.210267363,1.007892691,0.533658247,0.578752691,0.437723323,28,0.03,6,1,5.072,4.982,NCBM
2020-05-02T17:48:38.026000Z,ga2020iriaiq,150.8701172,-32.34958267,10,3.90431618,ML,nan,3.8633479,0.141747196,0.869465619,0.509352481,1.905852672,1.290934529,18,0.55,8,1,3.991,3.896,NCBM
2020-05-14T05:53:34.681000Z,ga2020jmlaqc,138.8015442,-33.71071243,10,4.3144191,MLa,nan,4.22750554,0.191810083,2.736599593,0.602426497,1.836524755,1.394712731,36,0.5,12,1,4.474,4.384,NCBM
2020-08-23T03:00:52.164000Z,ga2020qppqrr,146.2671661,-20.98827553,10,4.78025648,ML,nan,4.579538582,0.213259038,2.662434438,0.538365253,1.21339673,0.87605375,18,0.4,10,1,4.928,4.837,NCBM
2020-09-25T14:28:55.023000Z,ga2020szbkji,150.6940308,-30.57366371,10,3.5913622,ML,nan,3.664835787,0.079914752,1.384348421,0.589889795,2.796896405,1.435942621,14,0.9,8,1,3.711,3.618,NCBM
2020-09-29T12:11:42.641000Z,ga2020tgftxc,117.1850052,-21.32128716,10,4.04514713,MLa,nan,4.222354904,0.124916316,2.250910829,0.066017939,1.73096299,0.180859945,3,0.6,12,1,4.54,4.451,CBGZ
2021-01-29T19:47:55.945000Z,ga2021caxsis,121.8011627,-13.95501137,10,5.57672926,Mw,5.7657236,5.565350855,0.210342022,4.570349607,0.3766888,0.467003552,0.196960346,26,0.03,4,1,nan,nan,EBGZ
2021-02-07T09:41:31.404000Z,ga2021cqrdrt,150.8415985,-32.3411026,0.70630425,3.5092449,ML,3.54125106,3.738219618,0.132197786,0.282707546,0.41200482,1.513613973,0.639130575,18,0.8,12,1,3.618,3.526,NCBM
2021-03-12T13:57:43.064000Z,ga2021ezopso,129.4467163,-22.30257416,10,4.24131604,ML,nan,4.194436069,0.187425499,1.327885353,0.541124524,1.49915992,0.928732768,47,0.9,10,1,4.348,4.26,CBGZ
2021-06-22T19:09:41.451000Z,ga2021mffacg,143.5796661,-38.90559006,10,3.64427479,ML,nan,4.027762942,0.18976678,0.155615618,0.410226622,0.888823223,0.566373597,10,0.5,5,1,3.834,3.753,EBGZ
2021-06-24T06:57:02.751000Z,ga2021mhyeok,120.1802902,-18.32783318,10,5.11539994,Mw,5.60608662,5.096270119,0.284762954,9.072467059,0.464227106,1.007208103,0.828126675,31,0.03,5,1,5.393,5.308,CBGZ
2021-06-24T18:30:26.389000Z,ga2021mivear,141.6354065,-31.5410347,10,3.58385546,ML,nan,3.811958343,0.170458869,3.506509745,0.585571481,3.218535589,1.788331189,65,0.6,8,1,3.924,3.833,NCBM
2021-06-26T22:12:14.518000Z,ga2021mmtyxy,113.8629837,-22.95962143,10,4.70659098,ML,5.22975188,4.696509458,0.19483374,2.571242709,0.34570709,1.048267447,0.655687341,22,0.1,6,1,4.912,4.825,EBGZ
2021-07-19T08:12:48.073000Z,ga2021obxvvc,117.2765732,-30.95134926,5,3.51038856,ML,nan,3.444593062,0.231536889,0.22437942,0.608643715,1.96506512,2.053819737,17,0.7,8,1,3.236,3.135,CBGZ
2021-09-21T23:15:53.776000Z,ga2021sqogij,146.3478699,-37.49168396,10,5.86849626,Mw,5.83185068,5.956304089,0.198808875,17.22121605,0.442601245,0.463320694,0.28162995,68,0.03,5,1,6.324,6.238,NCBM
2021-09-21T23:33:38.777000Z,ga2021sqovqr,146.2875366,-37.47331619,11.11868954,4.07165844,ML,4.50141071,4.239346349,0.130609705,0.939441718,0.324306828,1.268515886,0.565902972,16,0.9,8,1,4.229,4.144,NCBM
2021-10-08T16:47:26.216000Z,ga2021tvgsoo,141.0533,-35.4862,10,4.81305843,ML,5.00324868,4.917031819,0.212362461,1.475816983,0.515721415,0.675835078,0.487280403,108,0.03,8,1,4.956,4.873,NCBM
2021-11-13T13:05:52.663000Z,ga2021wjbnip,119.8416,-21.1301,35,5.32347935,Mw,5.69924278,5.028201631,0.279527365,41.82396321,0.521308278,1.812953714,1.59067509,55,0.03,6,1,5.578,5.484,CBGZ
2022-01-05T11:37:01.343000Z,ga2022aigaei,117.0198517,-33.34041214,6.94343853,3.99061331,ML,nan,3.870695872,0.321770518,0.163150677,0.394670022,1.081917539,0.715703281,19,0.4,5,1,3.835,3.73,CBGZ
2022-01-22T07:40:49.206000Z,ga2022bndnpd,117.0591278,-33.3127594,8.30578518,3.75466481,ML,nan,3.724798312,0.254440105,0.403166459,0.477110663,1.730247031,0.919304073,20,0.4,10,1,3.722,3.624,CBGZ
2022-01-22T07:57:32.304000Z,ga2022bnebzv,117.0443344,-33.3227272,9.69913387,3.50808459,ML,nan,3.527970097,0.222662291,0.244792587,0.662395746,1.837779951,1.27725684,24,0.6,10,1,3.533,3.436,CBGZ
2022-01-24T21:24:47.666000Z,ga2022brwhkb,117.0213,-33.3494,1.9,4.75257696,ML,nan,4.489664424,0.281269226,1.101834257,0.344596705,1.00281083,0.483557625,28,0.05,8,1,4.701,4.606,CBGZ
2022-01-24T21:50:09.468000Z,ga2022brxdgl,117.0271149,-33.33148193,5,3.51562546,ML,nan,3.590409596,0.208811056,0.290330147,0.484407223,1.81038823,0.890991423,23,0.6,10,1,3.562,3.465,CBGZ
2022-02-01T10:41:03.626000Z,ga2022cfstsd,117.0341263,-33.34535599,5,4.25975701,ML,nan,4.054245114,0.2195165,0.2234337,0.352793874,0.972611662,0.472314846,20,0.1,8,1,4.085,3.99,CBGZ
2022-03-05T20:50:08.501000Z,ga2022engesz,138.8569,-35.0981,26.1,3.67978346,ML,nan,3.697644306,0.164210893,3.431839146,0.510943607,3.645014771,2.326274096,21,0.6,7,1,3.922,3.828,NCBM
2022-07-02T13:01:59.499000Z,ga2022mxcccc,121.2898026,-30.66849518,10,3.51530194,ML,nan,3.591424124,0.174963106,0.621727498,0.417319412,2.330775445,1.326719015,23,1,10,1,3.716,3.621,CBGZ
2022-07-24T14:21:39.582000Z,ga2022oloscs,130.0454407,-17.06973076,10,4.15950259,ML,nan,4.198462729,0.212754831,1.841545727,0.61030719,1.664084115,1.535475714,25,0.4,10,1,4.483,4.389,CBGZ
2022-08-21T04:37:01.042000Z,ga2022qkfqvg,117.0684809,-30.83329033,5.01238726,4.3519093,ML,nan,4.3126341,0.191566801,1.00185417,0.529305048,1.191142144,0.71342781,18,0.1,7,1,4.485,4.39,CBGZ
2022-10-26T19:22:43.284000Z,ga2022vcmyib,134.5755463,-12.32723713,10,4.10365042,ML,nan,3.910648927,0.188974261,2.353100163,0.626983593,2.515174639,1.634102142,13,0.8,10,1,4.32,4.221,CBGZ
2022-11-04T22:45:47.957000Z,ga2022vthdlu,148.8685303,-34.34418106,3.01862669,3.99155628,ML,nan,3.993004148,0.159765994,0.623611755,0.466985146,1.469428621,1.037243876,28,0.3,10,1,4.047,3.956,NCBM
2022-11-21T10:05:07.001000Z,ga2022wxniqe,123.4449844,-17.61831474,10,4.30544534,ML,nan,4.467711445,0.157871109,3.385793557,0.659107671,1.495237703,1.287427427,31,0.2,8,1,4.593,4.498,CBGZ
2022-11-23T07:24:06.741000Z,ga2022xazlrn,120.808197,-27.71071815,10,3.97813379,ML,nan,3.82559483,0.160434698,1.445969933,0.6447662,2.358313172,1.640517635,30,1,12,1,4.239,4.145,CBGZ
2022-12-11T14:34:49.181000Z,ga2022yiouyy,125.9933701,-31.72974968,10,4.64633172,ML,nan,4.527159039,0.167038092,3.094433153,0.671792047,1.355064559,0.933122612,111,0.5,8,1,5.081,4.993,CBGZ
2022-12-27T23:10:56.021000Z,ga2022zmpnoh,139.590744,-38.0320549,10,3.83298129,ML,nan,3.874101974,0.134627171,1.123219006,0.398612952,2.050137384,0.846897619,19,0.8,10,1,4.031,3.932,EBGZ
2023-01-05T05:12:18.758000Z,ga2023ahtgqs,118.3057861,-33.77495956,5,4.53027926,ML,nan,4.252074428,0.261892928,1.697132215,0.549524888,1.52246441,0.995249333,121,0.4,8,1,4.607,4.51,CBGZ
2023-02-05T00:39:57.733000Z,ga2023cmhtgf,117.0835648,-33.36898804,5.59447384,4.10779838,ML,nan,4.239359938,0.315845677,0.865316397,0.61949046,1.234214979,1.026959946,114,0.2,10,1,4.336,4.237,CBGZ
2023-03-22T23:23:09.124000Z,ga2023fsqpnw,139.5921173,-32.78533173,8.7669878,4.72017277,ML,nan,4.385555915,0.121382808,7.66850836,0.502614094,2.158430876,1.099274893,43,0.5,10,1,4.799,4.705,NCBM
2023-04-17T09:02:57.386000Z,ga2023hngzeb,120.23349,-18.13127327,10,4.69268914,Mw,nan,5.013966861,0.281852002,37.86901437,0.699310582,1.782886544,1.421254351,113,0.2,8,1,5.23,5.137,CBGZ
2023-05-12T18:20:10.079000Z,ga2023jhwpkg,120.1839447,-18.20827293,10,4.16722795,ML,nan,4.072935887,0.190420595,2.190214227,0.542838221,2.037229981,1.118320433,12,0.9,10,1,4.274,4.181,CBGZ
2023-05-28T13:41:51.652000Z,ga2023kkwzpi,144.8484344,-37.55506134,2.02451205,3.84561155,ML,nan,3.946442651,0.198016132,1.728473973,0.476589423,2.177770413,1.561104945,32,0.6,10,1,3.964,3.875,NCBM
2023-06-07T12:13:06.231000Z,ga2023lddhxf,147.0039215,-16.76450348,9.87401295,4.23642048,ML,nan,4.569151313,0.120437754,0.294911736,0.421728093,0.589749389,0.221788441,14,0.03,5,1,4.273,4.176,EBGZ
2023-06-29T15:32:43.482000Z,ga2023mrtxhp,146.312973,-37.50204468,7.44275332,4.5803744,ML,nan,4.495890249,0.19400054,2.822911696,0.601130308,1.362384761,1.080337172,50,0.4,8,1,4.684,4.598,NCBM
2023-07-12T14:08:31.784000Z,ga2023npnogk,122.4006424,-32.55060959,10,3.57530034,ML,nan,3.488241589,0.226483032,9.332416982,0.684288567,6.474750753,3.648906114,64,1,15,1,3.993,3.888,CBGZ
2023-08-05T21:34:42.237000Z,ga2023pidtuh,118.2907791,-33.80443192,5,4.96665012,Mw,nan,5.016863893,0.232441564,7.610354297,0.602004696,1.040835627,0.707681385,125,0.03,6,1,5.566,5.473,CBGZ
2023-09-02T08:49:10.208000Z,ga2023rgostj,117.0568695,-33.34043503,5,3.582101,ML,nan,3.780896844,0.221836424,0.698526811,0.611551084,1.948162034,1.364043366,87,0.5,12,1,3.878,3.776,CBGZ
2023-09-08T14:25:03.988000Z,ga2023rsafen,150.7327881,-34.15309906,2.38602567,3.5399159,ML,nan,3.784816093,0.328150472,0.227228981,0.430355429,1.33380497,1.15573038,17,0.8,9,1,3.542,3.445,NCBM
2023-10-21T15:11:07.680000Z,ga2023uszzah,143.5066528,-38.69179535,10,4.72569252,Mw,nan,5.058416178,0.225297474,0.850410596,0.410585804,0.477911267,0.245757457,72,0.03,6,1,5.078,4.995,EBGZ
2023-10-21T18:44:29.333000Z,ga2023uthawn,143.5280914,-38.6981926,10,3.5591672,ML,nan,3.338162619,0.103023676,0.265296375,0.304250863,2.348775995,0.893164931,7,1,10,1,3.302,3.208,EBGZ
2023-10-23T02:17:37.660000Z,ga2023uvrufo,143.5210419,-38.7157135,10,3.71616928,ML,nan,3.799533247,0.183892095,0.191521744,0.536845121,1.238754398,0.936153108,10,0.8,8,1,3.732,3.646,EBGZ
2023-10-24T12:38:04.991000Z,ga2023uyibtz,147.1536102,-29.1205368,10,3.91437764,ML,nan,3.893754801,0.161803595,5.352236356,0.543217255,3.372719042,2.498699226,21,0.8,10,1,4.021,3.929,NCBM
2024-01-07T03:37:12.363000Z,ga2024alhomu,127.5232697,-17.41468811,10,4.02581445,ML,nan,4.176580895,0.168493069,1.310784663,0.598570251,1.523698853,1.160218532,21,0.35,7,1,4.438,4.346,CBGZ
2024-01-14T04:46:24.137000Z,ga2024ayfygy,129.5884705,-27.10011101,10,3.68722541,ML,nan,3.44709751,0,1.358406237,0,3.571140507,0,1,1.2,15,0,3.844,3.746,CBGZ
2024-01-15T12:03:20.377000Z,ga2024baqdfq,138.6737213,-33.15229034,5,3.5507283,ML,nan,3.588713752,0.102885263,2.9082962,0.554868858,3.910225529,2.092604933,10,1,10,1,3.648,3.549,NCBM
2024-02-08T13:49:37.456000Z,ga2024csvciy,145.9987335,-38.55813599,10,4.3549784,MLa,nan,4.665992782,0.256595442,0.300470529,0.505632312,0.530823377,0.446528995,42,0.03,8,1,4.391,4.305,EBGZ
2024-02-10T10:20:11.356000Z,ga2024cwfpqv,117.0689392,-33.39330673,5.57184124,3.61392464,MLa,nan,3.712986699,0.152927839,0.131285716,0.381342188,1.206678608,0.480144733,7,0.5,10,1,3.628,3.54,CBGZ
2024-02-22T02:41:57.918000Z,ga2024drrdjb,121.1770935,-30.7330513,5,3.58443833,MLa,nan,3.536483488,0.19374516,0.468051815,0.486720194,2.258752803,1.197402332,10,1.5,12,1,3.689,3.592,CBGZ
2024-02-23T04:53:11.144000Z,ga2024dtrfhv,134.0563507,-19.84101105,10,3.70357812,MLa,nan,3.892508612,0.199227327,1.331084383,0.507518991,2.124026972,1.331889558,11,0.7,10,1,4.105,4.015,CBGZ
2024-02-27T16:04:09.925000Z,ga2024ebwkds,128.2914886,-16.71381378,10,4.16445692,MLa,nan,4.222286103,0.218835724,1.613419545,0.526505082,1.549239366,0.980242786,24,0.4,12,1,4.521,4.429,CBGZ
2024-03-08T09:53:12.547000Z,ga2024ettidu,150.4825745,-33.88016891,6.62210417,3.53705709,MLa,nan,3.518402422,0.126805218,1.923010044,0.43625064,3.693786396,1.378606068,21,0.8,12,1,3.583,3.483,NCBM
2024-03-20T10:07:43.103000Z,ga2024fpunfl,146.3418121,-37.4887619,5.68709278,3.46750228,MLa,nan,3.408622387,0.086421522,0.733111451,0.325221578,3.039190653,1.035624156,10,0.9,8,1,3.43,3.333,NCBM
2024-04-17T06:36:31.571000Z,ga2024hoxvwu,138.6252441,-33.14629745,5,4.09217778,MLa,nan,4.065229414,0.17647287,2.160475513,0.44110201,2.04604044,0.891825101,23,0.6,10,1,4.224,4.129,NCBM
2024-05-22T20:41:54.476000Z,ga2024kcghdy,149.7387238,-34.50011063,10,3.9223923,MLa,nan,3.830610214,0.128834575,2.384937442,0.544722124,2.770339713,1.677068678,23,0.8,10,1,3.99,3.894,NCBM
2024-06-27T00:09:57.918000Z,ga2024motpgn,138.6398163,-31.93810463,10.16324711,3.38239844,MLa,nan,3.437963817,0.097867358,3.56958848,0.378975654,4.980083361,2.002816367,10,0.8,12,1,3.426,3.323,NCBM
2024-06-30T22:52:39.432000Z,ga2024mvzyds,130.7090759,-14.49367619,10,3.64644684,MLa,nan,3.594867424,0.106891278,3.315883323,0.666081545,4.056129749,2.190125196,12,0.9,12,1,3.935,3.838,CBGZ
2024-07-09T00:52:11.822000Z,ga2024nkvsfo,134.6704559,-19.31395721,5.51272488,3.43529849,MLa,nan,3.781170557,0.136185729,0.748263556,0.388442804,1.992715918,0.815476792,8,0.6,8,1,3.945,3.855,CBGZ
2024-07-11T03:39:06.429000Z,ga2024nosrvl,119.0534286,-20.42302895,10,3.86629004,MLa,nan,3.81069321,0.108371367,1.665757428,0.490257532,2.514991096,1.026016599,9,0.8,12,1,3.93,3.837,CBGZ
2024-07-11T06:54:08.965000Z,ga2024nozgtk,118.9391479,-20.39355278,10,3.62596974,MLa,nan,3.499846011,4.84E-05,1.885371232,0.406018633,3.748766791,1.199619693,2,0.8,12,2,3.528,3.426,CBGZ
2024-07-11T06:57:26.351000Z,ga2024nozgtk,118.9391479,-20.39355278,10,3.62596974,MLa,nan,3.37659347,0.036891884,22.864438,0.599152951,9.925885151,5.806291429,4,0.8,12,0,3.531,3.421,CBGZ
2024-07-11T07:32:23.904000Z,ga2024npakwj,118.5826569,-20.37005997,10,3.54376753,MLa,nan,3.386417494,5.71E-07,1.556116578,2.21E-06,4.006985463,9.42E-06,2,0.8,12,2,3.407,3.309,CBGZ
2024-07-20T00:47:35.866000Z,ga2024ofanzc,124.6048279,-30.64818382,10,3.76296597,MLa,nan,3.55215951,0.203001152,8.609523375,0.793176146,5.855883373,3.698570646,110,0.8,12,2,4.148,4.037,CBGZ
2024-08-06T17:48:44.067000Z,ga2024plnsvb,146.3610382,-37.49197388,9.62705612,4.11424901,MLa,nan,4.117310309,0.182043685,3.237908164,0.549717359,2.205187347,1.741040992,45,0.6,12,1,4.328,4.239,NCBM
2024-08-15T09:42:38.851000Z,ga2024qbldwq,117.639,-31.298,2,3.67734035,MLa,nan,3.569280642,0.20392987,0.562344232,0.717896253,2.312275432,1.829371783,115,1,8,1,3.873,3.774,CBGZ
2024-08-16T08:19:52.263000Z,ga2024qdedlf,117.7621231,-31.26776123,5,3.74038408,MLa,nan,3.512508378,0.194736019,0.679848052,0.619972388,2.62963558,1.610403573,114,1,5,1,3.845,3.743,CBGZ
2024-08-18T18:05:38.154000Z,ga2024qhozyo,117.639,-31.298,2,4.40338871,MLa,nan,4.166737491,0.234625001,1.544470874,0.679957442,1.627684768,1.071178996,132,0.6,12,1,4.631,4.538,CBGZ
2024-08-18T18:33:40.605000Z,ga2024qhpydc,117.639,-31.298,2,4.12799282,MLa,nan,3.964273537,0.272072246,1.501035986,0.660531007,2.035507641,1.417389332,129,0.8,12,1,4.459,4.363,CBGZ
2024-08-23T02:01:58.180000Z,ga2024qpnryi,150.869,-32.347,2,4.70225331,Mw,5.14686426,4.964402026,0.20073748,0.909542749,0.417956952,0.544610274,0.286747449,49,0.04,12,1,4.998,4.911,NCBM
2024-08-24T06:31:37.463000Z,ga2024qrsjee,150.869,-32.347,2,4.47702767,Mw,nan,4.732047941,0.178363563,0.74592656,0.289740695,0.666122122,0.271925312,33,0.04,12,1,4.789,4.706,NCBM
2024-09-06T19:58:32.652000Z,ga2024rqpnyt,150.869,-32.347,2,4.45770589,Mw,nan,4.598040202,0.184988753,1.322579873,0.424704762,0.940732914,0.354877663,35,0.04,10,1,4.789,4.703,NCBM
2024-09-08T13:56:05.598000Z,ga2024rtuyxc,145.7339325,-36.86780167,5,3.54679846,MLa,nan,3.416105134,0.085045034,0.610401949,0.38457037,2.834644112,1.004835563,11,1,12,1,3.466,3.371,NCBM
2024-09-09T10:41:50.163000Z,ga2024rvkgwm,121.20961,-30.7041893,5,3.76805046,MLa,nan,4.116944108,0.268995127,0.313258595,0.59850268,1.012763595,0.933778328,156,0.2,12,1,4.06,3.957,CBGZ
2024-09-16T07:39:10.587000Z,ga2024siahqo,138.3460236,-33.24928284,7.46655655,3.55755196,MLa,nan,3.513640264,0.162330167,2.144125482,0.383434954,3.851315271,1.495705636,20,0.7,12,1,3.573,3.473,NCBM
2024-10-02T07:06:26.237000Z,ga2024tlivnb,117.639,-31.298,2.11290264,3.94510087,MLa,nan,3.798528689,0.227735267,0.477995638,0.659247646,1.68224574,1.366828891,134,0.6,12,1,4.027,3.933,CBGZ
2024-10-08T08:31:28.767000Z,ga2024twlzxn,146.3475494,-43.7817688,10,4.0448399,MLa,nan,4.083564632,0.024512857,9.578596371,0.489069541,3.291021952,1.565649705,3,0.6,12,1,4.282,4.184,NCBT
2024-10-20T23:27:24.429000Z,ga2024utqkrj,136.0754852,-28.4962635,9.33562756,4.05313353,MLa,nan,3.854586008,0.223991023,0.587667376,0.318760319,1.689519961,0.757830972,10,0.7,12,1,4.087,3.999,CBGZ
2024-11-12T01:12:56.570000Z,ga2024widwze,150.869,-32.347,2,4.13961818,MLa,nan,4.18466573,0.241870313,1.271217306,0.449587167,1.494237178,0.817129363,32,0.8,12,1,4.246,4.156,NCBM
2024-11-14T02:45:31.770000Z,ga2024wlyktc,115.0707474,-35.27514267,10,4.01974296,MLa,nan,4.186566028,0.312604086,1.768750185,0.716507476,1.664504433,1.445234933,75,0.7,10,1,4.336,4.244,EBGZ
2025-01-04T03:50:55.376000Z,ga2025afuvrm,141.9963379,-31.53653717,10,4.00986122,MLa,nan,4.081225339,0.148557478,6.693097954,0.453936475,2.928254785,1.507103178,25,0.5,12,1,4.319,4.229,NCBM
2025-01-07T03:22:31.736000Z,ga2025alhbvf,125.2002029,-11.34694672,10,4.37705616,MLa,nan,4.186562233,0.141654991,22.35936636,0.578424496,3.877494452,2.462537038,12,0.8,12,1,4.64,4.542,EBGZ
2025-01-11T02:52:44.841000Z,ga2025asozrs,138.71,-32.02,10,4.47363158,Mw,nan,4.882106507,0.214756977,6.557086965,0.403333455,1.15663465,0.66587755,24,0.04,10,1,4.975,4.885,NCBM
2025-01-19T03:12:13.349000Z,ga2025bhhlmw,117.0794144,-31.63218498,5,3.72898535,MLa,nan,3.639591065,0,2.43543316,0,3.475967253,0,1,0.05,12,1,3.882,3.77,CBGZ
2025-01-19T03:12:13.470000Z,ga2025bhhlmw,117.0794144,-31.63218498,5,3.72898535,MLa,nan,3.598815452,0.16600211,6.607437624,0.792659284,5.080998915,3.968784569,105,0.8,12,1,4.208,4.098,CBGZ
2025-01-23T23:01:17.250000Z,ga2025bqdtqo,115.4485779,-19.46229744,10,4.62040648,MLa,nan,4.160232297,0.117808114,17.66317794,0.486134623,3.694757479,1.255008731,11,0.7,12,1,4.473,4.373,EBGZ
2025-01-25T18:11:29.273000Z,ga2025btlpry,117.0932007,-31.69228935,5.83132887,3.53798513,MLa,nan,3.607436696,0,0.547550736,0,2.193321243,0,1,0.05,12,1,3.616,3.511,CBGZ
2025-01-25T18:11:29.527000Z,ga2025btlpry,117.0932007,-31.69228935,5.83132887,3.53798513,MLa,nan,3.580324863,0.175763619,1.698847164,0.703069284,3.300411886,2.305673946,100,0.8,12,1,3.991,3.889,CBGZ
2025-02-08T18:48:48.882000Z,ga2025ctfaek,138.7393494,-32.06616592,4.49898243,4.10975813,MLa,nan,4.041399772,0.107880165,6.728631257,0.405237656,3.071059007,1.274793906,22,0.7,9,1,4.296,4.202,NCBM
2025-03-01T11:31:32.646000Z,ga2025efetvw,146.782135,-19.40003777,7.80934191,4.41124109,MLa,nan,4.207368643,0.18140993,3.447019055,0.583867274,2.029906545,1.34412677,10,0.4,12,1,4.575,4.48,NCBM
2025-03-26T22:48:35.308000Z,ga2025fzyjcq,117.639,-31.298,2,3.80387216,MLa,nan,3.79548824,0.27833527,0.210185521,0.573900158,1.28371697,1.460665466,12,0.4,10,1,3.838,3.741,CBGZ
2025-03-27T02:54:14.924000Z,ga2025gagmzg,117.639,-31.298,2,3.9859169,MLa,nan,3.754559218,0.169746292,0.352201736,0.505327458,1.598318621,0.736498115,12,0.5,10,1,3.992,3.896,CBGZ
2025-04-04T01:33:38.867000Z,ga2025govqpg,147.2058258,-35.94203568,9.79779053,3.6571378,MLa,nan,3.56830887,0.187337756,0.899911925,0.453896996,2.707642805,1.160603719,37,0.6,12,1,3.605,3.508,NCBM
2025-04-22T16:55:02.590000Z,ga2025hxbgjh,151.088,-32.685,2,4.59603067,Mw,4.88106783,5.038525305,0.219647401,0.622343113,0.392252049,0.44064933,0.218968512,91,0.04,10,1,5.075,4.989,NCBM
2025-05-23T16:36:13.357000Z,ga2025kbycte,147.3508453,-30.821661,10,5.26406982,MLa,nan,5.096936556,0.237184456,2.241527338,0.516766246,0.631527412,0.405487166,93,0.03,12,1,5.3,5.217,NCBM
2025-05-28T04:53:53.513000Z,ga2025kkfmpz,150.728775,-34.15340424,2.64382505,3.57258581,MLa,nan,3.840384578,0.276822042,0.410978361,0.421500357,1.524379737,0.99833231,35,0.4,12,1,3.674,3.575,NCBM
2025-07-27T01:04:03.763000Z,ga2025oqblke,117.7172852,-31.30231476,5,3.85861958,MLa,nan,4.450984734,0.378587328,0.035894491,0.408362404,0.334859561,0.392379443,11,0.05,12,0,3.856,3.759,CBGZ
2025-07-29T18:01:33.012000Z,ga2025ovapyo,117.6552887,-31.27584267,1.85971153,4.73464121,MLa,nan,4.401551722,0.200397744,0.929031717,0.394462207,1.048528219,0.538905957,12,0.4,12,1,4.566,4.477,CBGZ
2025-08-15T23:49:25.842000Z,ga2025qarmrq,152.1924744,-26.25858688,10,5.56685417,MLa,5.3,5.255038229,0.134687277,2.440423733,0.572771878,0.541562315,0.380042651,51,0.05,12,1,5.584,5.498,NCBM
2025-08-15T23:49:25.883000Z,ga2025qarmrq,152.1924744,-26.25858688,10,5.56685417,MLa,5.3,5.174877393,0,20.09750983,0,1.199373708,0,1,0.05,12,1,nan,nan,NCBM
2025-08-18T11:43:53.373000Z,ga2025qfgqdm,125.8585053,-12.47460651,10,4.71655664,MLa,nan,4.620667339,0.163813253,8.2693149,0.470946328,1.68850355,0.944346391,30,0.6,8,1,5.047,4.962,EBGZ
2025-09-07T11:23:40.449000Z,ga2025rpymik,117.1889191,-30.66356277,3.73423862,3.81004403,MLa,nan,3.630323036,0.092892111,1.730069835,0.47975024,3.13476867,1.134606181,12,1,8,1,3.927,3.826,CBGZ
2025-09-15T13:05:09.742000Z,ga2025setorr,147.3789368,-30.82164764,25.03334999,3.81970806,MLa,nan,3.858106332,0.236176026,0.722844368,0.305107002,1.802910793,0.760691093,32,0.8,6,1,3.861,3.774,NCBM
2025-09-15T16:22:51.025000Z,ga2025sfafdb,150.8545837,-32.34211349,5,3.68788596,MLa,nan,3.983883589,0.269405918,0.37565585,0.467395922,1.254105468,0.971331592,34,0.2,12,1,3.717,3.62,NCBM
2025-09-21T06:00:22.417000Z,ga2025spfyeo,122.382637,-13.56806564,10,3.66689571,MLa,nan,3.860221631,0.092832359,2.222288919,0.386213769,2.61518146,0.97650804,11,0.5,12,1,3.798,3.699,EBGZ
2025-09-21T07:34:46.676000Z,ga2025spjbkt,122.3980713,-13.70288944,10,4.44952492,MLa,nan,4.521518225,0.138651315,6.650673408,0.405348561,1.760118465,1.012173456,11,0.2,12,1,4.668,4.579,EBGZ
2025-09-24T20:38:41.211000Z,ga2025svwfnh,146.1480713,-42.89725113,27.80903435,4.08926388,MLa,nan,4.144680575,0.160896852,1.905150604,0.683484848,1.790531452,1.299862917,12,0.7,10,1,4.365,4.267,NCBT
2025-10-27T10:31:26.103000Z,ga2025vdrbfw,143.0956268,-12.99251842,10,3.76083625,MLa,nan,4.132635776,0.128057527,0.088994291,0.843390757,0.653855776,0.562145016,2,0.05,12,2,nan,nan,CBGZ
2025-12-05T04:15:50.073000Z,ga2025xwtxxy,137.5804138,-29.64165688,10,4.06710772,MLa,nan,4.019585276,0.085040775,2.154893323,0.341851808,2.154575701,0.700671133,14,0.5,12,1,4.171,4.088,NCBM
2026-02-25T00:14:59.328000Z,ga2026dwzlip,139.2584534,-31.33572006,5,3.7,MLa,nan,3.71371354,0.142134168,2.81294267,0.339138866,3.348698088,1.081819411,9,0.6,12,1,3.71,3.619,NCBM
2026-03-02T23:02:42.365000Z,ga2026ehxkif,117.93,-33.82,0.55367082,3.8,MLa,nan,3.568773855,0.258169987,0.103938952,0.28129043,1.317907675,0.794879957,8,1,12,1,3.575,3.485,CBGZ
2026-03-11T08:09:33.031000Z,ga2026eybvsc,148.9173,-34.3733,19.7,4.4,MLa,nan,4.231508776,0.208661907,3.885915507,0.626161223,2.054735228,1.847015345,45,0.3,12,1,4.492,4.395,NCBM
2026-04-04T18:26:12.907000Z,ga2026greyrt,130.736,-25.976,2.5,5.5,MLa,nan,5.437054758,0.205620278,2.238628541,0.654612389,0.426722724,0.289886494,80,0.05,12,1,nan,nan,CBGZ
2026-04-14T10:19:51.340000Z,ga2026hjaxzs,148.9679108,-33.48304367,5,4.5,MLa,nan,4.526513021,0.234105498,0.767182889,0.486153216,0.851900611,0.550171124,52,0.3,12,1,nan,nan,NCBM