STA,KAPPA,CNT
ABE,-0.006401,6
ABEM,-0.006401,6
ADE,0.043303,3
AEB01,-0.010114,9
AEB02,0.053362,7
AEB04,-0.014801,4
AEB11,nan,4
AEB12,nan,2
AEB13,0.013463,6
AEB14,0.031726,3
AEB15,-0.016343,5
AEB16,0.004638,7
AEB17,-0.011285,6
AEB18,0.075548,7
AEB19,-0.010146,3
AEB20,nan,4
AES02,0.013670,6
AES03,0.038222,10
AES04,0.000352,8
AES06,-0.004067,5
AES07,0.017801,7
AES08,-0.007403,8
AES09,0.054325,8
AES10,-0.003250,8
AES11,-0.004964,8
AES12,0.032354,8
AES13,-0.000124,6
AES14,0.006744,6
AES15,-0.045402,7
AES16,-0.013273,7
AES17,0.002852,3
AES18,-0.000323,2
AES19,-0.005916,2
AES20,-0.012028,6
AI45,0.071600,12
AI53,0.011780,7
AKA03,0.006000,14
AKA05,-0.007411,16
AKA10,0.027206,14
AKB03,0.009457,13
AKB06,-0.030179,13
AKB07,-0.010257,16
ANSTO,0.008664,1
APN,-0.013143,3
APPIN,0.000536,2
AQT03,0.111536,1
AQT04,0.089381,3
AQT05,0.064169,3
AQT06,0.049495,1
AQT07,0.040684,1
AQT08,-0.016771,2
AQTA2,0.092840,3
AQTA4,0.126174,1
AQTA5,0.115722,2
AQTA7,0.107206,2
AQTA8,0.118055,2
AQTB1,0.057677,2
AQTB2,0.089211,2
AQTB3,0.025312,2
AQTB4,0.103125,2
AQTB6,0.124750,2
AQTB7,0.065142,3
AQTC1,0.077319,1
AQTC2,0.074233,2
AQTC3,0.072983,2
AQTC4,0.088722,2
AQTC5,0.140391,2
AQTC6,0.017505,1
AQTC7,0.063782,3
AQTC8,0.078312,3
AQTD1,0.018258,2
AQTD5,0.040864,3
AQTD6,0.081009,2
AQTD7,0.088092,2
AQTD8,0.037504,3
AQTE2,0.101344,1
AQTE4,0.138019,2
AQTE5,nan,1
AQTE6,0.123898,3
AQTE7,0.087947,2
AQTE8,nan,1
AQTF1,0.090971,1
AQTF2,nan,1
AQTF3,0.139008,1
AQTF4,0.063368,3
AQTF5,0.048381,1
AQTF8,0.123793,2
AQTG2,0.043189,1
AQTG3,0.096898,2
AQTG5,-0.044310,1
AQTG7,0.125927,1
AQTG8,0.118681,1
AQTH4,0.045557,1
AQTH5,0.058381,3
AQTH7,0.101372,2
AQTI1,nan,1
AQTI3,0.121271,1
AQTI5,0.115437,1
AQTI8,0.227803,2
AQTJ1,0.028014,1
AQTJ2,0.028332,1
AQTJ3,0.118329,2
AQTJ4,0.128725,2
AQTJ5,nan,1
AQTJ7,0.757273,2
AQTJ8,0.181774,2
AQTK1,0.111717,1
AQTK3,0.063572,3
AQTK5,0.105780,1
AQTL1,0.051648,1
AQTL2,0.086957,2
AQTL3,0.119915,1
ARCOO,-0.063683,2
ARKL,0.026350,9
ARMA,0.026709,59
ARPS,0.011595,91
AS12,0.000869,81
AS17,0.028097,87
AS31,-0.024232,68
ASC,0.088728,1
ASR01,-0.023801,3
ASR02,0.086674,3
ASR03,-0.010865,3
ASR04,0.042884,1
ASR06,0.074622,1
ASR08,-0.047726,1
ASR09,0.117646,1
ASR12,nan,1
ASR13,nan,1
AU41,0.047707,3
AU52,-0.034408,13
AUALB,0.027011,26
AUALC,-0.029632,10
AUANU,0.066012,5
AUAYR,-0.008867,4
AUBRM,0.015481,6
AUBRN,0.087198,10
AUBSH,0.000027,13
AUBUS,0.047225,26
AUCAR,-0.012451,2
AUCAS,-0.002067,14
AUCSH,-0.081686,3
AUDAR,0.037177,28
AUDCS,-0.029353,32
AUDHS,-0.010582,9
AUGRF,0.015119,23
AUHAR,0.021892,29
AUHPC,-0.030625,4
AUJCS,-0.003900,12
AUKAL,0.005595,21
AUKAR,-0.013522,7
AUKHS,-0.038845,20
AUKSC,-0.001799,15
AUKUL,0.060325,35
AULHS,0.071555,10
AULRC,0.018982,17
AUMAG,0.038093,22
AUMAR,0.000978,14
AUMAZ,-0.037823,37
AUMBR,0.009364,22
AUMHS,0.036796,29
AUMOU,0.034623,7
AUMTC,0.018041,25
AUMTS,0.032337,43
AUNRC,0.006620,12
AUPHS,-0.003682,25
AUPKL,0.056233,12
AURMK,-0.000816,9
AUROX,0.053190,8
AURSC,0.027861,8
AUSIS,-0.031290,5
AUSMG,-0.027355,20
AUSSC,-0.054584,15
AUTAR,nan,7
AUTKS,0.018312,19
AUTOO,0.016421,12
AUUHS,-0.047232,17
AUWSH,-0.015916,9
AVD,-0.008327,3
AVO,-0.005474,2
AWOON,-0.004726,4
AY52,0.020962,3
BA02,0.021260,2
BA03,0.044831,2
BA04,-0.002940,1
BA07,0.036818,3
BA08,0.002087,3
BA09,-0.006052,2
BA10,-0.028144,2
BA11,0.012107,2
BA12,0.027198,2
BA13,0.025261,3
BA14,0.032637,3
BA15,0.020731,1
BA16,0.012300,3
BA17,-0.010075,3
BA18,0.014260,1
BA19,-0.023511,3
BA20,-0.031200,2
BA22,0.034286,3
BA24,0.037857,1
BANM,-0.008210,2
BBOO,0.011125,95
BCN2,-0.015400,3
BCON,-0.004354,37
BEGA,0.013994,2
BEST,-0.033448,2
BILLA,0.035989,1
BJE,-0.018729,9
BJEM,-0.018729,9
BK1,-0.004842,7
BK24,0.003973,3
BK25,0.015426,3
BK26,-0.007235,3
BK27,-0.002193,3
BK29,0.020796,3
BK30,0.020583,3
BK31,-0.040007,3
BK32,0.045213,1
BK33,0.053174,1
BK34,0.055095,1
BK4,-0.018273,2
BK5,-0.027742,2
BK6,0.019183,2
BK7,0.018298,2
BK8,0.014906,2
BK9,-0.123321,2
BL06,-0.002516,1
BL07,-0.000199,1
BL10,-0.024080,1
BL11,-0.043181,1
BL12,-0.024700,1
BL14,0.079805,1
BL15,0.043059,1
BL17,-0.039587,1
BL18,0.039867,1
BL19,0.035395,1
BL20,0.048759,1
BL21,0.029203,1
BL22,0.035986,1
BL23,0.016527,1
BL24,-0.033698,1
BL25,-0.018032,1
BL26,0.007148,3
BL27,0.020107,3
BL28,0.017458,3
BL29,0.040038,3
BL30,0.035976,3
BL31,0.045261,3
BL32,-0.012498,1
BL33,0.035071,1
BL34,0.031775,1
BLDU,0.009554,99
BM25,0.006168,3
BM26,0.034854,3
BM27,0.019711,1
BM28,-0.020923,2
BM29,0.006074,3
BM30,-0.013953,2
BM31,0.053981,3
BM32,0.057531,1
BM33,0.047268,1
BM34,0.067881,1
BMEBF,0.042202,11
BN13A,0.017341,3
BN1H,-0.036628,5
BN24,-0.020715,3
BN25,0.014297,3
BN26,0.006135,3
BN27,-0.019535,3
BN28,-0.011498,3
BN29,0.012767,3
BN2S,0.031487,5
BN30,0.004749,3
BN31,0.022284,3
BN32,0.042345,1
BN33,0.045918,1
BN34,0.072058,1
BO24,0.025881,2
BO25,0.004016,3
BO26,-0.023335,3
BO29,0.017819,3
BO30,0.004740,3
BO31,-0.025626,1
BO33,0.049290,1
BO34,0.079450,1
BOGA,-0.048033,5
BONBO,nan,2
BOSWO,-0.036733,1
BP24,0.008259,3
BP25,0.002494,3
BP26,-0.014195,2
BP27,-0.004184,3
BP29,0.012748,3
BP31,0.016294,1
BP33,0.045419,1
BP34,0.036310,1
BQ24,0.002662,2
BQ25,-0.001019,1
BQ26,0.005584,3
BQ27,0.037125,3
BQ28,-0.026234,1
BQ29,0.037953,3
BQ31,0.015213,3
BQ32,0.045081,1
BQ33,0.038549,1
BQ34,0.041489,1
BR25,0.007190,3
BR26,0.013033,3
BR27,0.011669,3
BR28,-0.023438,1
BR29,-0.008689,3
BR30,-0.000272,3
BR32,0.008045,3
BR34,0.005595,1
BRAT,-0.014218,45
BRIG,-0.006680,5
BRS,0.002416,11
BRTH,0.044721,5
BRTS,0.000186,9
BRUCE,-0.004742,1
BS26,-0.010045,3
BS27,-0.008227,2
BS29,-0.016646,3
BS30,-0.006910,3
BS31,0.009882,3
BS32,-0.006542,3
BS33,0.013894,3
BS34,0.072562,2
BT12A,0.105645,4
BT24,0.013142,3
BT25,0.004460,3
BT26,-0.024120,3
BT27,0.010439,3
BT28,0.007045,3
BT29,-0.030215,3
BT30,0.015768,3
BT31,0.015816,3
BT32,-0.014982,3
BT33,0.034436,3
BT34,0.069447,3
BTL01,0.023234,13
BTL02,0.005507,13
BTL03,0.016983,15
BTL04,0.005973,15
BTL05,-0.001483,14
BTL06,0.013295,17
BTL07,-0.015966,6
BTL08,-0.010152,16
BTL09,-0.016272,13
BTL10,0.018656,9
BU08A,0.058261,4
BU28,0.008545,3
BU29,0.016441,3
BU30,0.001097,3
BU31,-0.018609,3
BU32,0.053051,3
BU33,0.062119,3
BU34,0.036134,3
BUCHN,0.022104,12
BUCM,0.019508,1
BUCN,0.022104,12
BUD,-0.012577,4
BUDM,-0.012577,4
BULGU,0.041508,1
BV28,0.029636,3
BV29,0.012019,3
BV30,0.008988,3
BV31,0.058138,3
BV33,0.054199,3
BV34,0.039153,3
BW1H,0.042486,14
BW28,0.044898,2
BW29,0.019889,3
BW2S,-0.036609,11
BW30,0.000515,2
BW31,0.053931,3
BW32,0.026867,2
BW33,0.033381,1
BW34,0.035016,2
BX10A,0.034208,3
CA01,0.023969,15
CA02,0.010179,16
CA03,0.010807,15
CA04,-0.016650,16
CA05,-0.001172,19
CA06,0.001382,19
CA07,-0.007550,1
CA08,-0.003256,19
CA09,0.023572,19
CA10,-0.047493,19
CA11,-0.020648,17
CA12,-0.006375,17
CA13,-0.002149,16
CA14,0.005427,17
CA15,0.009330,15
CA16,-0.001193,16
CA17,nan,3
CA18,0.002957,19
CA19,-0.004359,11
CA20,-0.009468,16
CA21,-0.012875,19
CA22,-0.018104,17
CA23,-0.024967,16
CA24,0.023909,18
CA26,0.050316,12
CA27,-0.009783,16
CA28,0.012588,15
CA29,0.015718,14
CA3,-0.016082,5
CA31,-0.003203,15
CA32,-0.090291,3
CA33,0.001920,14
CA34,-0.029042,10
CA35,0.014701,11
CA36,-0.031981,11
CA37,-0.028222,8
CA38,-0.023904,11
CA4,-0.017633,1
CA40,0.002745,10
CAA,0.028707,1
CAAN,0.010526,14
CAGW,0.049683,1
CAN,0.044723,68
CARL,0.029636,33
CASG,-0.048929,12
CATI,0.031845,6
CAV,0.055604,1
CAWA,-0.010380,14
CAWDR,0.002423,2
CCL3,0.022404,1
CCM2,0.000256,1
CCMH,-0.004161,1
CCMI,0.007843,1
CCRM,0.011781,19
CDN,-0.023117,21
CDNM,-0.023117,21
CEDG,0.027274,1
CEKI,-0.011010,1
CETH,-0.084998,2
CEYN,0.011889,1
CHI,0.041215,1
CLDD,0.023924,2
CLHA,0.004076,2
CLIF,0.015205,5
CLMM,-0.028030,1
CLNA,-0.020282,1
CLNO,-0.016922,2
CLPA,-0.030217,1
CLV2,-0.000175,16
CMC,-0.034435,11
CMSA,0.025517,133
CN1H,-0.035487,22
CN2S,0.073281,5
CNB,0.005616,78
COEN,-0.039230,19
COOLG,-0.054239,23
COOND,0.065770,2
COP,0.051600,1
CORO,0.042029,11
COTT,0.019815,16
CP01,-0.012595,1
CP02,0.015676,1
CP03,0.003045,1
CP05,0.058774,1
CP06,nan,1
CP08,0.026990,1
CP09,-0.024088,1
CP10,0.006212,1
CPX,0.009912,7
CPXM,0.009912,7
CRD,nan,1
CREM,0.021261,1
CRJN,-0.000599,6
CRN,-0.003628,4
CSBB,0.009469,1
CTA,-0.046106,27
CTAO,-0.009016,37
CTB,0.017969,2
CTBM,0.017969,2
CURRY,0.001122,1
CVQOZ,0.007331,2
CWA1,0.004978,1
CWG1,-0.054308,2
CWG2,0.005736,1
CWIN,-0.053431,1
CWJJ,0.010040,1
CWL1,0.029483,1
CWL2,-0.040642,1
CWLY,0.005721,1
CWMC,-0.015886,1
CWMD,-0.038455,1
CWMJ,-0.036995,1
CWMP,-0.044327,1
CWMS,-0.009519,1
CWR1,-0.022033,1
CWR2,-0.020452,1
CWR3,-0.009155,1
CWUA,0.012366,1
CWWA,-0.003109,1
CWWB,0.036512,1
CWWY,-0.005890,1
CWYI,0.055396,1
DAM,-0.028296,2
DDB,0.014329,1
DDC,0.015581,3
DDNE,-0.019161,4
DDSW,0.000897,6
DDWB,0.079482,1
DDWK,0.006237,5
DEAL,0.000422,1
DERBY,-0.000326,6
DLN,0.007980,45
DNDOZ,0.007088,13
DOGFC,nan,3
DOW,0.016705,1
DPH,-0.070538,28
DRA,0.011408,8
DRAM,0.011408,8
DROM,-0.025511,9
DRS,0.017091,33
DTM,-0.018198,19
DTMM,-0.018198,19
DVB,-0.008205,4
DVBM,-0.008205,4
DVBX,-0.001738,2
E2A1,0.237813,1
E2A3,0.255509,1
E2A4,0.207045,1
E2B1,0.258693,1
E2B2,0.194306,1
E2B3,0.234250,1
E2B4,0.200123,1
E2B8,0.208607,1
E2B9,0.193958,1
E2C1,0.186506,2
E2C2,0.198555,1
E2C5,0.181617,1
E2C7,0.242958,1
E2C8,0.191887,1
E2C9,0.262949,2
E2D2,0.241299,1
E2D3,0.202825,1
E2D4,0.262365,1
E2D6,0.273917,1
E2D7,0.230739,1
E2D8,0.263970,2
E2D9,0.251039,2
E2E1,0.252080,1
E2E2,0.176762,1
E2E3,0.194774,2
E2E4,0.158831,1
E2E6,0.195462,2
E2E7,0.232643,1
E2E8,0.257372,1
E2E9,0.228141,2
E2F1,0.313562,1
E2F2,0.248930,1
E2F3,0.202586,2
E2F4,0.217396,1
E2F5,0.205141,2
EASTN,0.065618,6
EIDS,-0.009815,40
EPS,0.009046,2
EUAB,nan,1
EUCH,-0.089083,1
EUG,-0.047857,5
EUGM,-0.047857,5
EUGY,nan,1
EUSH,-0.044808,1
FA10,-0.015660,2
FA12,0.044749,1
FA13,0.032030,1
FA14,-0.020269,1
FA15,0.001817,1
FA18,0.005100,1
FA19,0.022597,1
FA20,-0.000876,1
FA22,0.049865,1
FA24,-0.004116,1
FA26,0.015135,1
FA27,0.003574,2
FA28,0.015438,1
FA29,0.014337,1
FA30,0.010673,1
FA31,-0.008115,1
FA33,-0.076356,1
FA34,0.001371,1
FA35,-0.009182,1
FA36,0.007537,1
FA38,-0.007119,1
FA39,0.001552,1
FAW,-0.047736,1
FB00,-0.062466,1
FB01,0.018377,1
FB02,0.009536,2
FB03,0.013367,2
FB04,-0.050150,2
FB05,-0.010678,1
FB06,0.034572,2
FB07,0.008119,1
FB08,-0.006401,2
FB09,0.027701,1
FC40,-0.048493,1
FC42,0.015228,1
FC43,-0.006544,1
FD50,0.006831,1
FD51,0.042796,1
FD52,0.025802,1
FD53,0.028330,1
FD54,-0.046530,1
FD56,-0.024133,1
FD58,-0.006433,1
FD61,-0.013129,1
FD62,0.030232,1
FD66,0.013348,1
FD67,-0.019612,1
FINNS,0.009610,2
FITZ,0.015071,73
FORG,0.016686,4
FORT,0.019559,138
FR02,-0.025103,2
FR03,-0.036701,2
FR05,-0.028351,3
FR06,0.011638,1
FR09,-0.023348,3
FR10,-0.010826,3
FR13,-0.027345,3
FR14,-0.049069,2
FR15,-0.004302,1
FR16,-0.019930,3
FR18,0.002664,2
FR21,0.031721,1
FR26,0.013837,1
FR27,0.019464,4
FRTM,-0.007040,8
FSH,0.009528,10
FSHM,0.009528,10
FTZ,0.002442,5
FTZM,0.002442,5
GA05,-0.006906,1
GA07,0.006349,1
GA08,-0.033878,1
GC1S,nan,3
GC2F,0.024496,17
GD1S,0.181556,13
GEES,0.043994,3
GEXS,0.037516,30
GHS,-0.042364,18
GHSS,-0.042364,18
GIRL,0.048782,67
GLAD,0.026687,19
GLADS,0.004044,4
GLB,0.012715,2
GLEAD,0.011310,2
GLMM,-0.031471,10
GNGN,-0.015783,9
GOG,0.031210,13
GOGM,0.031210,13
GOO,-0.016809,1
GOOG,0.031733,15
GRV,0.002755,4
GRVM,0.002755,4
GVL,-0.009091,50
HBART,0.016941,2
HDDL,0.041668,1
HEX,0.014315,1
HGB,0.005015,1
HKER,0.017564,4
HML1,-0.006133,22
HODL,-0.004467,2
HOLS,-0.013640,5
HOP,-0.013612,20
HOPM,-0.013612,20
HPS15,0.000431,1
HTT,0.007202,66
HUM,-0.005555,1
HWK,0.017387,2
INKA,0.021716,45
IVS,-0.021863,14
IVSM,-0.021863,14
JBD,-0.010729,3
JBR,-0.017357,4
JBRM,-0.017357,4
JEER,-0.085411,6
JEN,0.017066,11
JENM,0.017066,11
KA02,-0.017554,1
KA03,-0.010899,1
KA05,-0.054334,1
KA07,-0.042439,1
KA08,0.013141,1
KA09,-0.044513,1
KA10,-0.012048,1
KAKA,0.041349,22
KAN,-0.006066,9
KANM,-0.006066,9
KDU,0.038183,44
KELC,-0.019521,24
KIM,0.076155,1
KIM01,0.000222,10
KIM02,0.039040,5
KIM03,0.012579,12
KIM04,-0.003447,11
KIM05,0.028699,11
KIM06,0.033613,6
KIM07,0.036099,8
KIM08,-0.027944,13
KIM09,0.022123,10
KIM10,-0.064591,2
KLBR,-0.016867,135
KLG,-0.046716,3
KLGGI,0.025113,14
KLGHH,-0.014188,12
KLGHS,0.014243,19
KMBL,-0.039379,107
KNA,0.006578,11
KNRA,-0.022452,58
KOO1,-0.024382,4
KOO2,-0.040494,1
KOOTA,0.068066,2
KORDA,-0.028438,19
KORUM,0.000039,9
KOW,-0.005538,2
KOWA,nan,1
KOWM,-0.005538,2
KPK,0.036662,1
KRAN,0.003368,2
KTL,0.015754,4
LBX,-0.005068,5
LBXM,-0.005068,5
LCRK,0.020932,57
LEAH,-0.002674,2
LGT,-0.005102,3
LHB,0.021274,3
LHBM,0.021274,3
LILL,0.029441,1
LM01,-0.014416,4
LM02,-0.002684,3
LM03,-0.044410,6
LM04,nan,7
LM05,-0.002243,5
LOCU,0.014649,6
LOS,0.065898,2
LOSM,0.065898,2
LP01,-0.003445,1
LP02,0.008301,1
LP03,-0.005846,1
LP04,0.004787,1
LP05,0.029407,1
LRSE,0.042195,3
LRSH,0.022177,6
MABG,0.006014,28
MACM,0.000290,4
MALDN,0.008869,1
MARD,0.001748,6
MARG,-0.033879,3
MBWA,0.013473,66
MCV,0.010269,2
MDRM,0.007196,2
MEEK,-0.007523,156
MEM,-0.021393,1
MENZ,-0.029514,11
MERNA,-0.042442,2
MGBR,0.113058,17
MGCD,0.026197,78
MHL,0.035779,1
MIC,0.013891,4
MILA,-0.001285,69
MILCK,nan,2
MILD,-0.019211,5
MIT,0.004553,4
MLBS,-0.002716,11
MLW,-0.002915,15
MLWM,-0.002915,15
MOE4,0.035445,1
MOGAR,-0.056301,8
MOO,0.043626,14
MOON,-0.027449,2
MORW,-0.009415,127
MPD,-0.030754,4
MPDM,-0.030754,4
MR2A,0.022279,5
MRAT,-0.010616,21
MRDN,-0.017050,1
MSWL1,0.041878,5
MSWL2,0.006662,7
MSWL3,0.006900,7
MSWL5,0.039658,7
MTEBA,-0.077733,1
MTKN,0.086245,58
MTL,0.026890,1
MTLX,0.036136,1
MTLYN,-0.132230,2
MTLZ,-0.013431,1
MTN,0.032727,49
MTSU,-0.004136,43
MULG,-0.009427,65
MULGA,0.010259,2
MUN,0.017957,88
MUR03,0.082579,1
MUR04,0.069402,1
MUR05,0.090819,1
NAP,0.022475,76
NAPP,0.022475,76
NAR,-0.045464,7
NARM,-0.045464,7
NARR,0.044885,5
NAT,0.007447,5
NATM,0.007447,5
NILPI,0.097627,1
NLD,0.061493,1
NOR10,-0.062557,1
NOR11,-0.026396,1
NOR12,-0.083677,1
NPS,0.045071,1
NTLH,-0.063571,27
NTLS,0.039355,26
NTNOZ,0.003087,1
NWAO,0.027777,114
OKDL,0.022180,34
ONGER,-0.048584,31
OOD,0.045513,62
PARAK,-0.017669,2
PAT,0.011442,5
PDA,0.008581,4
PENW,0.026371,7
PER06,nan,1
PHB,0.053007,31
PHD,0.016946,5
PHDM,0.016946,5
PI101,-0.055221,1
PI103,-0.028640,1
PI106,-0.016103,1
PI107,-0.035251,1
PI109,-0.024242,1
PI115,-0.046024,1
PI201,-0.012080,1
PI203,-0.033816,1
PI204,-0.033752,1
PI205,-0.032165,1
PI206,-0.036669,1
PI207,-0.004941,1
PI208,-0.009395,1
PI209,-0.020592,1
PIG,-0.052006,1
PIG2,0.007576,6
PIG3,-0.072109,6
PIG4,-0.006531,6
PLMR,0.023334,15
POAT,0.007078,3
PSA00,0.024322,37
PTPS,-0.038448,31
QA01,0.042851,2
QIS,0.059331,60
QLP,0.029154,77
R7AF5,0.015220,3
RDK10,0.039159,10
RDK12,0.124143,3
RIV,-0.002343,55
RK1H,0.042565,19
RK2S,0.039299,9
RKGY,0.016063,114
RMQ,0.052811,79
RNDA,0.054601,3
ROBE,0.066402,4
ROWM,0.009587,15
ROY,-0.016422,12
ROYM,-0.016422,12
RP01,-0.030926,1
RP03,-0.014020,1
RP04,-0.039013,1
RP06,0.020876,1
RUSM,0.015755,3
S2A2,0.201825,1
S2A3,0.221503,1
S2B7,0.275050,1
S2B8,0.199545,1
S2B9,0.235912,1
S88U,0.029920,2
SB01,nan,1
SBSV,-0.011750,1
SC03,-0.017041,1
SC05,-0.034319,2
SC06,-0.075463,1
SC08,-0.029561,1
SC10,-0.009055,1
SCMB,0.007007,1
SD05,0.053305,1
SDAN,0.018355,48
SDN,0.018355,48
SGTH,-0.007864,1
SHY,0.021755,2
SHYM,0.021755,2
SIN,-0.013161,1
SING1,0.028434,4
SING2,0.033539,4
SING3,0.044726,2
SING4,0.022094,1
SMBT,0.035680,1
SOC03,0.094716,1
SOC05,0.096780,1
SOC06,0.099351,1
SOC07,0.035422,1
SOC08,0.032923,1
SOC09,-0.020532,1
SOC10,0.005060,1
SOC11,0.047139,1
SOC12,0.013199,1
SOC13,0.073158,1
SOC14,0.028296,1
SOC15,0.020353,1
SOC16,0.102930,1
SOGAP,0.078044,1
SOMU,0.037682,1
SRCHQ,-0.075099,1
STBK,-0.002572,5
STGU,0.032210,1
STK,0.009688,117
STKA,0.009688,117
STPK,0.009227,2
STR2,0.020385,14
STUCK,-0.034069,3
SUND,0.002971,9
SWH10,-0.012352,1
SWH5,0.040025,1
SWH8,0.028463,2
SWN00,-0.025322,13
SWN01,0.048615,11
SWN02,0.006538,12
SWN03,-0.000131,18
SWN04,-0.019993,6
SWN05,0.022071,13
SWN07,-0.008604,16
SWN08,0.057777,12
SWN09,-0.016553,12
SWN10,0.006606,9
SWN11,0.008382,10
SWN12,-0.025025,15
SWN13,-0.073875,2
SWN14,-0.035259,8
SWN15,0.004918,20
SWN16,0.016466,15
SWN17,0.015667,10
SWN18,0.048286,12
SWN19,-0.040369,7
SWN20,0.029170,9
SWN21,0.050111,13
SWN22,0.010872,17
SWN23,0.031791,13
SWN25,0.024446,11
SWN26,0.029250,18
SWN27,-0.014168,6
SWNJ2,0.004940,1
SWNNA,0.002475,4
SWNNB,0.022247,4
SWNNC,-0.002516,4
SWNND,0.003717,6
SWNNE,-0.052029,5
SWNNF,-0.028302,4
SWNNG,0.002264,2
SWNNH,0.058561,1
SWNNI,0.045271,3
SWNNK,-0.001366,3
SY01,0.009694,1
SY03,-0.002467,1
SY04,0.034686,1
SYDH,-0.060707,29
SYDS,-0.127437,26
TA04,0.026646,1
TA05,-0.030970,1
TA06,0.041437,1
TA10,0.008066,1
TA11,-0.002645,1
TA13,0.075145,1
TAL,0.015011,10
TALM,0.015011,10
TAT,0.002398,5
TATM,0.002398,5
TAU,0.076041,6
TB01,0.046090,1
TB02,0.092459,1
TB03,0.033653,1
TB04,0.074958,1
TL01,0.086769,2
TL02,0.021162,1
TL03,0.049378,3
TL04,0.044465,1
TL05,0.083417,1
TL06,0.039213,3
TL08,0.020048,1
TL10,0.107680,3
TL11,nan,1
TL12,0.042994,3
TL13,0.068280,3
TL14,0.016946,4
TL16,0.018501,4
TL17,-0.020253,4
TL18,-0.030325,3
TL19,nan,2
TL20,nan,2
TMA,-0.033203,1
TMP3,-0.008786,1
TOD,0.047793,1
TOM,-0.036952,8
TOMM,-0.036952,8
TOO,-0.020075,86
TOS,-0.001608,3
TOT,-0.002725,4
TPND,-0.003795,5
TPSO,0.016832,15
TRI,0.026334,1
TROP,-0.002706,7
TRPU,0.043501,1
TV1H,-0.048060,15
TV2S,-0.005731,4
TW1H,0.069965,17
TWINS,0.068535,2
TWOA,0.027514,28
TYR,0.013612,5
UTT,0.047376,15
WALLA,0.023226,4
WALR,-0.012003,14
WAM,-0.002371,13
WAMB,-0.002371,13
WARB,-0.052207,7
WATNG,-0.036505,33
WB0,0.004925,17
WBI21,-0.049415,3
WBI22,-0.076925,9
WBJ04,0.084935,3
WBJ05,0.047098,5
WBJ12,-0.009547,9
WBJ13,-0.043510,8
WBJ15,0.005198,4
WBJ22,-0.040372,9
WBJ23,-0.011152,9
WBK07,-0.034502,8
WBK08,-0.000312,6
WBK09,-0.033695,9
WBK10,0.018449,3
WBK11,-0.041750,9
WBK12,0.013337,5
WBK13,-0.002640,9
WBK14,-0.036763,9
WBK15,-0.074921,8
WBK17,-0.029776,8
WBK18,-0.012279,7
WBK19,-0.051546,7
WBK20,0.018181,9
WBK21,-0.012512,9
WBK22,0.010831,6
WBK23,-0.078891,9
WBK26,0.045193,9
WBL05,0.035713,2
WBL07,0.064830,9
WBL10,-0.035082,2
WBL11,0.025454,6
WBL12,-0.031255,3
WBL13,0.041837,5
WBL14,-0.009378,6
WBL15,-0.054514,10
WBL16,-0.046184,9
WBL18,-0.021728,8
WBL20,-0.046802,7
WBL21,-0.006815,9
WBL22,-0.016271,8
WBL23,-0.021199,4
WBL26,0.018452,9
WBM08,-0.022679,8
WBM09,-0.022283,3
WBM10,-0.031884,10
WBM11,0.018035,5
WBM12,0.020428,4
WBM13,0.018560,7
WBM14,-0.006902,6
WBM15,-0.011530,10
WBM17,-0.000606,8
WBM18,-0.041779,8
WBM19,-0.058788,5
WBM20,-0.041979,9
WBM21,-0.003169,9
WBM22,-0.011974,9
WBM23,-0.028557,9
WBM24,-0.092728,9
WBM25,-0.012693,8
WBM26,-0.005019,9
WBN07,0.061852,6
WBN09,0.014050,6
WBN11,-0.017050,6
WBN12,0.056833,5
WBN13,-0.028944,2
WBN14,-0.002242,6
WBN15,-0.005835,3
WBN16,-0.079201,7
WBN17,-0.039940,8
WBN18,0.031651,8
WBN20,-0.010641,9
WBN22,-0.028231,9
WBN23,0.002594,9
WBN25,-0.001108,8
WBO07,0.073064,6
WBO08,0.017075,2
WBO10,0.002557,6
WBO12,0.003058,6
WBO13,-0.024564,4
WBO14,-0.019771,7
WBO15,0.063220,4
WBO17,-0.001975,7
WBO18,-0.048570,7
WBO19,-0.032766,5
WBO21,-0.042663,9
WBO22,-0.078033,3
WBO23,-0.086773,2
WBO24,-0.088020,9
WBO25,-0.082506,9
WBP06,0.042823,2
WBP08,0.003967,4
WBP09,0.007356,12
WBP10,0.001090,7
WBP12,0.054698,5
WBP15,-0.014717,7
WBP16,0.028410,4
WBP17,0.004229,10
WBP18,0.012018,7
WBP19,-0.022517,3
WBP20,-0.007204,10
WBP21,-0.015896,10
WBP22,-0.062052,9
WBP24,-0.024792,8
WBP25,-0.059756,9
WBP26,-0.023550,6
WBQ07,0.042317,6
WBQ08,0.050462,4
WBQ09,-0.001556,6
WBQ10,-0.034933,7
WBQ13,-0.002792,6
WBQ15,0.034812,7
WBQ16,-0.044591,6
WBQ17,0.028449,4
WBQ18,-0.031310,5
WBQ19,0.013479,10
WBQ20,-0.053269,10
WBQ21,-0.008955,10
WBQ24,-0.047113,9
WBR07,0.024068,5
WBR09,0.039720,7
WBR11,-0.001624,6
WBR12,0.044622,8
WBR13,-0.029718,7
WBR14,0.047872,7
WBR15,-0.068278,3
WBR17,-0.005969,6
WBR18,0.026909,7
WBR19,-0.023477,10
WBR20,-0.066022,8
WBR21,0.020085,10
WBR22,0.011190,10
WBR23,-0.063993,10
WBR24,-0.014085,9
WBS08,0.067370,5
WBS09,0.007410,7
WBS10,-0.021184,5
WBS11,-0.070405,6
WBS12,0.016851,7
WBS14,-0.018283,5
WBS15,0.015427,7
WBS18,0.006437,7
WBS19,-0.054656,5
WBS20,-0.002472,4
WBS22,0.026688,5
WBS23,-0.038210,10
WBS24,-0.017669,7
WBS25,0.011456,9
WBS26,-0.036673,9
WBS66,0.053583,7
WBT10,-0.044386,7
WBT13,0.008858,4
WBT14,-0.052483,13
WBT17,-0.029083,7
WBT18,0.052972,6
WBT19,0.025671,6
WBT22,-0.010179,10
WBT23,0.011860,10
WBT24,0.012407,10
WBT25,0.038533,10
WBU08,0.003760,3
WBU09,0.042987,1
WBU10,0.050952,7
WBU11,-0.019709,5
WBU12,0.012721,7
WBU13,0.043600,7
WBU14,0.006647,7
WBU15,0.021501,5
WBU17,0.044654,7
WBU18,-0.003119,7
WBU19,-0.060835,10
WBU22,-0.039444,9
WBU23,-0.030535,5
WBU24,-0.044300,4
WBU25,-0.000880,4
WBU59,-0.030455,5
WBV08,0.061431,4
WBV09,0.010605,2
WBV10,-0.018203,5
WBV11,0.037731,1
WBV12,-0.010181,6
WBV13,0.024622,4
WBV15,0.031980,7
WBV16,-0.013946,7
WBV17,0.019767,7
WBV18,0.053826,6
WBV19,0.043207,8
WBV21,0.021472,10
WBV22,0.004809,10
WBV24,-0.037105,7
WBV25,0.003234,9
WBV26,-0.017227,9
WBV59,0.014280,4
WBW08,-0.044687,7
WBW09,-0.031635,6
WBW10,-0.063367,6
WBW11,-0.038143,6
WBW12,-0.020694,8
WBW14,0.001808,7
WBW15,-0.071833,6
WBW17,0.062704,6
WBW19,-0.055517,5
WBW20,0.050201,10
WBW22,0.065221,5
WBW23,-0.008039,10
WBW24,-0.039356,4
WBX06,-0.002885,6
WBX08,0.012265,5
WBX09,0.004988,2
WBX10,-0.069095,3
WBX11,0.032136,6
WBX12,-0.016447,5
WBX13,-0.037030,4
WBX14,-0.049908,5
WBX16,-0.039754,3
WBX17,-0.007880,4
WBX18,0.004951,7
WBX20,0.017930,10
WBX22,-0.000653,10
WBX24,0.009091,8
WBX25,-0.012925,10
WBX27,0.047521,10
WBX61,-0.010180,2
WBY07,0.016457,5
WBY08,0.048933,3
WBY09,-0.074876,3
WBY10,0.011989,3
WBY12,-0.082848,7
WBY13,0.015108,5
WBY14,-0.025203,4
WBY15,-0.018765,4
WBY19,0.007946,3
WBY20,-0.031919,10
WBY21,-0.015997,5
WBY22,-0.007519,8
WBY23,0.039951,3
WBY25,0.034971,9
WBZ08,0.046126,6
WBZ09,0.031790,8
WBZ11,0.027274,8
WBZ12,-0.072853,6
WBZ14,-0.026652,6
WBZ16,0.021728,5
WBZ17,-0.004784,5
WBZ56,-0.049378,5
WCA09,0.022139,6
WCA10,-0.039543,3
WCA12,-0.010840,5
WCA13,0.026100,6
WCA14,0.010640,3
WDA,0.050003,1
WDBM,0.066885,3
WDSD,0.017284,6
WED,0.074755,2
WER,0.026619,4
WERM,0.026619,4
WERTA,-0.038831,3
WGB,0.004597,6
WGBM,0.004597,6
WHY,0.046877,1
WHYH,-0.068146,28
WHYML,0.037218,3
WILGE,0.047819,2
WILL,-0.051846,8
WILM,0.003148,7
WILPO,-0.021985,1
WIRRA,0.019249,2
WIRRE,-0.029049,3
WITCH,-0.027640,2
WKA,0.012990,13
WLSH,0.016111,6
WOLH,-0.052580,30
WOOL,0.034277,4
WORN,0.017833,4
WPARC,-0.041185,2
WPARP,-0.062483,2
WPM4Y,0.031709,1
WPSH,0.014215,6
WR01,0.007853,1
WR02,-0.013006,1
WR03,-0.001206,1
WR04,-0.004412,1
WR05,0.013001,1
WR06,-0.016663,1
WR07,0.000494,1
WR10,-0.065430,1
WR11,0.035747,1
WRAB,-0.014190,19
WRKA,-0.038756,85
WRNM,0.001033,1
WSK,0.021676,1
WTPK,0.001218,29
WYA11,-0.053596,5
WYA12,-0.015687,5
WYA13,-0.062628,5
WYKM1,-0.036020,3
WYKM3,0.025411,1
WYKM4,-0.011780,3
WYKM5,-0.045466,3
WYKM6,-0.005018,3
WYNBR,0.050079,2
YALYM,0.013066,1
YAPP,0.001234,35
YARR,0.012613,31
YE6,-0.018428,1
YER,-0.024270,8
YERM,-0.024270,8
YNG,0.026683,79
YOU,0.027379,6
YUDNA,0.019517,2
MEDIAN_SITE,0.005595,nan
