X_CENTROID,Y_CENTROID,SEARCH_RAD,NEQS,BVAL,N0,MIN_MC
110.0,-45.0,1443.0,50,0.571,112.014,3.5
110.0,-44.0,1387.5,55,0.608,168.045,3.5
110.0,-43.0,1276.5,52,0.586,131.893,3.5
110.0,-42.0,1221.0,52,0.623,179.515,3.5
110.0,-41.0,1165.5,52,0.663,249.229,3.5
110.0,-40.0,1110.0,51,0.654,227.438,3.5
110.0,-39.0,1054.5,51,0.665,249.637,3.5
110.0,-38.0,1054.5,51,0.665,249.637,3.5
110.0,-37.0,1054.5,66,0.798,958.712,3.5
110.0,-36.0,943.5,52,0.745,490.911,3.5
110.0,-35.0,888.0,59,0.783,758.822,3.5
110.0,-34.0,832.5,59,0.782,748.343,3.5
110.0,-33.0,777.0,53,0.784,683.989,3.5
110.0,-32.0,777.0,63,0.868,1611.836,3.5
110.0,-31.0,777.0,69,0.880,1941.686,3.5
110.0,-30.0,777.0,71,0.836,1402.398,3.5
110.0,-29.0,721.5,52,0.987,3445.654,3.5
110.0,-28.0,666.0,50,1.132,10627.576,3.5
110.0,-27.0,666.0,61,1.062,7392.995,3.5
110.0,-26.0,610.5,59,1.049,6451.862,3.5
110.0,-25.0,555.0,51,1.064,6277.761,3.5
110.0,-24.0,555.0,52,0.983,3355.178,3.5
110.0,-23.0,555.0,56,0.957,2921.579,3.5
110.0,-22.0,555.0,60,0.899,1965.784,3.5
110.0,-21.0,555.0,51,0.814,838.408,3.5
110.0,-20.0,666.0,67,0.882,1918.244,3.5
110.0,-19.0,721.5,60,0.858,1407.197,3.5
110.0,-18.0,777.0,57,0.808,895.239,3.5
110.0,-17.0,832.5,56,0.809,885.609,3.5
110.0,-16.0,888.0,53,0.769,605.553,3.5
110.0,-15.0,999.0,64,0.840,1298.978,3.5
110.0,-14.0,1054.5,57,0.765,631.538,3.5
110.0,-13.0,1165.5,73,0.789,984.198,3.5
110.0,-12.0,1221.0,65,0.753,653.900,3.5
110.0,-11.0,1276.5,53,0.748,508.812,3.5
110.0,-10.0,1387.5,70,0.766,782.310,3.5
110.0,-9.0,1443.0,58,0.736,508.487,3.5
110.0,-8.0,1498.5,56,0.729,462.889,3.5
110.0,-7.0,1609.5,68,0.744,635.527,3.5
111.0,-45.0,1443.0,57,0.612,179.087,3.5
111.0,-44.0,1332.0,54,0.606,161.811,3.5
111.0,-43.0,1221.0,53,0.599,149.746,3.5
111.0,-42.0,1165.5,53,0.640,211.285,3.5
111.0,-41.0,1110.0,52,0.660,243.578,3.5
111.0,-40.0,1054.5,52,0.663,249.229,3.5
111.0,-39.0,999.0,51,0.665,249.637,3.5
111.0,-38.0,999.0,55,0.672,283.574,3.5
111.0,-37.0,943.5,50,0.743,462.445,3.5
111.0,-36.0,888.0,55,0.733,470.424,3.5
111.0,-35.0,832.5,61,0.784,790.852,3.5
111.0,-34.0,777.0,65,0.804,987.058,3.5
111.0,-33.0,721.5,66,0.811,1065.417,3.5
111.0,-32.0,721.5,69,0.890,2098.941,3.5
111.0,-31.0,666.0,52,0.794,729.581,3.5
111.0,-30.0,666.0,57,0.828,1048.514,3.5
111.0,-29.0,666.0,59,0.950,2902.210,3.5
111.0,-28.0,610.5,51,1.052,5698.314,3.5
111.0,-27.0,555.0,50,1.195,17501.277,3.5
111.0,-26.0,555.0,64,1.064,7869.921,3.5
111.0,-25.0,499.5,53,0.997,3828.518,3.5
111.0,-24.0,499.5,56,0.984,3620.117,3.5
111.0,-23.0,499.5,63,0.932,2694.778,3.5
111.0,-22.0,444.0,51,0.901,1694.876,3.5
111.0,-21.0,499.5,54,0.847,1160.156,3.5
111.0,-20.0,555.0,50,0.781,630.857,3.5
111.0,-19.0,610.5,54,0.817,910.512,3.5
111.0,-18.0,721.5,62,0.856,1437.027,3.5
111.0,-17.0,777.0,59,0.814,971.073,3.5
111.0,-16.0,832.5,54,0.783,694.694,3.5
111.0,-15.0,888.0,51,0.763,557.367,3.5
111.0,-14.0,999.0,62,0.779,770.423,3.5
111.0,-13.0,1054.5,52,0.769,594.640,3.5
111.0,-12.0,1165.5,70,0.836,1376.871,3.5
111.0,-11.0,1221.0,64,0.787,844.462,3.5
111.0,-10.0,1276.5,53,0.736,461.703,3.5
111.0,-9.0,1387.5,72,0.756,737.874,3.5
111.0,-8.0,1443.0,60,0.721,464.937,3.5
111.0,-7.0,1498.5,51,0.816,853.230,3.5
112.0,-45.0,1387.5,53,0.584,132.422,3.5
112.0,-44.0,1332.0,60,0.624,209.595,3.5
112.0,-43.0,1221.0,57,0.621,192.979,3.5
112.0,-42.0,1110.0,53,0.601,152.666,3.5
112.0,-41.0,1054.5,51,0.647,214.865,3.5
112.0,-40.0,999.0,51,0.654,227.438,3.5
112.0,-39.0,943.5,52,0.674,273.633,3.5
112.0,-38.0,943.5,55,0.673,286.754,3.5
112.0,-37.0,943.5,69,0.788,919.556,3.5
112.0,-36.0,832.5,58,0.733,495.972,3.5
112.0,-35.0,777.0,63,0.799,915.700,3.5
112.0,-34.0,666.0,51,0.760,540.666,3.5
112.0,-33.0,666.0,66,0.805,1010.197,3.5
112.0,-32.0,610.5,57,0.846,1217.671,3.5
112.0,-31.0,610.5,60,0.881,1700.164,3.5
112.0,-30.0,610.5,63,0.810,1008.585,3.5
112.0,-29.0,610.5,65,0.901,2169.648,3.5
112.0,-28.0,388.5,64,0.922,866.337,3.05
112.0,-27.0,333.0,66,1.084,2995.138,3.05
112.0,-26.0,277.5,58,0.963,1160.775,3.05
112.0,-25.0,277.5,74,1.073,3292.779,3.05
112.0,-24.0,222.0,56,1.099,3050.613,3.05
112.0,-23.0,277.5,78,1.262,13290.859,3.05
112.0,-22.0,333.0,91,1.070,3867.226,3.05
112.0,-21.0,333.0,73,0.885,851.473,3.05
112.0,-20.0,499.5,54,0.821,941.496,3.5
112.0,-19.0,444.0,55,0.735,221.516,3.05
112.0,-18.0,555.0,75,0.803,472.060,3.05
112.0,-17.0,721.5,61,0.830,1148.762,3.5
112.0,-16.0,777.0,56,0.831,1058.060,3.5
112.0,-15.0,832.5,53,0.826,965.743,3.5
112.0,-14.0,943.5,72,0.871,1880.231,3.5
112.0,-13.0,999.0,61,0.776,739.718,3.5
112.0,-12.0,1110.0,79,0.843,1647.193,3.5
112.0,-11.0,1165.5,75,0.795,1063.314,3.5
112.0,-10.0,1221.0,61,0.718,459.258,3.5
112.0,-9.0,1276.5,52,0.784,673.294,3.5
112.0,-8.0,1387.5,67,0.803,1006.953,3.5
112.0,-7.0,1443.0,56,0.831,1058.060,3.5
113.0,-45.0,1387.5,55,0.599,155.888,3.5
113.0,-44.0,1276.5,55,0.599,155.888,3.5
113.0,-43.0,1165.5,52,0.593,139.706,3.5
113.0,-42.0,1054.5,50,0.585,125.858,3.5
113.0,-41.0,999.0,50,0.640,198.013,3.5
113.0,-40.0,943.5,51,0.654,227.438,3.5
113.0,-39.0,888.0,51,0.654,227.438,3.5
113.0,-38.0,888.0,56,0.680,308.830,3.5
113.0,-37.0,888.0,69,0.786,908.557,3.5
113.0,-36.0,777.0,57,0.731,479.339,3.5
113.0,-35.0,721.5,66,0.805,1010.197,3.5
113.0,-34.0,610.5,52,0.720,399.009,3.5
113.0,-33.0,610.5,62,0.864,1533.522,3.5
113.0,-32.0,555.0,61,0.848,1322.223,3.5
113.0,-31.0,555.0,63,0.907,2195.299,3.5
113.0,-30.0,555.0,67,0.886,1980.659,3.5
113.0,-29.0,555.0,75,0.930,3159.152,3.5
113.0,-28.0,333.0,56,0.994,1261.425,3.05
113.0,-27.0,277.5,53,1.148,3690.506,3.05
113.0,-26.0,277.5,76,1.098,3931.236,3.05
113.0,-25.0,222.0,60,0.985,1437.755,3.05
113.0,-24.0,222.0,73,1.184,7114.897,3.05
113.0,-23.0,222.0,80,1.324,20542.250,3.05
113.0,-22.0,222.0,50,1.304,11144.129,3.05
113.0,-21.0,277.5,71,0.947,1286.572,3.05
113.0,-20.0,333.0,69,0.779,367.965,3.05
113.0,-19.0,388.5,57,0.717,198.595,3.05
113.0,-18.0,499.5,80,0.813,538.038,3.05
113.0,-17.0,555.0,70,0.743,284.735,3.05
113.0,-16.0,721.5,62,0.860,1484.236,3.5
113.0,-15.0,777.0,57,0.802,855.111,3.5
113.0,-14.0,832.5,53,0.741,481.153,3.5
113.0,-13.0,943.5,68,0.787,897.925,3.5
113.0,-12.0,999.0,60,0.751,592.005,3.5
113.0,-11.0,1110.0,78,0.802,1168.787,3.5
113.0,-10.0,1165.5,69,0.776,836.249,3.5
113.0,-9.0,1221.0,58,0.804,878.128,3.5
113.0,-8.0,1332.0,73,0.822,1279.828,3.5
113.0,-7.0,1387.5,63,0.825,1130.705,3.5
114.0,-45.0,1332.0,51,0.581,124.002,3.5
114.0,-44.0,1221.0,50,0.576,116.403,3.5
114.0,-43.0,1165.5,57,0.610,177.443,3.5
114.0,-42.0,1054.5,51,0.604,151.021,3.5
114.0,-41.0,999.0,57,0.635,216.556,3.5
114.0,-40.0,888.0,50,0.665,244.222,3.5
114.0,-39.0,832.5,51,0.654,227.438,3.5
114.0,-38.0,832.5,57,0.688,335.900,3.5
114.0,-37.0,777.0,51,0.762,548.932,3.5
114.0,-36.0,721.5,53,0.739,474.551,3.5
114.0,-35.0,666.0,61,0.791,835.190,3.5
114.0,-34.0,555.0,51,0.754,516.836,3.5
114.0,-33.0,499.5,53,0.804,802.201,3.5
114.0,-32.0,499.5,62,0.856,1437.027,3.5
114.0,-31.0,499.5,63,0.978,3888.830,3.5
114.0,-30.0,444.0,53,0.956,2745.914,3.5
114.0,-29.0,499.5,62,0.883,1784.244,3.5
114.0,-28.0,333.0,59,1.027,1659.408,3.05
114.0,-27.0,333.0,93,1.097,4250.370,3.05
114.0,-26.0,277.5,85,1.131,5183.019,3.05
114.0,-25.0,222.0,63,1.092,3079.108,3.05
114.0,-24.0,222.0,84,1.160,6822.790,3.05
114.0,-23.0,166.5,50,1.277,9386.667,3.05
114.0,-22.0,222.0,68,1.202,7406.794,3.05
114.0,-21.0,222.0,52,0.926,795.545,3.05
114.0,-20.0,277.5,55,0.733,206.017,3.05
114.0,-19.0,333.0,53,0.698,149.828,3.05
114.0,-18.0,388.5,53,0.751,225.334,3.05
114.0,-17.0,499.5,75,0.746,308.866,3.05
114.0,-16.0,666.0,68,0.880,1914.845,3.5
114.0,-15.0,721.5,65,0.849,1427.102,3.5
114.0,-14.0,777.0,63,0.795,891.260,3.5
114.0,-13.0,888.0,77,0.841,1575.618,3.5
114.0,-12.0,943.5,68,0.830,1272.282,3.5
114.0,-11.0,999.0,54,0.753,541.833,3.5
114.0,-10.0,1110.0,76,0.810,1216.930,3.5
114.0,-9.0,1165.5,62,0.817,1043.162,3.5
114.0,-8.0,1221.0,55,0.820,950.185,3.5
114.0,-7.0,1332.0,60,0.834,1159.184,3.5
115.0,-45.0,1276.5,50,0.585,125.858,3.5
115.0,-44.0,1221.0,54,0.606,161.811,3.5
115.0,-43.0,1110.0,53,0.601,152.666,3.5
115.0,-42.0,1054.5,55,0.619,183.234,3.5
115.0,-41.0,943.5,52,0.618,172.238,3.5
115.0,-40.0,888.0,54,0.700,351.886,3.5
115.0,-39.0,832.5,54,0.662,257.166,3.5
115.0,-38.0,777.0,55,0.707,379.476,3.5
115.0,-37.0,777.0,61,0.757,633.696,3.5
115.0,-36.0,666.0,52,0.722,404.390,3.5
115.0,-35.0,610.5,62,0.773,731.376,3.5
115.0,-34.0,555.0,65,0.842,1344.414,3.5
115.0,-33.0,444.0,51,0.869,1316.170,3.5
115.0,-32.0,444.0,59,0.934,2557.746,3.5
115.0,-31.0,444.0,54,0.985,3532.534,3.5
115.0,-30.0,444.0,58,0.895,1841.831,3.5
115.0,-29.0,444.0,54,0.817,910.512,3.5
115.0,-28.0,333.0,63,1.269,9797.766,3.05
115.0,-27.0,277.5,58,1.055,1905.615,3.05
115.0,-26.0,277.5,79,1.015,1958.279,3.05
115.0,-25.0,222.0,58,1.101,2693.885,3.05
115.0,-24.0,222.0,63,0.961,1169.630,3.05
115.0,-23.0,222.0,68,1.222,8234.988,3.05
115.0,-22.0,222.0,69,1.228,8738.699,3.05
115.0,-21.0,222.0,56,1.043,1900.347,3.05
115.0,-20.0,277.5,73,0.846,624.968,3.05
115.0,-19.0,277.5,53,0.867,509.663,3.05
115.0,-18.0,388.5,77,0.840,616.379,3.05
115.0,-17.0,444.0,68,0.809,421.568,3.05
115.0,-16.0,499.5,51,0.689,137.853,3.05
115.0,-15.0,666.0,64,0.831,1206.698,3.5
115.0,-14.0,721.5,57,0.826,1031.689,3.5
115.0,-13.0,777.0,52,0.821,908.388,3.5
115.0,-12.0,888.0,77,0.811,1240.606,3.5
115.0,-11.0,943.5,59,0.818,1001.017,3.5
115.0,-10.0,999.0,52,0.817,877.351,3.5
115.0,-9.0,1110.0,60,0.813,980.355,3.5
115.0,-8.0,1165.5,58,0.824,1039.923,3.5
115.0,-7.0,1276.5,61,0.834,1184.574,3.5
116.0,-45.0,1276.5,51,0.589,132.692,3.5
116.0,-44.0,1165.5,50,0.585,125.858,3.5
116.0,-43.0,1110.0,54,0.606,161.811,3.5
116.0,-42.0,999.0,54,0.606,161.811,3.5
116.0,-41.0,943.5,56,0.648,238.755,3.5
116.0,-40.0,832.5,52,0.689,308.758,3.5
116.0,-39.0,777.0,50,0.675,265.998,3.5
116.0,-38.0,777.0,58,0.699,373.216,3.5
116.0,-37.0,721.5,54,0.755,549.512,3.5
116.0,-36.0,666.0,61,0.767,683.989,3.5
116.0,-35.0,277.5,54,1.116,1424.355,3.0
116.0,-34.0,222.0,54,1.151,1848.514,3.0
116.0,-33.0,222.0,89,1.066,1689.179,3.0
116.0,-32.0,222.0,134,0.998,1746.277,3.0
116.0,-31.0,166.5,82,1.025,1385.073,3.0
116.0,-30.0,222.0,149,1.058,3114.650,3.0
116.0,-29.0,444.0,53,0.884,1543.244,3.5
116.0,-28.0,333.0,69,1.212,6935.166,3.05
116.0,-27.0,277.5,63,1.189,5254.951,3.05
116.0,-26.0,222.0,57,1.001,1293.773,3.05
116.0,-25.0,222.0,66,1.016,1567.409,3.05
116.0,-24.0,222.0,53,0.974,1069.278,3.05
116.0,-23.0,277.5,77,1.058,2878.106,3.05
116.0,-22.0,277.5,80,1.128,4854.248,3.05
116.0,-21.0,277.5,72,1.046,2478.245,3.05
116.0,-20.0,277.5,69,0.926,1043.028,3.05
116.0,-19.0,277.5,61,1.051,2219.213,3.05
116.0,-18.0,333.0,57,0.945,924.753,3.05
116.0,-17.0,388.5,50,0.803,300.865,3.05
116.0,-16.0,499.5,89,0.785,485.207,3.05
116.0,-15.0,610.5,62,0.841,1266.900,3.5
116.0,-14.0,666.0,54,0.867,1370.349,3.5
116.0,-13.0,777.0,76,0.834,1474.366,3.5
116.0,-12.0,832.5,74,0.825,1337.053,3.5
116.0,-11.0,888.0,61,0.775,730.022,3.5
116.0,-10.0,943.5,58,0.828,1073.500,3.5
116.0,-9.0,999.0,53,0.867,1343.526,3.5
116.0,-8.0,1110.0,55,0.875,1478.424,3.5
116.0,-7.0,1221.0,58,0.819,992.121,3.5
117.0,-45.0,1276.5,50,0.618,166.091,3.5
117.0,-44.0,1221.0,58,0.628,209.328,3.5
117.0,-43.0,1110.0,58,0.628,209.328,3.5
117.0,-42.0,999.0,54,0.606,161.811,3.5
117.0,-41.0,943.5,57,0.621,192.979,3.5
117.0,-40.0,832.5,53,0.628,190.228,3.5
117.0,-39.0,777.0,54,0.697,343.428,3.5
117.0,-38.0,721.5,55,0.738,489.386,3.5
117.0,-37.0,721.5,64,0.731,534.944,3.5
117.0,-36.0,666.0,69,0.809,1093.934,3.5
117.0,-35.0,277.5,102,1.330,12052.335,3.0
117.0,-34.0,166.5,60,1.275,4611.472,3.0
117.0,-33.0,166.5,81,1.072,1552.063,3.0
117.0,-32.0,166.5,104,0.935,839.370,3.0
117.0,-31.0,166.5,210,1.036,3511.345,3.0
117.0,-30.0,166.5,145,1.066,3137.046,3.0
117.0,-29.0,444.0,54,0.907,1887.354,3.5
117.0,-28.0,333.0,67,1.199,6432.893,3.05
117.0,-27.0,277.5,61,1.147,3897.587,3.05
117.0,-26.0,222.0,53,1.013,1291.812,3.05
117.0,-25.0,222.0,57,1.055,1739.909,3.05
117.0,-24.0,277.5,72,0.974,1276.032,3.05
117.0,-23.0,333.0,102,0.966,1908.856,3.05
117.0,-22.0,333.0,90,1.037,2760.903,3.05
117.0,-21.0,277.5,64,1.037,2083.423,3.05
117.0,-20.0,222.0,51,1.038,1683.157,3.05
117.0,-19.0,277.5,76,0.958,1368.987,3.05
117.0,-18.0,277.5,54,0.941,861.285,3.05
117.0,-17.0,333.0,59,0.890,675.969,3.05
117.0,-16.0,444.0,79,0.859,726.527,3.05
117.0,-15.0,499.5,82,0.744,338.691,3.05
117.0,-14.0,610.5,59,0.821,1032.199,3.5
117.0,-13.0,666.0,56,0.755,571.302,3.5
117.0,-12.0,721.5,55,0.804,835.203,3.5
117.0,-11.0,777.0,53,0.816,886.396,3.5
117.0,-10.0,888.0,60,0.817,1009.999,3.5
117.0,-9.0,943.5,53,0.860,1268.394,3.5
117.0,-8.0,1054.5,55,0.872,1450.662,3.5
117.0,-7.0,1165.5,56,0.875,1505.304,3.5
118.0,-45.0,1332.0,59,0.620,199.112,3.5
118.0,-44.0,1221.0,56,0.639,220.085,3.5
118.0,-43.0,1110.0,54,0.642,218.753,3.5
118.0,-42.0,999.0,54,0.642,218.753,3.5
118.0,-41.0,888.0,52,0.641,208.365,3.5
118.0,-40.0,832.5,56,0.645,231.519,3.5
118.0,-39.0,721.5,50,0.713,363.287,3.5
118.0,-38.0,721.5,52,0.751,512.575,3.5
118.0,-37.0,721.5,75,0.761,802.849,3.5
118.0,-36.0,666.0,76,0.827,1386.742,3.5
118.0,-35.0,222.0,60,1.311,6397.556,3.0
118.0,-34.0,166.5,81,1.302,7569.552,3.0
118.0,-33.0,166.5,85,1.346,10835.422,3.0
118.0,-32.0,166.5,85,0.984,853.067,3.0
118.0,-31.0,166.5,170,1.086,3759.583,3.0
118.0,-30.0,166.5,119,1.175,4912.168,3.0
118.0,-29.0,444.0,59,0.883,1703.878,3.5
118.0,-28.0,333.0,77,1.395,28533.887,3.05
118.0,-27.0,333.0,75,1.236,8497.379,3.05
118.0,-26.0,277.5,55,1.104,2581.391,3.05
118.0,-25.0,277.5,54,1.146,3320.899,3.05
118.0,-24.0,333.0,71,1.055,2237.026,3.05
118.0,-23.0,333.0,60,0.972,1033.849,3.05
118.0,-22.0,333.0,88,0.918,1221.201,3.05
118.0,-21.0,277.5,61,0.986,1395.619,3.05
118.0,-20.0,277.5,86,0.893,976.952,3.05
118.0,-19.0,222.0,60,0.898,727.979,3.05
118.0,-18.0,222.0,52,0.915,703.338,3.05
118.0,-17.0,277.5,52,0.830,390.211,3.05
118.0,-16.0,388.5,76,0.781,403.377,3.05
118.0,-15.0,444.0,71,0.735,280.082,3.05
118.0,-14.0,555.0,56,0.753,563.595,3.5
118.0,-13.0,610.5,56,0.785,726.730,3.5
118.0,-12.0,666.0,54,0.805,825.314,3.5
118.0,-11.0,721.5,53,0.812,857.080,3.5
118.0,-10.0,832.5,56,0.823,990.581,3.5
118.0,-9.0,888.0,51,0.845,1081.890,3.5
118.0,-8.0,999.0,51,0.845,1081.890,3.5
118.0,-7.0,1110.0,52,0.841,1067.623,3.5
119.0,-45.0,1332.0,56,0.639,220.085,3.5
119.0,-44.0,1221.0,55,0.633,206.379,3.5
119.0,-43.0,1110.0,55,0.633,206.379,3.5
119.0,-42.0,999.0,55,0.633,206.379,3.5
119.0,-41.0,888.0,54,0.635,205.493,3.5
119.0,-40.0,777.0,52,0.642,210.651,3.5
119.0,-39.0,721.5,53,0.660,248.959,3.5
119.0,-38.0,721.5,55,0.772,645.769,3.5
119.0,-37.0,721.5,73,0.785,951.177,3.5
119.0,-36.0,610.5,51,0.872,1343.167,3.5
119.0,-35.0,555.0,61,0.856,1410.501,3.5
119.0,-34.0,499.5,78,0.892,2404.664,3.5
119.0,-33.0,388.5,65,0.867,1639.404,3.5
119.0,-32.0,333.0,61,0.917,2313.113,3.5
119.0,-31.0,333.0,55,0.947,2650.204,3.5
119.0,-30.0,333.0,50,0.918,1914.991,3.5
119.0,-29.0,444.0,57,0.866,1424.985,3.5
119.0,-28.0,388.5,124,1.336,30361.129,3.05
119.0,-27.0,388.5,67,1.140,3786.397,3.05
119.0,-26.0,333.0,50,1.149,2906.728,3.05
119.0,-25.0,333.0,57,1.281,9069.063,3.05
119.0,-24.0,333.0,53,0.984,1000.717,3.05
119.0,-23.0,333.0,50,0.884,501.056,3.05
119.0,-22.0,277.5,63,0.885,688.770,3.05
119.0,-21.0,277.5,74,0.883,801.921,3.05
119.0,-20.0,277.5,93,0.829,694.086,3.05
119.0,-19.0,222.0,61,0.882,676.830,3.05
119.0,-18.0,222.0,51,0.906,656.963,3.05
119.0,-17.0,277.5,61,0.725,213.285,3.05
119.0,-16.0,333.0,66,0.750,289.838,3.05
119.0,-15.0,388.5,58,0.726,215.813,3.05
119.0,-14.0,444.0,64,0.621,111.352,3.05
119.0,-13.0,499.5,50,0.804,759.276,3.5
119.0,-12.0,610.5,55,0.792,760.817,3.5
119.0,-11.0,666.0,50,0.852,1119.556,3.5
119.0,-10.0,777.0,51,0.852,1145.929,3.5
119.0,-9.0,888.0,54,0.842,1119.346,3.5
119.0,-8.0,999.0,55,0.839,1106.078,3.5
119.0,-7.0,1054.5,50,0.859,1188.448,3.5
120.0,-45.0,1332.0,55,0.633,206.379,3.5
120.0,-44.0,1221.0,55,0.633,206.379,3.5
120.0,-43.0,1110.0,53,0.615,171.822,3.5
120.0,-42.0,999.0,52,0.608,158.792,3.5
120.0,-41.0,888.0,50,0.601,143.440,3.5
120.0,-40.0,832.5,56,0.640,222.312,3.5
120.0,-39.0,777.0,57,0.665,279.179,3.5
120.0,-38.0,721.5,58,0.694,360.817,3.5
120.0,-37.0,666.0,51,0.783,652.003,3.5
120.0,-36.0,388.5,58,1.326,13832.463,3.05
120.0,-35.0,333.0,69,1.455,41292.395,3.05
120.0,-34.0,277.5,59,1.445,31404.752,3.05
120.0,-33.0,277.5,82,1.357,22829.154,3.05
120.0,-32.0,277.5,121,1.353,32020.175,3.05
120.0,-31.0,222.0,71,1.482,46589.594,3.05
120.0,-30.0,222.0,50,1.465,31708.757,3.05
120.0,-29.0,333.0,110,1.614,193764.788,3.05
120.0,-28.0,388.5,64,1.599,102525.888,3.05
120.0,-27.0,444.0,68,1.047,1996.565,3.05
120.0,-26.0,388.5,53,1.319,10746.784,3.05
120.0,-25.0,388.5,58,1.132,3086.350,3.05
120.0,-24.0,388.5,68,1.041,2094.275,3.05
120.0,-23.0,333.0,63,0.948,1042.191,3.05
120.0,-22.0,222.0,54,1.026,1618.941,3.05
120.0,-21.0,222.0,57,0.966,1100.660,3.05
120.0,-20.0,222.0,51,0.834,408.970,3.05
120.0,-19.0,222.0,54,1.021,1690.134,3.05
120.0,-18.0,222.0,56,0.835,463.789,3.05
120.0,-17.0,277.5,74,0.829,576.059,3.05
120.0,-16.0,333.0,70,0.819,515.367,3.05
120.0,-15.0,388.5,73,0.738,298.469,3.05
120.0,-14.0,388.5,72,0.675,183.498,3.05
120.0,-13.0,499.5,51,0.812,823.927,3.5
120.0,-12.0,555.0,50,0.888,1494.882,3.5
120.0,-11.0,666.0,52,0.877,1426.272,3.5
120.0,-10.0,777.0,54,0.847,1160.156,3.5
120.0,-9.0,832.5,51,0.860,1215.088,3.5
120.0,-8.0,943.5,53,0.855,1221.373,3.5
120.0,-7.0,1054.5,56,0.863,1373.003,3.5
121.0,-45.0,1332.0,53,0.615,171.822,3.5
121.0,-44.0,1221.0,51,0.600,145.052,3.5
121.0,-43.0,1110.0,51,0.600,145.052,3.5
121.0,-42.0,999.0,50,0.604,147.940,3.5
121.0,-41.0,943.5,55,0.632,204.310,3.5
121.0,-40.0,832.5,50,0.616,162.585,3.5
121.0,-39.0,777.0,52,0.660,243.578,3.5
121.0,-38.0,721.5,61,0.692,373.003,3.5
121.0,-37.0,721.5,69,0.776,836.249,3.5
121.0,-36.0,388.5,50,1.377,17440.243,3.05
121.0,-35.0,388.5,100,1.255,14482.843,3.05
121.0,-34.0,277.5,56,1.072,2249.802,3.05
121.0,-33.0,222.0,55,0.994,1261.425,3.05
121.0,-32.0,222.0,103,1.161,7758.500,3.05
121.0,-31.0,166.5,56,1.454,33416.225,3.05
121.0,-30.0,222.0,55,1.499,44004.631,3.05
121.0,-29.0,277.5,65,1.592,99842.635,3.05
121.0,-28.0,388.5,93,1.445,51032.722,3.05
121.0,-27.0,444.0,53,1.319,12358.801,3.05
121.0,-26.0,444.0,57,1.341,14770.044,3.05
121.0,-25.0,444.0,66,1.191,5450.743,3.05
121.0,-24.0,388.5,55,1.162,4160.085,3.05
121.0,-23.0,333.0,60,1.071,2413.851,3.05
121.0,-22.0,277.5,65,1.062,2485.940,3.05
121.0,-21.0,222.0,52,0.959,1006.748,3.05
121.0,-20.0,277.5,82,1.005,2269.673,3.05
121.0,-19.0,277.5,87,0.976,2003.100,3.05
121.0,-18.0,277.5,95,0.854,920.745,3.05
121.0,-17.0,277.5,81,0.963,1633.684,3.05
121.0,-16.0,277.5,52,0.753,233.945,3.05
121.0,-15.0,333.0,64,0.771,331.189,3.05
121.0,-14.0,333.0,71,0.742,294.469,3.05
121.0,-13.0,333.0,59,0.754,278.486,3.05
121.0,-12.0,610.5,57,0.801,842.266,3.5
121.0,-11.0,666.0,55,0.928,2266.591,3.5
121.0,-10.0,721.5,50,0.880,1401.837,3.5
121.0,-9.0,832.5,54,0.907,1887.354,3.5
121.0,-8.0,888.0,51,0.869,1316.170,3.5
121.0,-7.0,999.0,54,0.845,1139.509,3.5
122.0,-45.0,1332.0,50,0.598,140.538,3.5
122.0,-44.0,1276.5,59,0.651,257.117,3.5
122.0,-43.0,1165.5,56,0.630,205.283,3.5
122.0,-42.0,1054.5,54,0.613,171.502,3.5
122.0,-41.0,999.0,63,0.640,249.541,3.5
122.0,-40.0,888.0,57,0.628,204.326,3.5
122.0,-39.0,777.0,51,0.628,184.167,3.5
122.0,-38.0,721.5,56,0.685,323.041,3.5
122.0,-37.0,666.0,52,0.792,717.837,3.5
122.0,-36.0,444.0,71,1.086,3194.419,3.05
122.0,-35.0,333.0,58,1.076,2403.471,3.05
122.0,-34.0,277.5,61,1.091,2837.821,3.05
122.0,-33.0,222.0,50,0.942,850.454,3.05
122.0,-32.0,222.0,98,1.203,10261.316,3.05
122.0,-31.0,166.5,58,1.456,35424.346,3.05
122.0,-30.0,222.0,65,1.425,31891.153,3.05
122.0,-29.0,277.5,82,1.290,15374.575,3.05
122.0,-28.0,333.0,50,1.245,6835.071,3.05
122.0,-27.0,444.0,72,1.124,4319.649,3.05
122.0,-26.0,444.0,54,1.298,10857.729,3.05
122.0,-25.0,444.0,53,1.439,27531.334,3.05
122.0,-24.0,444.0,70,1.120,3999.071,3.05
122.0,-23.0,388.5,68,1.072,2812.252,3.05
122.0,-22.0,333.0,67,1.098,3369.631,3.05
122.0,-21.0,277.5,56,1.051,2094.992,3.05
122.0,-20.0,277.5,81,1.020,2513.373,3.05
122.0,-19.0,222.0,58,0.927,966.558,3.05
122.0,-18.0,222.0,74,0.907,1025.001,3.05
122.0,-17.0,222.0,51,0.778,273.834,3.05
122.0,-16.0,277.5,77,0.819,551.825,3.05
122.0,-15.0,333.0,76,0.804,503.401,3.05
122.0,-14.0,277.5,58,0.759,278.139,3.05
122.0,-13.0,277.5,57,0.762,285.306,3.05
122.0,-12.0,555.0,51,0.915,1895.235,3.5
122.0,-11.0,666.0,56,0.911,2018.891,3.5
122.0,-10.0,721.5,52,0.925,2101.282,3.5
122.0,-9.0,832.5,59,0.950,2902.210,3.5
122.0,-8.0,888.0,53,0.895,1675.223,3.5
122.0,-7.0,999.0,58,0.888,1740.550,3.5
123.0,-45.0,1332.0,50,0.596,137.712,3.5
123.0,-44.0,1276.5,56,0.616,182.788,3.5
123.0,-43.0,1165.5,52,0.619,174.021,3.5
123.0,-42.0,1110.0,64,0.647,268.686,3.5
123.0,-41.0,999.0,57,0.617,187.612,3.5
123.0,-40.0,888.0,53,0.609,163.481,3.5
123.0,-39.0,832.5,56,0.644,229.172,3.5
123.0,-38.0,721.5,50,0.668,250.197,3.5
123.0,-37.0,721.5,67,0.731,560.487,3.5
123.0,-36.0,444.0,57,1.055,2154.173,3.05
123.0,-35.0,388.5,74,1.123,4351.939,3.05
123.0,-34.0,277.5,52,1.064,2031.266,3.05
123.0,-33.0,277.5,58,1.023,1654.170,3.05
123.0,-32.0,222.0,55,0.997,1179.119,3.05
123.0,-31.0,222.0,84,1.238,10186.379,3.05
123.0,-30.0,222.0,54,0.983,1043.010,3.05
123.0,-29.0,277.5,52,1.108,2714.455,3.05
123.0,-28.0,333.0,65,1.099,3293.318,3.05
123.0,-27.0,388.5,62,0.964,1195.094,3.05
123.0,-26.0,444.0,66,1.007,1760.587,3.05
123.0,-25.0,499.5,85,1.142,5745.706,3.05
123.0,-24.0,444.0,53,1.202,5503.879,3.05
123.0,-23.0,444.0,114,1.032,3739.297,3.05
123.0,-22.0,388.5,66,1.135,4467.804,3.05
123.0,-21.0,333.0,76,1.044,2795.074,3.05
123.0,-20.0,277.5,55,0.908,797.825,3.05
123.0,-19.0,222.0,65,0.887,788.619,3.05
123.0,-18.0,166.5,55,0.771,282.913,3.05
123.0,-17.0,222.0,60,0.864,602.957,3.05
123.0,-16.0,277.5,80,0.771,406.288,3.05
123.0,-15.0,333.0,84,0.872,910.356,3.05
123.0,-14.0,277.5,58,0.811,411.626,3.05
123.0,-13.0,277.5,57,0.760,281.691,3.05
123.0,-12.0,333.0,53,0.791,327.002,3.05
123.0,-11.0,610.5,51,0.935,2231.645,3.5
123.0,-10.0,721.5,56,0.929,2338.610,3.5
123.0,-9.0,777.0,53,0.913,1944.410,3.5
123.0,-8.0,888.0,57,0.915,2128.381,3.5
123.0,-7.0,943.5,52,0.892,1614.394,3.5
124.0,-45.0,1387.5,57,0.639,225.244,3.5
124.0,-44.0,1276.5,53,0.618,175.312,3.5
124.0,-43.0,1221.0,61,0.650,262.681,3.5
124.0,-42.0,1110.0,52,0.632,193.241,3.5
124.0,-41.0,1054.5,64,0.631,235.477,3.5
124.0,-40.0,943.5,59,0.625,206.545,3.5
124.0,-39.0,832.5,52,0.648,220.126,3.5
124.0,-38.0,721.5,50,0.651,216.997,3.5
124.0,-37.0,721.5,50,0.798,721.049,3.5
124.0,-36.0,499.5,78,1.029,2376.874,3.05
124.0,-35.0,388.5,58,1.040,1970.822,3.05
124.0,-34.0,333.0,54,1.006,1369.573,3.05
124.0,-33.0,333.0,86,1.032,2465.662,3.05
124.0,-32.0,277.5,74,0.971,1369.237,3.05
124.0,-31.0,277.5,71,0.904,820.055,3.05
124.0,-30.0,277.5,59,1.047,1913.884,3.05
124.0,-29.0,277.5,65,1.011,1721.467,3.05
124.0,-28.0,333.0,73,0.907,1012.677,3.05
124.0,-27.0,388.5,68,0.898,866.343,3.05
124.0,-26.0,388.5,50,0.941,861.285,3.05
124.0,-25.0,444.0,50,1.013,1448.520,3.05
124.0,-24.0,444.0,75,0.936,1331.476,3.05
124.0,-23.0,388.5,61,0.963,1289.750,3.05
124.0,-22.0,333.0,54,0.984,1322.067,3.05
124.0,-21.0,333.0,59,1.179,5800.881,3.05
124.0,-20.0,277.5,53,1.021,1690.134,3.05
124.0,-19.0,222.0,53,0.849,496.014,3.05
124.0,-18.0,222.0,68,0.789,400.360,3.05
124.0,-17.0,277.5,81,0.792,492.943,3.05
124.0,-16.0,333.0,94,0.786,552.081,3.05
124.0,-15.0,333.0,58,0.791,363.426,3.05
124.0,-14.0,333.0,63,0.760,310.215,3.05
124.0,-13.0,333.0,56,0.738,234.716,3.05
124.0,-12.0,388.5,55,0.766,282.005,3.05
124.0,-11.0,610.5,57,0.947,2745.472,3.5
124.0,-10.0,666.0,53,0.921,2077.262,3.5
124.0,-9.0,777.0,57,0.926,2311.680,3.5
124.0,-8.0,888.0,61,0.932,2600.191,3.5
124.0,-7.0,943.5,54,0.904,1848.134,3.5
125.0,-45.0,1387.5,58,0.648,246.843,3.5
125.0,-44.0,1332.0,63,0.675,333.583,3.5
125.0,-43.0,1221.0,53,0.629,192.207,3.5
125.0,-42.0,1165.5,68,0.646,284.877,3.5
125.0,-41.0,1054.5,60,0.630,219.370,3.5
125.0,-40.0,943.5,54,0.631,199.256,3.5
125.0,-39.0,832.5,51,0.655,230.068,3.5
125.0,-38.0,777.0,54,0.653,238.226,3.5
125.0,-37.0,777.0,55,0.729,452.424,3.5
125.0,-36.0,555.0,87,0.950,1489.914,3.05
125.0,-35.0,444.0,65,0.984,1401.003,3.05
125.0,-34.0,388.5,72,0.971,1412.125,3.05
125.0,-33.0,333.0,72,0.941,1063.300,3.05
125.0,-32.0,333.0,88,0.921,1149.384,3.05
125.0,-31.0,277.5,62,1.008,1447.453,3.05
125.0,-30.0,277.5,58,1.047,1872.549,3.05
125.0,-29.0,277.5,62,0.871,658.366,3.05
125.0,-28.0,277.5,53,0.853,489.349,3.05
125.0,-27.0,388.5,73,0.929,1167.575,3.05
125.0,-26.0,388.5,51,0.913,739.792,3.05
125.0,-25.0,444.0,104,0.905,1439.898,3.05
125.0,-24.0,388.5,72,0.926,1172.624,3.05
125.0,-23.0,333.0,62,0.937,1107.296,3.05
125.0,-22.0,277.5,50,0.879,577.720,3.05
125.0,-21.0,277.5,62,0.923,972.245,3.05
125.0,-20.0,333.0,87,0.952,1693.928,3.05
125.0,-19.0,277.5,69,0.894,864.433,3.05
125.0,-18.0,277.5,82,0.827,659.814,3.05
125.0,-17.0,277.5,57,0.861,580.941,3.05
125.0,-16.0,333.0,69,0.875,768.676,3.05
125.0,-15.0,388.5,84,0.872,922.784,3.05
125.0,-14.0,388.5,76,0.813,542.934,3.05
125.0,-13.0,388.5,62,0.829,501.194,3.05
125.0,-12.0,444.0,66,0.782,382.042,3.05
125.0,-11.0,610.5,57,0.981,3620.249,3.5
125.0,-10.0,666.0,51,0.944,2399.897,3.5
125.0,-9.0,777.0,59,0.929,2454.937,3.5
125.0,-8.0,888.0,63,0.914,2318.494,3.5
125.0,-7.0,943.5,52,0.949,2537.908,3.5
126.0,-45.0,1332.0,50,0.637,193.609,3.5
126.0,-44.0,1332.0,61,0.666,300.851,3.5
126.0,-43.0,1221.0,54,0.653,238.226,3.5
126.0,-42.0,1165.5,65,0.669,328.617,3.5
126.0,-41.0,1054.5,57,0.637,220.844,3.5
126.0,-40.0,943.5,53,0.643,215.857,3.5
126.0,-39.0,888.0,57,0.661,270.508,3.5
126.0,-38.0,777.0,50,0.633,187.239,3.5
126.0,-37.0,832.5,59,0.740,532.119,3.5
126.0,-36.0,555.0,53,0.967,1014.712,3.05
126.0,-35.0,499.5,63,0.943,1041.706,3.05
126.0,-34.0,444.0,66,0.920,902.120,3.05
126.0,-33.0,444.0,95,0.985,1959.198,3.05
126.0,-32.0,388.5,68,0.922,866.337,3.05
126.0,-31.0,333.0,61,0.933,832.698,3.05
126.0,-30.0,333.0,80,0.895,902.688,3.05
126.0,-29.0,333.0,64,0.892,788.873,3.05
126.0,-28.0,333.0,59,0.861,580.941,3.05
126.0,-27.0,388.5,68,0.919,1002.868,3.05
126.0,-26.0,388.5,56,0.865,575.918,3.05
126.0,-25.0,388.5,76,0.849,684.814,3.05
126.0,-24.0,333.0,71,0.899,942.450,3.05
126.0,-23.0,222.0,51,0.887,638.406,3.05
126.0,-22.0,277.5,66,0.887,801.137,3.05
126.0,-21.0,277.5,64,0.844,561.741,3.05
126.0,-20.0,333.0,97,0.899,1256.600,3.05
126.0,-19.0,277.5,55,0.936,905.404,3.05
126.0,-18.0,277.5,72,0.945,1211.784,3.05
126.0,-17.0,277.5,58,0.941,956.866,3.05
126.0,-16.0,333.0,80,0.983,1764.652,3.05
126.0,-15.0,388.5,91,0.906,1163.270,3.05
126.0,-14.0,388.5,63,0.878,703.698,3.05
126.0,-13.0,444.0,80,0.875,857.347,3.05
126.0,-12.0,444.0,64,0.878,716.183,3.05
126.0,-11.0,499.5,66,0.858,638.203,3.05
126.0,-10.0,666.0,54,0.979,3357.372,3.5
126.0,-9.0,777.0,55,0.986,3621.522,3.5
126.0,-8.0,832.5,50,0.968,2853.477,3.5
126.0,-7.0,943.5,53,0.947,2554.936,3.5
127.0,-45.0,1332.0,50,0.666,247.186,3.5
127.0,-44.0,1276.5,53,0.670,269.565,3.5
127.0,-43.0,1221.0,56,0.715,413.704,3.5
127.0,-42.0,1165.5,62,0.697,394.615,3.5
127.0,-41.0,1054.5,55,0.673,286.754,3.5
127.0,-40.0,999.0,65,0.684,372.033,3.5
127.0,-39.0,888.0,53,0.644,218.191,3.5
127.0,-38.0,832.5,55,0.661,259.729,3.5
127.0,-37.0,832.5,53,0.784,683.989,3.5
127.0,-36.0,832.5,58,0.997,4183.872,3.5
127.0,-35.0,555.0,50,0.942,797.260,3.05
127.0,-34.0,555.0,96,0.958,1636.063,3.05
127.0,-33.0,499.5,84,0.993,1814.907,3.05
127.0,-32.0,444.0,60,1.017,1450.422,3.05
127.0,-31.0,388.5,59,0.912,687.406,3.05
127.0,-30.0,388.5,79,0.866,753.247,3.05
127.0,-29.0,388.5,76,0.943,1328.646,3.05
127.0,-28.0,388.5,66,0.918,950.135,3.05
127.0,-27.0,388.5,60,0.797,373.155,3.05
127.0,-26.0,388.5,65,0.810,453.106,3.05
127.0,-25.0,388.5,96,0.811,667.274,3.05
127.0,-24.0,277.5,50,0.890,613.396,3.05
127.0,-23.0,222.0,61,0.849,562.950,3.05
127.0,-22.0,222.0,58,0.868,610.742,3.05
127.0,-21.0,222.0,56,0.850,508.034,3.05
127.0,-20.0,333.0,96,0.905,1262.135,3.05
127.0,-19.0,277.5,52,0.965,937.170,3.05
127.0,-18.0,277.5,80,1.170,6379.658,3.05
127.0,-17.0,222.0,60,1.445,31404.752,3.05
127.0,-16.0,277.5,89,1.202,8924.249,3.05
127.0,-15.0,333.0,95,1.181,8421.738,3.05
127.0,-14.0,388.5,73,1.018,2040.150,3.05
127.0,-13.0,444.0,79,0.903,1020.423,3.05
127.0,-12.0,444.0,63,0.883,714.354,3.05
127.0,-11.0,499.5,62,0.876,680.023,3.05
127.0,-10.0,721.5,60,0.956,3111.101,3.5
127.0,-9.0,777.0,51,0.973,3015.977,3.5
127.0,-8.0,888.0,57,0.987,3800.073,3.5
127.0,-7.0,943.5,50,0.958,2637.622,3.5
128.0,-45.0,1332.0,60,0.724,475.910,3.5
128.0,-44.0,1221.0,52,0.663,249.229,3.5
128.0,-43.0,1165.5,54,0.680,297.924,3.5
128.0,-42.0,1110.0,55,0.709,384.147,3.5
128.0,-41.0,999.0,50,0.675,265.998,3.5
128.0,-40.0,943.5,52,0.684,297.626,3.5
128.0,-39.0,943.5,68,0.715,499.467,3.5
128.0,-38.0,888.0,68,0.782,865.849,3.5
128.0,-37.0,832.5,53,0.855,1221.373,3.5
128.0,-36.0,666.0,59,0.955,1035.005,3.05
128.0,-35.0,610.5,50,0.940,765.727,3.05
128.0,-34.0,555.0,51,0.953,863.464,3.05
128.0,-33.0,555.0,65,0.968,1092.427,3.05
128.0,-32.0,499.5,56,0.955,853.746,3.05
128.0,-31.0,444.0,53,0.921,683.826,3.05
128.0,-30.0,444.0,66,0.894,776.949,3.05
128.0,-29.0,444.0,74,0.924,1090.056,3.05
128.0,-28.0,388.5,50,0.748,216.815,3.05
128.0,-27.0,333.0,50,0.787,286.315,3.05
128.0,-26.0,388.5,87,0.842,722.429,3.05
128.0,-25.0,333.0,65,0.932,1015.193,3.05
128.0,-24.0,333.0,105,0.845,927.348,3.05
128.0,-23.0,277.5,88,0.911,1245.762,3.05
128.0,-22.0,222.0,59,0.826,451.165,3.05
128.0,-21.0,277.5,73,0.857,704.998,3.05
128.0,-20.0,333.0,80,1.012,2230.768,3.05
128.0,-19.0,333.0,97,1.057,3540.765,3.05
128.0,-18.0,222.0,65,1.288,11675.097,3.05
128.0,-17.0,166.5,64,1.208,6512.368,3.05
128.0,-16.0,222.0,77,1.210,8060.631,3.05
128.0,-15.0,277.5,77,1.271,13006.250,3.05
128.0,-14.0,388.5,104,1.040,3500.364,3.05
128.0,-13.0,388.5,64,0.892,738.841,3.05
128.0,-12.0,388.5,55,0.879,602.700,3.05
128.0,-11.0,444.0,51,0.882,576.781,3.05
128.0,-10.0,777.0,62,0.974,3719.881,3.5
128.0,-9.0,832.5,59,0.921,2310.680,3.5
128.0,-8.0,888.0,54,0.902,1809.982,3.5
128.0,-7.0,999.0,58,0.915,2152.831,3.5
129.0,-45.0,1276.5,61,0.728,497.656,3.5
129.0,-44.0,1165.5,51,0.662,243.830,3.5
129.0,-43.0,1110.0,54,0.680,297.924,3.5
129.0,-42.0,1054.5,55,0.712,393.720,3.5
129.0,-41.0,999.0,53,0.724,420.202,3.5
129.0,-40.0,943.5,57,0.737,504.244,3.5
129.0,-39.0,888.0,50,0.815,829.192,3.5
129.0,-38.0,888.0,52,0.958,2732.224,3.5
129.0,-37.0,888.0,71,0.969,4094.641,3.5
129.0,-36.0,666.0,55,0.918,731.799,3.05
129.0,-35.0,610.5,51,0.993,1144.677,3.05
129.0,-34.0,610.5,56,1.038,1683.157,3.05
129.0,-33.0,610.5,69,1.015,1684.454,3.05
129.0,-32.0,555.0,57,0.958,973.047,3.05
129.0,-31.0,555.0,71,0.916,909.533,3.05
129.0,-30.0,499.5,70,0.923,984.091,3.05
129.0,-29.0,444.0,61,0.796,362.848,3.05
129.0,-28.0,388.5,71,0.843,592.984,3.05
129.0,-27.0,333.0,63,0.814,428.477,3.05
129.0,-26.0,333.0,66,0.829,485.335,3.05
129.0,-25.0,333.0,86,0.877,893.330,3.05
129.0,-24.0,277.5,64,0.894,789.445,3.05
129.0,-23.0,222.0,50,1.042,1735.453,3.05
129.0,-22.0,277.5,61,1.066,2510.217,3.05
129.0,-21.0,333.0,75,0.980,1697.891,3.05
129.0,-20.0,388.5,79,1.038,2565.788,3.05
129.0,-19.0,333.0,87,1.170,6942.570,3.05
129.0,-18.0,222.0,52,1.179,4491.018,3.05
129.0,-17.0,166.5,52,1.304,11144.129,3.05
129.0,-16.0,222.0,64,1.228,7742.761,3.05
129.0,-15.0,277.5,79,1.100,4059.739,3.05
129.0,-14.0,333.0,55,0.953,959.013,3.05
129.0,-13.0,333.0,50,0.896,614.596,3.05
129.0,-12.0,333.0,50,0.931,802.326,3.05
129.0,-11.0,444.0,57,0.942,999.266,3.05
129.0,-10.0,777.0,50,0.949,2442.671,3.5
129.0,-9.0,888.0,59,0.992,4075.021,3.5
129.0,-8.0,943.5,55,0.956,2840.738,3.5
129.0,-7.0,999.0,50,0.942,2323.105,3.5
130.0,-45.0,1221.0,59,0.706,404.975,3.5
130.0,-44.0,1165.5,63,0.743,581.726,3.5
130.0,-43.0,1054.5,52,0.710,368.641,3.5
130.0,-42.0,999.0,51,0.745,480.124,3.5
130.0,-41.0,943.5,51,0.735,440.493,3.5
130.0,-40.0,943.5,61,0.807,947.736,3.5
130.0,-39.0,888.0,51,1.072,6706.733,3.5
130.0,-38.0,888.0,59,1.001,4380.675,3.5
130.0,-37.0,832.5,52,1.119,9924.523,3.5
130.0,-36.0,666.0,83,1.028,2532.703,3.05
130.0,-35.0,610.5,58,1.020,1650.056,3.05
130.0,-34.0,610.5,64,1.099,3050.613,3.05
130.0,-33.0,610.5,59,1.168,4511.871,3.05
130.0,-32.0,610.5,58,1.027,1699.909,3.05
130.0,-31.0,555.0,51,0.956,939.573,3.05
130.0,-30.0,499.5,54,0.936,852.145,3.05
130.0,-29.0,444.0,65,0.885,726.316,3.05
130.0,-28.0,388.5,80,0.806,503.909,3.05
130.0,-27.0,277.5,60,0.813,396.845,3.05
130.0,-26.0,277.5,66,0.844,549.861,3.05
130.0,-25.0,277.5,69,0.820,478.919,3.05
130.0,-24.0,277.5,62,0.868,623.118,3.05
130.0,-23.0,277.5,59,1.066,2468.972,3.05
130.0,-22.0,277.5,53,1.027,1659.408,3.05
130.0,-21.0,333.0,50,1.096,2604.099,3.05
130.0,-20.0,444.0,122,1.066,4979.187,3.05
130.0,-19.0,388.5,88,1.251,12418.810,3.05
130.0,-18.0,333.0,68,1.212,7322.583,3.05
130.0,-17.0,277.5,62,1.233,8038.088,3.05
130.0,-16.0,277.5,64,1.089,2956.030,3.05
130.0,-15.0,333.0,84,1.098,4212.038,3.05
130.0,-14.0,388.5,77,1.024,2324.848,3.05
130.0,-13.0,388.5,58,0.942,999.266,3.05
130.0,-12.0,388.5,57,0.943,988.531,3.05
130.0,-11.0,444.0,57,1.040,2011.963,3.05
130.0,-10.0,832.5,60,0.987,3975.754,3.5
130.0,-9.0,943.5,64,0.995,4529.132,3.5
130.0,-8.0,999.0,54,0.966,3039.722,3.5
130.0,-7.0,1054.5,50,0.936,2211.108,3.5
131.0,-45.0,1165.5,54,0.702,356.218,3.5
131.0,-44.0,1110.0,61,0.741,553.529,3.5
131.0,-43.0,999.0,50,0.715,368.293,3.5
131.0,-42.0,999.0,60,0.775,719.158,3.5
131.0,-41.0,943.5,54,0.982,3443.499,3.5
131.0,-40.0,943.5,62,1.119,11819.227,3.5
131.0,-39.0,888.0,61,1.101,10113.546,3.5
131.0,-38.0,832.5,54,1.094,8457.690,3.5
131.0,-37.0,832.5,56,1.170,16034.292,3.5
131.0,-36.0,610.5,68,1.122,4142.470,3.05
131.0,-35.0,555.0,50,1.335,13209.259,3.05
131.0,-34.0,555.0,61,1.353,17731.784,3.05
131.0,-33.0,555.0,60,1.332,15343.640,3.05
131.0,-32.0,555.0,51,1.209,5174.519,3.05
131.0,-31.0,610.5,108,0.984,2443.992,3.05
131.0,-30.0,499.5,50,0.958,973.047,3.05
131.0,-29.0,444.0,65,0.897,765.393,3.05
131.0,-28.0,333.0,60,0.872,582.055,3.05
131.0,-27.0,277.5,64,0.786,343.983,3.05
131.0,-26.0,222.0,55,0.797,326.519,3.05
131.0,-25.0,222.0,50,0.758,222.877,3.05
131.0,-24.0,277.5,55,0.843,455.522,3.05
131.0,-23.0,277.5,52,0.958,1016.002,3.05
131.0,-22.0,277.5,52,1.114,3023.065,3.05
131.0,-21.0,388.5,67,0.945,1169.222,3.05
131.0,-20.0,444.0,71,0.985,1680.096,3.05
131.0,-19.0,444.0,92,1.159,7024.849,3.05
131.0,-18.0,388.5,65,1.272,10811.338,3.05
131.0,-17.0,333.0,56,1.117,3405.750,3.05
131.0,-16.0,333.0,57,1.011,1604.165,3.05
131.0,-15.0,388.5,75,1.067,3195.746,3.05
131.0,-14.0,444.0,79,1.022,2360.564,3.05
131.0,-13.0,444.0,59,0.980,1334.057,3.05
131.0,-12.0,444.0,60,0.913,840.949,3.05
131.0,-11.0,444.0,52,0.935,863.348,3.05
131.0,-10.0,888.0,60,1.017,5054.526,3.5
131.0,-9.0,943.5,54,0.969,3115.316,3.5
131.0,-8.0,1054.5,59,0.998,4275.570,3.5
131.0,-7.0,1110.0,51,0.950,2521.411,3.5
132.0,-45.0,1165.5,64,0.752,635.457,3.5
132.0,-44.0,1054.5,52,0.696,328.560,3.5
132.0,-43.0,1054.5,64,0.774,762.625,3.5
132.0,-42.0,999.0,58,0.965,3226.612,3.5
132.0,-41.0,943.5,56,1.104,9479.735,3.5
132.0,-40.0,888.0,58,1.130,12050.788,3.5
132.0,-39.0,832.5,57,1.172,16559.862,3.5
132.0,-38.0,832.5,60,1.303,49823.708,3.5
132.0,-37.0,555.0,54,1.112,3093.546,3.05
132.0,-36.0,499.5,50,1.230,6587.081,3.05
132.0,-35.0,499.5,62,1.363,20567.149,3.05
132.0,-34.0,499.5,62,1.453,37333.260,3.05
132.0,-33.0,499.5,62,1.632,132139.157,3.05
132.0,-32.0,555.0,87,1.310,18369.509,3.05
132.0,-31.0,555.0,86,1.219,9951.960,3.05
132.0,-30.0,499.5,83,1.107,4491.573,3.05
132.0,-29.0,444.0,78,0.952,1417.098,3.05
132.0,-28.0,333.0,56,0.931,855.535,3.05
132.0,-27.0,277.5,51,0.881,551.774,3.05
132.0,-26.0,222.0,53,0.844,439.889,3.05
132.0,-25.0,277.5,65,0.894,776.949,3.05
132.0,-24.0,333.0,86,0.830,646.528,3.05
132.0,-23.0,333.0,56,0.987,1353.554,3.05
132.0,-22.0,333.0,51,1.073,2208.837,3.05
132.0,-21.0,388.5,57,0.995,1457.316,3.05
132.0,-20.0,444.0,55,0.980,1291.540,3.05
132.0,-19.0,499.5,77,1.098,4212.038,3.05
132.0,-18.0,499.5,86,1.047,2974.176,3.05
132.0,-17.0,444.0,67,1.017,1960.431,3.05
132.0,-16.0,444.0,71,1.087,3474.050,3.05
132.0,-15.0,444.0,50,1.046,1789.890,3.05
132.0,-14.0,499.5,63,0.924,960.425,3.05
132.0,-13.0,444.0,53,0.937,894.266,3.05
132.0,-12.0,444.0,50,0.870,532.400,3.05
132.0,-11.0,499.5,56,0.861,529.243,3.05
132.0,-10.0,888.0,57,0.975,3451.379,3.5
132.0,-9.0,999.0,62,0.983,3973.168,3.5
132.0,-8.0,1054.5,50,0.939,2266.198,3.5
132.0,-7.0,1165.5,54,0.946,2572.456,3.5
133.0,-45.0,1110.0,50,0.852,1119.556,3.5
133.0,-44.0,1054.5,50,0.882,1431.981,3.5
133.0,-43.0,1054.5,57,0.936,2516.332,3.5
133.0,-42.0,999.0,65,1.027,5928.525,3.5
133.0,-41.0,888.0,55,1.089,8260.877,3.5
133.0,-40.0,832.5,51,1.219,21626.760,3.5
133.0,-39.0,777.0,50,1.358,63975.915,3.5
133.0,-38.0,777.0,60,1.286,43529.685,3.5
133.0,-37.0,499.5,65,1.155,4971.203,3.05
133.0,-36.0,444.0,57,1.252,8885.290,3.05
133.0,-35.0,444.0,84,1.251,12660.146,3.05
133.0,-34.0,388.5,54,1.660,142407.814,3.05
133.0,-33.0,444.0,82,1.459,51252.329,3.05
133.0,-32.0,444.0,56,1.617,107513.258,3.05
133.0,-31.0,499.5,93,1.336,24554.879,3.05
133.0,-30.0,444.0,61,1.402,25540.520,3.05
133.0,-29.0,388.5,65,1.153,4989.723,3.05
133.0,-28.0,333.0,60,0.987,1432.586,3.05
133.0,-27.0,333.0,68,0.989,1627.790,3.05
133.0,-26.0,277.5,51,0.884,576.137,3.05
133.0,-25.0,333.0,63,0.833,483.818,3.05
133.0,-24.0,388.5,90,0.869,914.072,3.05
133.0,-23.0,388.5,51,0.956,939.573,3.05
133.0,-22.0,388.5,50,0.974,1069.278,3.05
133.0,-21.0,444.0,59,1.019,1766.696,3.05
133.0,-20.0,499.5,56,0.989,1348.740,3.05
133.0,-19.0,555.0,57,1.006,1604.311,3.05
133.0,-18.0,555.0,75,1.022,2320.393,3.05
133.0,-17.0,555.0,81,1.069,3387.168,3.05
133.0,-16.0,555.0,94,0.995,2402.509,3.05
133.0,-15.0,555.0,78,0.996,1966.194,3.05
133.0,-14.0,499.5,51,0.946,914.238,3.05
133.0,-13.0,499.5,55,0.948,989.212,3.05
133.0,-12.0,555.0,61,0.897,752.920,3.05
133.0,-11.0,555.0,51,0.837,400.640,3.05
133.0,-10.0,943.5,56,0.954,2855.246,3.5
133.0,-9.0,1054.5,61,0.979,3798.869,3.5
133.0,-8.0,1110.0,50,0.939,2266.198,3.5
133.0,-7.0,1221.0,53,0.950,2616.602,3.5
134.0,-45.0,1110.0,65,0.987,4330.162,3.5
134.0,-44.0,999.0,50,0.910,1786.403,3.5
134.0,-43.0,999.0,59,0.969,3385.344,3.5
134.0,-42.0,943.5,59,1.026,5355.602,3.5
134.0,-41.0,888.0,60,1.103,10047.143,3.5
134.0,-40.0,832.5,56,1.370,79059.484,3.5
134.0,-39.0,777.0,56,1.413,111511.503,3.5
134.0,-38.0,666.0,50,1.457,140965.083,3.5
134.0,-37.0,444.0,66,1.199,6999.296,3.05
134.0,-36.0,388.5,75,1.349,22984.607,3.05
134.0,-35.0,333.0,61,1.351,18505.915,3.05
134.0,-34.0,333.0,75,1.526,76520.415,3.05
134.0,-33.0,333.0,62,1.461,39476.417,3.05
134.0,-32.0,388.5,71,1.378,24816.120,3.05
134.0,-31.0,444.0,114,1.292,21463.833,3.05
134.0,-30.0,388.5,66,1.357,19640.459,3.05
134.0,-29.0,333.0,61,1.435,33512.035,3.05
134.0,-28.0,333.0,67,1.261,11093.337,3.05
134.0,-27.0,333.0,78,1.087,3793.594,3.05
134.0,-26.0,333.0,63,0.934,1034.372,3.05
134.0,-25.0,388.5,80,0.897,991.050,3.05
134.0,-24.0,388.5,57,0.862,541.509,3.05
134.0,-23.0,444.0,56,0.767,275.085,3.05
134.0,-22.0,499.5,68,0.923,1037.061,3.05
134.0,-21.0,555.0,73,1.026,2330.110,3.05
134.0,-20.0,555.0,54,0.958,1058.959,3.05
134.0,-19.0,610.5,54,0.996,1416.155,3.05
134.0,-18.0,666.0,100,1.055,3935.509,3.05
134.0,-17.0,666.0,103,1.057,3872.116,3.05
134.0,-16.0,610.5,55,0.837,455.544,3.05
134.0,-15.0,610.5,59,0.838,483.002,3.05
134.0,-14.0,610.5,65,0.926,989.940,3.05
134.0,-13.0,610.5,60,0.918,873.343,3.05
134.0,-12.0,610.5,53,0.832,413.230,3.05
134.0,-11.0,610.5,50,0.814,339.618,3.05
134.0,-10.0,999.0,54,0.957,2826.878,3.5
134.0,-9.0,1110.0,61,0.993,4256.266,3.5
134.0,-8.0,1165.5,53,0.938,2381.018,3.5
134.0,-7.0,1221.0,50,0.924,2007.556,3.5
135.0,-45.0,1054.5,61,1.011,4904.761,3.5
135.0,-44.0,999.0,63,1.051,7007.178,3.5
135.0,-43.0,943.5,60,1.073,7943.152,3.5
135.0,-42.0,888.0,50,1.173,14710.966,3.5
135.0,-41.0,832.5,55,1.229,25259.582,3.5
135.0,-40.0,777.0,55,1.268,34600.541,3.5
135.0,-39.0,721.5,57,1.396,99193.806,3.5
135.0,-38.0,666.0,54,1.418,112145.716,3.5
135.0,-37.0,388.5,53,1.078,2240.685,3.05
135.0,-36.0,333.0,68,1.347,20586.559,3.05
135.0,-35.0,277.5,79,1.374,28438.074,3.05
135.0,-34.0,222.0,82,1.273,7897.133,3.0
135.0,-33.0,222.0,65,1.304,7705.356,3.0
135.0,-32.0,333.0,108,1.236,7807.115,3.0
135.0,-31.0,444.0,74,1.328,75139.994,3.5
135.0,-30.0,333.0,104,1.307,12439.938,3.0
135.0,-29.0,222.0,51,1.271,5060.470,3.0
135.0,-28.0,222.0,60,1.355,10907.305,3.0
135.0,-27.0,277.5,66,1.309,8650.745,3.0
135.0,-26.0,333.0,73,0.939,1233.922,3.05
135.0,-25.0,388.5,77,0.917,1115.781,3.05
135.0,-24.0,444.0,78,0.927,1214.030,3.05
135.0,-23.0,499.5,74,0.800,456.167,3.05
135.0,-22.0,555.0,66,0.861,632.640,3.05
135.0,-21.0,610.5,64,0.980,1455.335,3.05
135.0,-20.0,666.0,69,0.940,1169.751,3.05
135.0,-19.0,666.0,50,0.931,802.326,3.05
135.0,-18.0,721.5,72,0.973,1568.456,3.05
135.0,-17.0,721.5,68,0.948,1233.556,3.05
135.0,-16.0,666.0,54,0.809,364.308,3.05
135.0,-15.0,666.0,57,0.783,313.636,3.05
135.0,-14.0,666.0,57,0.845,491.165,3.05
135.0,-13.0,666.0,52,0.812,349.431,3.05
135.0,-12.0,666.0,52,0.805,332.215,3.05
135.0,-11.0,721.5,52,0.789,296.306,3.05
135.0,-10.0,1054.5,55,0.936,2421.410,3.5
135.0,-9.0,1110.0,51,0.915,1895.235,3.5
135.0,-8.0,1165.5,50,0.904,1706.945,3.5
135.0,-7.0,1276.5,51,0.915,1895.235,3.5
136.0,-45.0,999.0,53,1.047,5709.857,3.5
136.0,-44.0,943.5,55,1.192,18867.656,3.5
136.0,-43.0,888.0,57,1.172,16559.862,3.5
136.0,-42.0,832.5,52,1.255,29436.093,3.5
136.0,-41.0,777.0,50,1.195,17501.277,3.5
136.0,-40.0,777.0,62,1.184,19932.809,3.5
136.0,-39.0,666.0,52,1.424,113040.865,3.5
136.0,-38.0,610.5,56,1.370,79059.484,3.5
136.0,-37.0,388.5,79,1.278,14465.563,3.05
136.0,-36.0,277.5,95,1.092,2450.632,3.0
136.0,-35.0,222.0,105,1.141,3919.396,3.0
136.0,-34.0,166.5,94,1.209,5665.084,3.0
136.0,-33.0,166.5,56,1.199,3103.907,3.0
136.0,-32.0,277.5,126,1.248,9591.522,3.0
136.0,-31.0,277.5,54,1.085,1306.071,3.0
136.0,-30.0,222.0,50,1.213,3194.639,3.0
136.0,-29.0,166.5,50,1.447,16101.242,3.0
136.0,-28.0,166.5,59,1.279,6175.582,3.0
136.0,-27.0,222.0,59,1.251,5272.462,3.0
136.0,-26.0,277.5,52,1.043,1859.111,3.05
136.0,-25.0,388.5,65,1.022,1967.137,3.05
136.0,-24.0,444.0,54,0.898,678.120,3.05
136.0,-23.0,499.5,62,0.857,574.333,3.05
136.0,-22.0,555.0,66,0.865,639.909,3.05
136.0,-21.0,610.5,54,0.901,692.087,3.05
136.0,-20.0,666.0,54,0.918,796.554,3.05
136.0,-19.0,721.5,56,0.900,729.381,3.05
136.0,-18.0,721.5,52,0.923,777.796,3.05
136.0,-17.0,721.5,56,0.828,426.330,3.05
136.0,-16.0,721.5,55,0.780,288.822,3.05
136.0,-15.0,721.5,53,0.786,302.224,3.05
136.0,-14.0,721.5,53,0.830,406.062,3.05
136.0,-13.0,777.0,57,0.834,452.185,3.05
136.0,-12.0,777.0,56,0.821,406.067,3.05
136.0,-11.0,777.0,51,0.835,404.772,3.05
136.0,-10.0,1110.0,51,0.920,1984.114,3.5
136.0,-9.0,1221.0,56,0.943,2608.831,3.5
136.0,-8.0,1276.5,52,0.925,2101.282,3.5
136.0,-7.0,1332.0,51,0.915,1895.235,3.5
137.0,-45.0,999.0,62,1.171,17969.416,3.5
137.0,-44.0,888.0,52,1.204,19500.248,3.5
137.0,-43.0,832.5,53,1.238,26213.939,3.5
137.0,-42.0,777.0,53,1.210,20988.591,3.5
137.0,-41.0,777.0,61,1.165,16854.845,3.5
137.0,-40.0,721.5,61,1.187,20080.079,3.5
137.0,-39.0,666.0,57,1.403,105026.054,3.5
137.0,-38.0,333.0,64,1.012,1331.322,3.0
137.0,-37.0,277.5,61,1.060,1627.612,3.0
137.0,-36.0,222.0,64,1.094,1644.797,3.0
137.0,-35.0,222.0,124,1.056,2476.941,3.0
137.0,-34.0,166.5,80,1.190,4170.969,3.0
137.0,-33.0,166.5,67,1.142,2550.201,3.0
137.0,-32.0,222.0,206,1.227,13551.166,3.0
137.0,-31.0,222.0,131,1.206,7052.780,3.0
137.0,-30.0,222.0,98,1.297,9383.595,3.0
137.0,-29.0,166.5,52,1.428,13238.078,3.0
137.0,-28.0,222.0,81,1.306,10133.773,3.0
137.0,-27.0,277.5,87,1.132,5572.923,3.05
137.0,-26.0,333.0,78,1.069,3304.910,3.05
137.0,-25.0,388.5,64,1.009,1760.356,3.05
137.0,-24.0,444.0,50,0.916,691.223,3.05
137.0,-23.0,499.5,55,0.929,825.400,3.05
137.0,-22.0,555.0,62,0.866,612.926,3.05
137.0,-21.0,610.5,63,0.864,615.268,3.05
137.0,-20.0,721.5,79,0.921,1161.311,3.05
137.0,-19.0,777.0,66,0.927,1031.342,3.05
137.0,-18.0,777.0,57,0.877,616.342,3.05
137.0,-17.0,777.0,59,0.897,740.449,3.05
137.0,-16.0,777.0,57,0.777,295.238,3.05
137.0,-15.0,777.0,58,0.815,402.923,3.05
137.0,-14.0,777.0,50,0.815,350.579,3.05
137.0,-13.0,832.5,57,0.807,374.315,3.05
137.0,-12.0,832.5,54,0.782,293.197,3.05
137.0,-11.0,888.0,59,0.816,413.931,3.05
137.0,-10.0,1221.0,62,0.866,1558.979,3.5
137.0,-9.0,1276.5,56,0.911,2018.891,3.5
137.0,-8.0,1332.0,51,0.915,1895.235,3.5
137.0,-7.0,1443.0,56,0.908,1978.020,3.5
138.0,-45.0,943.5,56,1.125,11202.444,3.5
138.0,-44.0,888.0,60,1.151,14750.765,3.5
138.0,-43.0,777.0,51,1.112,9179.193,3.5
138.0,-42.0,721.5,53,1.200,19267.794,3.5
138.0,-41.0,666.0,51,1.170,14624.229,3.5
138.0,-40.0,666.0,57,1.123,11239.902,3.5
138.0,-39.0,666.0,65,1.318,60716.893,3.5
138.0,-38.0,277.5,57,1.217,4846.557,3.0
138.0,-37.0,277.5,81,1.072,2338.165,3.0
138.0,-36.0,222.0,69,1.027,1121.307,3.0
138.0,-35.0,166.5,53,1.158,1895.731,3.0
138.0,-34.0,166.5,112,1.303,12363.919,3.0
138.0,-33.0,166.5,245,1.340,35861.638,3.0
138.0,-32.0,166.5,261,1.184,12857.002,3.0
138.0,-31.0,166.5,178,1.169,7787.163,3.0
138.0,-30.0,166.5,83,1.328,9370.175,3.0
138.0,-29.0,222.0,98,1.297,9508.020,3.0
138.0,-28.0,277.5,115,1.292,11952.494,3.0
138.0,-27.0,333.0,108,1.130,6471.142,3.05
138.0,-26.0,333.0,53,0.954,949.217,3.05
138.0,-25.0,388.5,53,0.937,841.009,3.05
138.0,-24.0,444.0,55,0.981,1170.264,3.05
138.0,-23.0,499.5,56,0.993,1302.829,3.05
138.0,-22.0,555.0,60,0.892,701.321,3.05
138.0,-21.0,610.5,58,0.833,440.608,3.05
138.0,-20.0,721.5,74,0.893,876.933,3.05
138.0,-19.0,777.0,65,1.072,2853.236,3.05
138.0,-18.0,777.0,56,0.958,1058.959,3.05
138.0,-17.0,777.0,57,0.934,927.866,3.05
138.0,-16.0,777.0,59,0.814,391.957,3.05
138.0,-15.0,777.0,56,0.748,234.794,3.05
138.0,-14.0,832.5,61,0.850,535.490,3.05
138.0,-13.0,832.5,51,0.867,509.663,3.05
138.0,-12.0,888.0,50,0.826,371.820,3.05
138.0,-11.0,943.5,52,0.826,387.688,3.05
138.0,-10.0,1221.0,51,0.944,2399.897,3.5
138.0,-9.0,1332.0,58,0.982,3708.319,3.5
138.0,-8.0,1387.5,53,0.933,2273.636,3.5
138.0,-7.0,1443.0,53,0.933,2273.636,3.5
139.0,-45.0,888.0,54,1.103,9042.429,3.5
139.0,-44.0,832.5,56,1.125,11202.444,3.5
139.0,-43.0,721.5,51,1.112,9179.193,3.5
139.0,-42.0,666.0,53,1.126,10712.421,3.5
139.0,-41.0,666.0,65,1.201,23956.102,3.5
139.0,-40.0,610.5,61,1.178,18703.775,3.5
139.0,-39.0,610.5,60,1.286,43529.685,3.5
139.0,-38.0,222.0,58,1.162,3395.472,3.0
139.0,-37.0,222.0,50,1.290,7181.431,3.0
139.0,-36.0,222.0,52,1.336,8823.968,3.0
139.0,-35.0,222.0,114,1.318,13722.665,3.0
139.0,-34.0,166.5,144,1.425,37045.350,3.0
139.0,-33.0,166.5,266,1.335,38277.166,3.0
139.0,-32.0,166.5,291,1.163,12555.945,3.0
139.0,-31.0,166.5,210,1.148,7971.381,3.0
139.0,-30.0,166.5,74,1.292,6972.288,3.0
139.0,-29.0,222.0,74,1.497,26681.330,3.0
139.0,-28.0,333.0,107,1.450,60859.807,3.05
139.0,-27.0,277.5,51,0.939,776.697,3.05
139.0,-26.0,333.0,55,1.103,2861.875,3.05
139.0,-25.0,388.5,51,1.008,1330.085,3.05
139.0,-24.0,444.0,51,0.986,1116.495,3.05
139.0,-23.0,499.5,55,0.963,1031.800,3.05
139.0,-22.0,555.0,54,0.941,861.285,3.05
139.0,-21.0,666.0,68,0.894,801.941,3.05
139.0,-20.0,721.5,64,1.018,1883.441,3.05
139.0,-19.0,777.0,58,1.051,2219.213,3.05
139.0,-18.0,777.0,55,0.936,905.404,3.05
139.0,-17.0,777.0,53,0.902,679.663,3.05
139.0,-16.0,777.0,56,0.819,399.604,3.05
139.0,-15.0,777.0,56,0.827,414.926,3.05
139.0,-14.0,777.0,50,0.829,378.754,3.05
139.0,-13.0,888.0,59,0.882,664.322,3.05
139.0,-12.0,943.5,60,0.877,653.773,3.05
139.0,-11.0,999.0,63,0.878,678.733,3.05
139.0,-10.0,1276.5,58,0.962,3154.440,3.5
139.0,-9.0,1332.0,54,0.940,2456.473,3.5
139.0,-8.0,1387.5,53,0.947,2554.936,3.5
139.0,-7.0,1498.5,56,0.984,3620.117,3.5
140.0,-45.0,888.0,57,1.103,9544.786,3.5
140.0,-44.0,777.0,55,1.118,10421.167,3.5
140.0,-43.0,666.0,52,1.101,8606.585,3.5
140.0,-42.0,610.5,53,1.126,10712.421,3.5
140.0,-41.0,610.5,60,1.146,14263.687,3.5
140.0,-40.0,555.0,51,1.150,12439.141,3.5
140.0,-39.0,277.5,67,1.229,6037.323,3.0
140.0,-38.0,166.5,50,1.195,3538.192,3.0
140.0,-37.0,222.0,57,1.217,4725.376,3.0
140.0,-36.0,277.5,89,1.309,13319.762,3.0
140.0,-35.0,388.5,58,1.408,111097.809,3.5
140.0,-34.0,333.0,50,1.267,31017.976,3.5
140.0,-33.0,277.5,57,1.186,18540.929,3.5
140.0,-32.0,277.5,64,1.205,24196.906,3.5
140.0,-31.0,277.5,55,1.168,15513.150,3.5
140.0,-30.0,333.0,54,1.129,11136.962,3.5
140.0,-29.0,388.5,50,1.069,6398.458,3.5
140.0,-28.0,333.0,59,1.672,155008.391,3.05
140.0,-27.0,333.0,55,1.436,29539.120,3.05
140.0,-26.0,333.0,51,1.170,4128.014,3.05
140.0,-25.0,388.5,50,1.147,3505.584,3.05
140.0,-24.0,444.0,51,1.002,1253.444,3.05
140.0,-23.0,499.5,55,0.978,1176.652,3.05
140.0,-22.0,610.5,62,1.019,1766.696,3.05
140.0,-21.0,666.0,61,1.078,2640.091,3.05
140.0,-20.0,721.5,56,1.102,2899.274,3.05
140.0,-19.0,721.5,51,1.091,2518.144,3.05
140.0,-18.0,721.5,51,1.168,4324.277,3.05
140.0,-17.0,721.5,57,1.010,1564.878,3.05
140.0,-16.0,777.0,66,1.007,1799.562,3.05
140.0,-15.0,777.0,62,0.921,890.168,3.05
140.0,-14.0,777.0,55,0.845,463.674,3.05
140.0,-13.0,832.5,54,0.860,504.740,3.05
140.0,-12.0,888.0,52,0.859,492.503,3.05
140.0,-11.0,999.0,60,0.921,878.240,3.05
140.0,-10.0,1332.0,58,0.962,3154.440,3.5
140.0,-9.0,1387.5,59,0.950,2902.210,3.5
140.0,-8.0,1443.0,57,0.953,2870.355,3.5
140.0,-7.0,1498.5,52,0.931,2200.546,3.5
141.0,-45.0,832.5,51,1.076,6935.386,3.5
141.0,-44.0,721.5,50,1.077,6850.028,3.5
141.0,-43.0,666.0,55,1.089,8260.877,3.5
141.0,-42.0,610.5,59,1.112,10625.629,3.5
141.0,-41.0,555.0,56,1.160,14882.760,3.5
141.0,-40.0,499.5,53,1.216,21921.305,3.5
141.0,-39.0,277.5,72,1.236,6637.034,3.0
141.0,-38.0,222.0,63,1.255,6627.549,3.0
141.0,-37.0,222.0,60,1.191,3903.015,3.0
141.0,-36.0,277.5,55,1.198,3768.892,3.0
141.0,-35.0,277.5,60,1.397,15787.948,3.0
141.0,-34.0,277.5,92,1.363,20432.263,3.0
141.0,-33.0,277.5,126,1.156,6725.123,3.0
141.0,-32.0,277.5,137,1.102,5085.369,3.0
141.0,-31.0,277.5,113,1.121,4596.619,3.0
141.0,-30.0,277.5,65,1.287,8196.848,3.0
141.0,-29.0,277.5,60,1.217,4725.376,3.0
141.0,-28.0,333.0,63,1.308,9121.864,3.0
141.0,-27.0,388.5,75,1.311,11439.098,3.0
141.0,-26.0,666.0,66,1.063,8052.042,3.5
141.0,-25.0,444.0,57,1.212,6160.382,3.05
141.0,-24.0,499.5,57,1.137,3630.427,3.05
141.0,-23.0,555.0,51,1.060,1925.739,3.05
141.0,-22.0,666.0,72,1.017,1960.431,3.05
141.0,-21.0,666.0,53,1.296,10062.588,3.05
141.0,-20.0,721.5,72,1.262,11341.697,3.05
141.0,-19.0,721.5,66,1.227,8128.488,3.05
141.0,-18.0,666.0,52,1.264,8542.824,3.05
141.0,-17.0,666.0,54,1.126,3417.536,3.05
141.0,-16.0,666.0,56,0.986,1316.616,3.05
141.0,-15.0,666.0,50,0.967,1014.712,3.05
141.0,-14.0,721.5,50,0.970,1041.523,3.05
141.0,-13.0,777.0,53,0.941,861.285,3.05
141.0,-12.0,832.5,50,0.866,484.951,3.05
141.0,-11.0,943.5,56,0.879,590.209,3.05
141.0,-10.0,1387.5,60,0.964,3320.255,3.5
141.0,-9.0,1443.0,55,0.928,2266.591,3.5
141.0,-8.0,1498.5,54,0.943,2513.586,3.5
141.0,-7.0,1554.0,56,0.937,2496.057,3.5
142.0,-45.0,832.5,50,1.065,6187.015,3.5
142.0,-44.0,777.0,67,1.148,16111.893,3.5
142.0,-43.0,666.0,57,1.136,12443.569,3.5
142.0,-42.0,555.0,51,1.103,8540.072,3.5
142.0,-41.0,499.5,55,1.177,16756.644,3.5
142.0,-40.0,444.0,52,1.333,54819.017,3.5
142.0,-39.0,277.5,82,1.111,3152.641,3.0
142.0,-38.0,277.5,95,1.100,3407.132,3.0
142.0,-37.0,277.5,83,1.278,9771.097,3.0
142.0,-36.0,277.5,58,1.320,8978.321,3.0
142.0,-35.0,333.0,97,1.319,15507.108,3.0
142.0,-34.0,333.0,84,1.303,11743.444,3.0
142.0,-33.0,333.0,63,1.215,5134.709,3.0
142.0,-32.0,333.0,69,0.948,932.411,3.0
142.0,-31.0,333.0,73,0.999,1336.925,3.0
142.0,-30.0,333.0,73,1.226,6192.886,3.0
142.0,-29.0,277.5,54,1.041,1343.548,3.0
142.0,-28.0,333.0,61,1.207,4588.864,3.0
142.0,-27.0,388.5,65,1.199,4592.210,3.0
142.0,-26.0,444.0,54,1.430,18994.749,3.0
142.0,-25.0,499.5,56,1.523,36513.974,3.0
142.0,-24.0,555.0,62,1.355,13014.359,3.0
142.0,-23.0,832.5,60,0.990,4069.221,3.5
142.0,-22.0,666.0,58,1.409,24857.883,3.05
142.0,-21.0,666.0,60,1.160,4548.527,3.05
142.0,-20.0,610.5,52,1.236,6890.264,3.05
142.0,-19.0,610.5,55,1.229,6972.009,3.05
142.0,-18.0,610.5,53,1.202,5503.879,3.05
142.0,-17.0,610.5,52,1.120,3095.601,3.05
142.0,-16.0,610.5,50,1.030,1625.225,3.05
142.0,-15.0,666.0,55,0.957,1068.358,3.05
142.0,-14.0,666.0,52,0.971,1119.589,3.05
142.0,-13.0,721.5,51,0.965,1023.143,3.05
142.0,-12.0,832.5,60,0.922,866.337,3.05
142.0,-11.0,888.0,60,0.903,756.014,3.05
142.0,-10.0,1387.5,52,0.925,2101.282,3.5
142.0,-9.0,1443.0,52,0.946,2477.180,3.5
142.0,-8.0,1498.5,50,0.968,2853.477,3.5
142.0,-7.0,1609.5,55,0.947,2650.204,3.5
143.0,-45.0,832.5,57,1.149,13815.990,3.5
143.0,-44.0,721.5,55,1.127,11168.049,3.5
143.0,-43.0,610.5,52,1.119,9924.523,3.5
143.0,-42.0,555.0,62,1.175,18595.585,3.5
143.0,-41.0,222.0,57,1.146,1837.013,3.0
143.0,-40.0,222.0,67,1.025,939.501,3.0
143.0,-39.0,222.0,81,0.999,864.314,3.0
143.0,-38.0,388.5,63,1.208,24458.241,3.5
143.0,-37.0,222.0,51,1.446,19536.596,3.0
143.0,-36.0,222.0,58,1.295,8062.109,3.0
143.0,-35.0,277.5,60,1.248,5978.063,3.0
143.0,-34.0,333.0,70,1.161,3857.922,3.0
143.0,-33.0,388.5,72,1.037,1763.841,3.0
143.0,-32.0,388.5,61,0.939,779.789,3.0
143.0,-31.0,333.0,52,0.965,786.050,3.0
143.0,-30.0,333.0,55,1.125,2478.287,3.0
143.0,-29.0,333.0,55,1.107,2239.886,3.0
143.0,-28.0,388.5,63,1.143,3134.072,3.0
143.0,-27.0,388.5,51,1.189,3379.694,3.0
143.0,-26.0,444.0,51,1.384,13091.379,3.0
143.0,-25.0,555.0,65,1.256,7012.042,3.0
143.0,-24.0,610.5,75,1.349,15403.319,3.0
143.0,-23.0,610.5,53,1.468,23572.018,3.0
143.0,-22.0,610.5,53,1.198,3768.892,3.0
143.0,-21.0,610.5,69,0.951,950.443,3.0
143.0,-20.0,943.5,58,1.046,6183.660,3.5
143.0,-19.0,555.0,56,1.147,3897.587,3.05
143.0,-18.0,555.0,54,1.122,3272.086,3.05
143.0,-17.0,555.0,52,1.114,3023.065,3.05
143.0,-16.0,610.5,53,1.005,1448.124,3.05
143.0,-15.0,666.0,57,0.933,939.183,3.05
143.0,-14.0,666.0,50,0.965,1023.143,3.05
143.0,-13.0,721.5,51,0.933,832.698,3.05
143.0,-12.0,777.0,51,0.936,852.145,3.05
143.0,-11.0,888.0,58,0.914,804.418,3.05
143.0,-10.0,1443.0,52,0.946,2477.180,3.5
143.0,-9.0,1498.5,51,0.935,2231.645,3.5
143.0,-8.0,1554.0,51,0.935,2231.645,3.5
143.0,-7.0,1609.5,53,0.905,1822.532,3.5
144.0,-45.0,832.5,62,1.115,11466.074,3.5
144.0,-44.0,721.5,62,1.115,11466.074,3.5
144.0,-43.0,610.5,58,1.138,12889.646,3.5
144.0,-42.0,222.0,85,1.247,4389.545,3.0
144.0,-41.0,166.5,68,1.304,5575.597,3.0
144.0,-40.0,166.5,56,1.067,992.613,3.0
144.0,-39.0,166.5,71,0.998,731.506,3.0
144.0,-38.0,222.0,129,1.050,1862.908,3.0
144.0,-37.0,166.5,57,1.121,1439.064,3.0
144.0,-36.0,166.5,54,1.327,9468.311,3.0
144.0,-35.0,222.0,52,1.268,6047.524,3.0
144.0,-34.0,333.0,74,1.208,5648.834,3.0
144.0,-33.0,388.5,112,1.182,7350.812,3.0
144.0,-32.0,388.5,65,1.012,1394.137,3.0
144.0,-31.0,333.0,51,0.965,786.050,3.0
144.0,-30.0,333.0,51,0.993,973.347,3.0
144.0,-29.0,388.5,57,1.048,1589.700,3.0
144.0,-28.0,388.5,50,1.075,1665.345,3.0
144.0,-27.0,444.0,59,1.069,1834.613,3.0
144.0,-26.0,499.5,62,1.173,3840.419,3.0
144.0,-25.0,555.0,64,1.222,5578.191,3.0
144.0,-24.0,610.5,69,1.242,7000.630,3.0
144.0,-23.0,610.5,55,1.305,7967.114,3.0
144.0,-22.0,610.5,63,0.881,534.295,3.0
144.0,-21.0,555.0,68,0.912,717.483,3.0
144.0,-20.0,499.5,64,0.911,677.295,3.0
144.0,-19.0,444.0,56,0.961,846.152,3.0
144.0,-18.0,444.0,53,0.941,695.038,3.0
144.0,-17.0,1110.0,55,1.009,4341.746,3.5
144.0,-16.0,555.0,51,1.014,1488.086,3.05
144.0,-15.0,666.0,53,0.980,1212.779,3.05
144.0,-14.0,666.0,51,0.981,1170.264,3.05
144.0,-13.0,721.5,51,0.949,936.270,3.05
144.0,-12.0,777.0,52,0.919,772.542,3.05
144.0,-11.0,888.0,53,0.919,784.536,3.05
144.0,-10.0,1443.0,51,0.944,2399.897,3.5
144.0,-9.0,1554.0,55,0.956,2840.738,3.5
144.0,-8.0,1609.5,52,0.922,2053.855,3.5
144.0,-7.0,1665.0,51,0.912,1852.759,3.5
145.0,-45.0,832.5,64,1.142,14716.626,3.5
145.0,-44.0,721.5,63,1.136,13821.190,3.5
145.0,-43.0,222.0,68,1.181,2392.288,3.0
145.0,-42.0,166.5,63,1.243,3316.705,3.0
145.0,-41.0,166.5,90,1.314,6787.578,3.0
145.0,-40.0,166.5,82,1.182,2705.136,3.0
145.0,-39.0,166.5,108,0.996,1220.399,3.0
145.0,-38.0,166.5,94,1.093,1928.218,3.0
145.0,-37.0,166.5,71,1.136,2226.574,3.0
145.0,-36.0,166.5,81,1.173,3122.804,3.0
145.0,-35.0,222.0,56,1.268,6819.548,3.0
145.0,-34.0,277.5,76,1.189,5274.439,3.0
145.0,-33.0,333.0,79,1.356,17891.585,3.0
145.0,-32.0,388.5,93,1.184,6496.204,3.0
145.0,-31.0,388.5,59,0.998,1168.901,3.0
145.0,-30.0,388.5,56,0.970,928.621,3.0
145.0,-29.0,444.0,72,0.960,1108.110,3.0
145.0,-28.0,444.0,57,0.973,950.698,3.0
145.0,-27.0,499.5,70,0.982,1263.500,3.0
145.0,-26.0,555.0,80,1.071,2562.679,3.0
145.0,-25.0,555.0,50,1.139,2575.117,3.0
145.0,-24.0,610.5,59,1.136,2938.650,3.0
145.0,-23.0,610.5,56,0.906,557.262,3.0
145.0,-22.0,555.0,55,0.824,311.251,3.0
145.0,-21.0,499.5,59,0.789,263.571,3.0
145.0,-20.0,444.0,61,0.864,466.478,3.0
145.0,-19.0,388.5,54,0.885,481.138,3.0
145.0,-18.0,388.5,52,0.944,692.624,3.0
145.0,-17.0,499.5,57,0.896,550.911,3.0
145.0,-16.0,555.0,51,0.843,339.809,3.0
145.0,-15.0,610.5,50,0.858,368.430,3.0
145.0,-14.0,1221.0,52,1.014,4297.734,3.5
145.0,-13.0,721.5,52,0.965,1066.130,3.05
145.0,-12.0,832.5,57,0.895,714.483,3.05
145.0,-11.0,888.0,52,0.919,772.542,3.05
145.0,-10.0,1387.5,50,0.930,2106.101,3.5
145.0,-9.0,1498.5,51,0.944,2399.897,3.5
145.0,-8.0,1609.5,51,0.944,2399.897,3.5
145.0,-7.0,1720.5,53,0.947,2554.936,3.5
146.0,-45.0,832.5,64,1.051,7101.256,3.5
146.0,-44.0,222.0,52,1.354,6141.585,3.0
146.0,-43.0,166.5,54,1.331,5575.665,3.0
146.0,-42.0,166.5,60,1.282,3987.280,3.0
146.0,-41.0,166.5,66,1.110,1048.176,3.0
146.0,-40.0,222.0,161,1.106,3265.150,3.0
146.0,-39.0,166.5,154,1.012,1972.030,3.0
146.0,-38.0,166.5,182,1.050,2934.080,3.0
146.0,-37.0,166.5,93,1.077,1791.158,3.0
146.0,-36.0,166.5,57,1.088,1208.596,3.0
146.0,-35.0,222.0,131,1.226,6928.990,3.0
146.0,-34.0,222.0,60,1.319,10376.728,3.0
146.0,-33.0,277.5,73,1.378,18839.802,3.0
146.0,-32.0,333.0,73,1.278,9642.817,3.0
146.0,-31.0,388.5,59,1.042,1604.819,3.0
146.0,-30.0,388.5,50,0.967,826.672,3.0
146.0,-29.0,388.5,50,0.904,540.022,3.0
146.0,-28.0,444.0,53,0.906,579.823,3.0
146.0,-27.0,499.5,61,0.902,646.448,3.0
146.0,-26.0,499.5,50,0.998,1000.895,3.0
146.0,-25.0,555.0,65,1.084,2288.726,3.0
146.0,-24.0,610.5,76,0.911,812.754,3.0
146.0,-23.0,610.5,68,0.859,498.573,3.0
146.0,-22.0,555.0,55,0.856,388.572,3.0
146.0,-21.0,499.5,67,0.871,532.725,3.0
146.0,-20.0,388.5,53,0.848,360.143,3.0
146.0,-19.0,388.5,62,0.849,434.920,3.0
146.0,-18.0,388.5,58,0.898,567.647,3.0
146.0,-17.0,444.0,54,0.867,426.863,3.0
146.0,-16.0,555.0,59,0.844,400.873,3.0
146.0,-15.0,555.0,50,0.843,333.004,3.0
146.0,-14.0,666.0,52,0.865,405.428,3.0
146.0,-13.0,721.5,51,0.851,360.420,3.0
146.0,-12.0,832.5,57,0.840,374.165,3.0
146.0,-11.0,1387.5,52,0.949,2537.908,3.5
146.0,-10.0,1443.0,50,0.930,2106.101,3.5
146.0,-9.0,1498.5,50,0.930,2106.101,3.5
146.0,-8.0,1609.5,50,0.930,2106.101,3.5
146.0,-7.0,1720.5,51,0.944,2399.897,3.5
147.0,-45.0,832.5,64,1.039,6426.826,3.5
147.0,-44.0,222.0,51,1.460,13053.564,3.0
147.0,-43.0,222.0,87,1.315,8123.577,3.0
147.0,-42.0,222.0,94,1.252,5393.638,3.0
147.0,-41.0,222.0,67,1.063,862.154,3.0
147.0,-40.0,222.0,66,0.980,657.887,3.0
147.0,-39.0,166.5,112,1.003,1394.294,3.0
147.0,-38.0,166.5,162,0.992,1804.045,3.0
147.0,-37.0,166.5,107,1.137,2997.740,3.0
147.0,-36.0,166.5,72,1.239,3736.148,3.0
147.0,-35.0,166.5,88,1.481,24376.405,3.0
147.0,-34.0,388.5,77,1.435,181854.303,3.5
147.0,-33.0,222.0,78,1.490,42487.606,3.0
147.0,-32.0,277.5,65,1.352,14161.263,3.0
147.0,-31.0,388.5,125,1.184,8352.413,3.0
147.0,-30.0,388.5,77,1.030,1866.439,3.0
147.0,-29.0,388.5,55,0.900,556.411,3.0
147.0,-28.0,444.0,56,0.845,387.275,3.0
147.0,-27.0,499.5,71,0.907,760.344,3.0
147.0,-26.0,499.5,63,0.919,739.017,3.0
147.0,-25.0,499.5,54,1.057,1560.696,3.0
147.0,-24.0,555.0,77,0.871,602.021,3.0
147.0,-23.0,555.0,69,0.899,657.545,3.0
147.0,-22.0,499.5,50,0.788,224.090,3.0
147.0,-21.0,499.5,64,0.833,389.671,3.0
147.0,-20.0,388.5,50,0.788,232.987,3.0
147.0,-19.0,388.5,58,0.835,361.667,3.0
147.0,-18.0,388.5,58,0.816,323.833,3.0
147.0,-17.0,444.0,59,0.830,363.346,3.0
147.0,-16.0,555.0,65,0.822,381.580,3.0
147.0,-15.0,555.0,50,0.867,392.244,3.0
147.0,-14.0,666.0,54,0.822,312.573,3.0
147.0,-13.0,777.0,56,0.837,361.030,3.0
147.0,-12.0,1332.0,50,0.949,2442.671,3.5
147.0,-11.0,1387.5,50,0.988,3359.578,3.5
147.0,-10.0,1443.0,51,0.956,2651.127,3.5
147.0,-9.0,1554.0,52,0.937,2306.069,3.5
147.0,-8.0,1609.5,50,0.930,2106.101,3.5
147.0,-7.0,1665.0,50,0.930,2106.101,3.5
148.0,-45.0,832.5,66,1.024,5886.473,3.5
148.0,-44.0,277.5,61,1.441,14179.697,3.0
148.0,-43.0,277.5,84,1.327,8690.856,3.0
148.0,-42.0,277.5,95,1.179,3535.737,3.0
148.0,-41.0,277.5,62,1.040,821.492,3.0
148.0,-40.0,277.5,115,1.043,1743.252,3.0
148.0,-39.0,222.0,117,1.126,3275.492,3.0
148.0,-38.0,166.5,65,1.564,32710.088,3.0
148.0,-37.0,166.5,115,1.145,3031.556,3.0
148.0,-36.0,166.5,148,1.406,22379.675,3.0
148.0,-35.0,166.5,270,1.473,72428.478,3.0
148.0,-34.0,166.5,304,1.498,100311.740,3.0
148.0,-33.0,333.0,59,1.420,124223.585,3.5
148.0,-32.0,277.5,107,1.366,24124.801,3.0
148.0,-31.0,333.0,87,1.328,15317.019,3.0
148.0,-30.0,333.0,67,1.119,2945.443,3.0
148.0,-29.0,388.5,79,0.932,978.565,3.0
148.0,-28.0,388.5,53,0.883,465.218,3.0
148.0,-27.0,444.0,75,0.912,807.785,3.0
148.0,-26.0,444.0,73,0.896,702.727,3.0
148.0,-25.0,444.0,60,0.924,681.140,3.0
148.0,-24.0,499.5,80,0.959,1128.465,3.0
148.0,-23.0,499.5,71,0.895,657.895,3.0
148.0,-22.0,499.5,60,0.844,400.873,3.0
148.0,-21.0,444.0,52,0.797,258.065,3.0
148.0,-20.0,444.0,63,0.839,421.840,3.0
148.0,-19.0,388.5,53,0.797,264.586,3.0
148.0,-18.0,444.0,58,0.803,301.775,3.0
148.0,-17.0,444.0,50,0.786,235.512,3.0
148.0,-16.0,555.0,61,0.835,388.909,3.0
148.0,-15.0,610.5,57,0.820,327.498,3.0
148.0,-14.0,721.5,60,0.804,308.372,3.0
148.0,-13.0,1332.0,51,0.993,3545.633,3.5
148.0,-12.0,1387.5,50,0.985,3267.514,3.5
148.0,-11.0,1443.0,50,0.949,2442.671,3.5
148.0,-10.0,1498.5,50,0.985,3267.514,3.5
148.0,-9.0,1554.0,50,0.988,3359.578,3.5
148.0,-8.0,1609.5,51,0.956,2651.127,3.5
148.0,-7.0,1720.5,52,0.937,2306.069,3.5
149.0,-45.0,832.5,71,0.969,4094.641,3.5
149.0,-44.0,721.5,62,1.014,5119.503,3.5
149.0,-43.0,666.0,75,1.048,8139.035,3.5
149.0,-42.0,555.0,56,1.235,27051.550,3.5
149.0,-41.0,499.5,56,1.292,42614.357,3.5
149.0,-40.0,444.0,55,1.224,24195.950,3.5
149.0,-39.0,222.0,67,1.259,4653.461,3.0
149.0,-38.0,166.5,51,1.331,5427.516,3.0
149.0,-37.0,166.5,107,1.327,8987.775,3.0
149.0,-36.0,166.5,164,1.418,26027.279,3.0
149.0,-35.0,166.5,417,1.498,127633.990,3.0
149.0,-34.0,166.5,439,1.490,133562.061,3.0
149.0,-33.0,166.5,122,1.321,12633.715,3.0
149.0,-32.0,333.0,54,1.274,35543.387,3.5
149.0,-31.0,277.5,72,1.189,4680.489,3.0
149.0,-30.0,277.5,64,1.117,2765.742,3.0
149.0,-29.0,277.5,52,0.973,829.292,3.0
149.0,-28.0,333.0,52,0.869,407.189,3.0
149.0,-27.0,388.5,84,0.929,1008.020,3.0
149.0,-26.0,388.5,75,0.918,806.616,3.0
149.0,-25.0,388.5,60,0.961,846.152,3.0
149.0,-24.0,444.0,76,1.026,1689.746,3.0
149.0,-23.0,444.0,70,0.910,727.488,3.0
149.0,-22.0,444.0,59,0.888,541.630,3.0
149.0,-21.0,444.0,54,0.775,226.366,3.0
149.0,-20.0,444.0,50,0.771,207.910,3.0
149.0,-19.0,444.0,59,0.793,286.876,3.0
149.0,-18.0,444.0,55,0.769,225.355,3.0
149.0,-17.0,499.5,54,0.776,232.557,3.0
149.0,-16.0,555.0,50,0.740,171.178,3.0
149.0,-15.0,666.0,58,0.801,303.895,3.0
149.0,-14.0,1221.0,51,1.000,3748.927,3.5
149.0,-13.0,1332.0,54,1.001,4025.763,3.5
149.0,-12.0,1443.0,55,1.012,4459.418,3.5
149.0,-11.0,1554.0,56,0.987,3710.704,3.5
149.0,-10.0,1554.0,50,0.949,2442.671,3.5
149.0,-9.0,1609.5,50,0.949,2442.671,3.5
149.0,-8.0,1665.0,50,0.985,3267.514,3.5
149.0,-7.0,1720.5,50,0.988,3359.578,3.5
150.0,-45.0,777.0,51,0.848,1102.697,3.5
150.0,-44.0,721.5,57,0.920,2217.539,3.5
150.0,-43.0,610.5,50,0.968,2853.477,3.5
150.0,-42.0,555.0,54,1.191,18292.221,3.5
150.0,-41.0,499.5,51,1.267,31733.835,3.5
150.0,-40.0,499.5,73,1.169,20709.024,3.5
150.0,-39.0,499.5,69,1.258,39972.275,3.5
150.0,-38.0,222.0,82,1.590,49515.584,3.0
150.0,-37.0,166.5,75,1.691,92740.954,3.0
150.0,-36.0,166.5,94,1.580,46268.577,3.0
150.0,-35.0,166.5,273,1.260,16528.709,3.0
150.0,-34.0,166.5,248,1.358,30333.831,3.0
150.0,-33.0,166.5,107,1.216,5278.804,3.0
150.0,-32.0,166.5,53,1.250,3844.738,3.0
150.0,-31.0,222.0,67,1.346,12490.136,3.0
150.0,-30.0,222.0,64,1.102,2451.074,3.0
150.0,-29.0,222.0,50,1.002,966.466,3.0
150.0,-28.0,333.0,89,0.980,1505.898,3.0
150.0,-27.0,333.0,88,0.925,997.264,3.0
150.0,-26.0,333.0,60,0.898,539.524,3.0
150.0,-25.0,333.0,55,1.019,1134.680,3.0
150.0,-24.0,333.0,56,1.064,1574.360,3.0
150.0,-23.0,388.5,67,1.012,1394.137,3.0
150.0,-22.0,444.0,84,0.854,612.796,3.0
150.0,-21.0,444.0,56,0.795,275.686,3.0
150.0,-20.0,499.5,60,0.783,267.435,3.0
150.0,-19.0,499.5,56,0.740,189.092,3.0
150.0,-18.0,499.5,55,0.771,228.606,3.0
150.0,-17.0,555.0,58,0.788,272.466,3.0
150.0,-16.0,555.0,50,0.786,235.512,3.0
150.0,-15.0,1165.5,55,1.050,6074.637,3.5
150.0,-14.0,1221.0,50,1.017,4233.145,3.5
150.0,-13.0,1332.0,54,1.001,4025.763,3.5
150.0,-12.0,1387.5,50,0.985,3267.514,3.5
150.0,-11.0,1498.5,50,0.985,3267.514,3.5
150.0,-10.0,1609.5,52,0.983,3355.178,3.5
150.0,-9.0,1665.0,50,0.949,2442.671,3.5
150.0,-8.0,1720.5,50,0.949,2442.671,3.5
150.0,-7.0,1831.5,54,0.951,2695.734,3.5
151.0,-45.0,832.5,54,0.870,1396.730,3.5
151.0,-44.0,777.0,62,0.958,3273.386,3.5
151.0,-43.0,666.0,53,0.950,2616.602,3.5
151.0,-42.0,610.5,55,1.005,4228.080,3.5
151.0,-41.0,555.0,53,1.071,6882.696,3.5
151.0,-40.0,555.0,70,0.985,4592.648,3.5
151.0,-39.0,499.5,59,0.998,4275.570,3.5
151.0,-38.0,499.5,77,1.237,37635.477,3.5
151.0,-37.0,166.5,54,1.657,51530.157,3.0
151.0,-36.0,166.5,62,1.754,114008.967,3.0
151.0,-35.0,166.5,96,1.073,1548.499,3.0
151.0,-34.0,166.5,127,1.068,2208.520,3.0
151.0,-33.0,166.5,102,1.255,6606.296,3.0
151.0,-32.0,166.5,64,1.434,15386.940,3.0
151.0,-31.0,222.0,70,1.284,9088.411,3.0
151.0,-30.0,222.0,62,1.225,5295.533,3.0
151.0,-29.0,222.0,53,1.060,1506.223,3.0
151.0,-28.0,277.5,65,0.985,1146.320,3.0
151.0,-27.0,277.5,51,0.894,433.066,3.0
151.0,-26.0,277.5,58,1.061,1609.703,3.0
151.0,-25.0,277.5,63,1.078,1946.460,3.0
151.0,-24.0,277.5,59,1.018,1217.936,3.0
151.0,-23.0,333.0,63,1.005,1290.210,3.0
151.0,-22.0,388.5,65,1.039,1683.995,3.0
151.0,-21.0,444.0,59,0.803,301.775,3.0
151.0,-20.0,499.5,50,0.728,151.173,3.0
151.0,-19.0,555.0,52,0.730,162.725,3.0
151.0,-18.0,610.5,68,0.776,295.169,3.0
151.0,-17.0,610.5,57,0.757,216.008,3.0
151.0,-16.0,1054.5,52,1.044,5445.043,3.5
151.0,-15.0,1165.5,52,1.044,5445.043,3.5
151.0,-14.0,1276.5,55,1.050,6074.637,3.5
151.0,-13.0,1332.0,52,1.025,4687.443,3.5
151.0,-12.0,1443.0,56,0.999,4104.093,3.5
151.0,-11.0,1498.5,52,0.983,3355.178,3.5
151.0,-10.0,1609.5,53,0.991,3629.492,3.5
151.0,-9.0,1720.5,54,1.001,4025.763,3.5
151.0,-8.0,1831.5,55,0.977,3360.607,3.5
151.0,-7.0,1887.0,51,0.963,2789.730,3.5
152.0,-45.0,888.0,56,0.919,2148.383,3.5
152.0,-44.0,777.0,50,0.913,1827.966,3.5
152.0,-43.0,721.5,51,0.953,2585.203,3.5
152.0,-42.0,721.5,76,1.008,5961.812,3.5
152.0,-41.0,666.0,78,0.958,4098.336,3.5
152.0,-40.0,610.5,69,0.980,4327.842,3.5
152.0,-39.0,555.0,54,0.998,3920.256,3.5
152.0,-38.0,499.5,60,1.103,10047.143,3.5
152.0,-37.0,499.5,75,1.256,42757.162,3.5
152.0,-36.0,444.0,62,1.255,35042.399,3.5
152.0,-35.0,222.0,97,1.179,3431.789,3.0
152.0,-34.0,222.0,154,1.095,3120.072,3.0
152.0,-33.0,166.5,75,1.222,3922.708,3.0
152.0,-32.0,222.0,95,1.184,3955.398,3.0
152.0,-31.0,222.0,54,1.261,6137.854,3.0
152.0,-30.0,222.0,55,1.219,4438.190,3.0
152.0,-29.0,277.5,66,1.145,3231.018,3.0
152.0,-28.0,333.0,87,1.052,2279.877,3.0
152.0,-27.0,277.5,51,0.911,496.683,3.0
152.0,-26.0,277.5,71,1.136,3305.981,3.0
152.0,-25.0,222.0,59,1.112,2316.701,3.0
152.0,-24.0,222.0,51,1.060,1506.223,3.0
152.0,-23.0,333.0,70,1.067,2197.177,3.0
152.0,-22.0,388.5,63,1.026,1509.389,3.0
152.0,-21.0,444.0,63,0.897,618.242,3.0
152.0,-20.0,499.5,53,0.832,335.217,3.0
152.0,-19.0,610.5,63,0.758,236.694,3.0
152.0,-18.0,666.0,57,0.707,152.847,3.0
152.0,-17.0,999.0,51,1.029,4731.905,3.5
152.0,-16.0,1054.5,50,1.052,5604.403,3.5
152.0,-15.0,1110.0,50,1.025,4496.605,3.5
152.0,-14.0,1221.0,50,1.025,4496.605,3.5
152.0,-13.0,1332.0,50,1.025,4496.605,3.5
152.0,-12.0,1443.0,52,1.052,5792.298,3.5
152.0,-11.0,1554.0,56,1.016,4675.855,3.5
152.0,-10.0,1609.5,52,0.993,3636.375,3.5
152.0,-9.0,1720.5,54,0.992,3719.815,3.5
152.0,-8.0,1831.5,55,1.002,4118.256,3.5
152.0,-7.0,1887.0,50,0.988,3359.578,3.5
153.0,-45.0,943.5,57,0.931,2411.153,3.5
153.0,-44.0,832.5,50,0.913,1827.966,3.5
153.0,-43.0,832.5,70,0.971,4087.120,3.5
153.0,-42.0,777.0,76,1.030,7121.814,3.5
153.0,-41.0,721.5,73,1.035,7131.708,3.5
153.0,-40.0,666.0,61,0.942,2818.054,3.5
153.0,-39.0,666.0,85,1.039,8590.170,3.5
153.0,-38.0,555.0,62,1.068,7899.615,3.5
153.0,-37.0,499.5,56,1.246,29509.359,3.5
153.0,-36.0,499.5,65,1.313,58151.683,3.5
153.0,-35.0,444.0,55,1.257,31546.695,3.5
153.0,-34.0,444.0,59,1.228,26800.713,3.5
153.0,-33.0,222.0,67,1.085,1476.143,3.0
153.0,-32.0,277.5,97,1.177,4055.806,3.0
153.0,-31.0,277.5,54,1.170,3250.232,3.0
153.0,-30.0,333.0,75,1.154,3913.908,3.0
153.0,-29.0,333.0,65,1.227,5665.749,3.0
153.0,-28.0,333.0,56,1.014,1163.944,3.0
153.0,-27.0,333.0,68,1.058,1906.763,3.0
153.0,-26.0,277.5,71,1.085,2378.479,3.0
153.0,-25.0,222.0,53,1.038,1262.783,3.0
153.0,-24.0,277.5,60,1.009,1215.870,3.0
153.0,-23.0,333.0,60,0.987,1067.312,3.0
153.0,-22.0,388.5,57,0.994,1078.204,3.0
153.0,-21.0,444.0,53,0.961,826.019,3.0
153.0,-20.0,555.0,69,0.910,750.064,3.0
153.0,-19.0,832.5,50,1.014,4108.918,3.5
153.0,-18.0,943.5,53,1.040,5376.893,3.5
153.0,-17.0,999.0,51,1.014,4203.303,3.5
153.0,-16.0,1110.0,51,1.014,4203.303,3.5
153.0,-15.0,1165.5,51,1.032,4877.352,3.5
153.0,-14.0,1221.0,50,1.025,4496.605,3.5
153.0,-13.0,1332.0,50,1.025,4496.605,3.5
153.0,-12.0,1443.0,50,1.025,4496.605,3.5
153.0,-11.0,1554.0,52,1.052,5792.298,3.5
153.0,-10.0,1665.0,55,1.012,4459.418,3.5
153.0,-9.0,1720.5,51,0.989,3449.365,3.5
153.0,-8.0,1831.5,52,0.997,3736.908,3.5
153.0,-7.0,1942.5,53,1.001,3933.373,3.5
154.0,-45.0,943.5,50,0.916,1870.812,3.5
154.0,-44.0,943.5,64,0.979,3975.972,3.5
154.0,-43.0,888.0,69,1.032,6598.770,3.5
154.0,-42.0,832.5,67,0.994,4702.464,3.5
154.0,-41.0,777.0,59,1.029,5496.597,3.5
154.0,-40.0,777.0,87,0.990,5928.927,3.5
154.0,-39.0,721.5,76,0.965,4215.370,3.5
154.0,-38.0,610.5,51,0.979,3180.282,3.5
154.0,-37.0,555.0,55,0.980,3444.766,3.5
154.0,-36.0,555.0,74,1.219,31341.258,3.5
154.0,-35.0,555.0,69,1.291,52034.667,3.5
154.0,-34.0,555.0,69,1.306,58567.628,3.5
154.0,-33.0,499.5,50,1.267,31017.976,3.5
154.0,-32.0,499.5,50,1.260,29478.537,3.5
154.0,-31.0,555.0,56,1.252,30842.600,3.5
154.0,-30.0,610.5,67,1.291,50585.102,3.5
154.0,-29.0,388.5,69,1.251,6998.494,3.0
154.0,-28.0,388.5,54,1.060,1506.223,3.0
154.0,-27.0,388.5,74,1.090,2531.904,3.0
154.0,-26.0,333.0,82,1.056,2289.501,3.0
154.0,-25.0,277.5,51,1.219,4438.190,3.0
154.0,-24.0,333.0,67,1.005,1332.215,3.0
154.0,-23.0,333.0,50,1.002,1029.497,3.0
154.0,-22.0,444.0,63,0.960,946.968,3.0
154.0,-21.0,832.5,51,0.996,3645.434,3.5
154.0,-20.0,832.5,51,1.003,3856.278,3.5
154.0,-19.0,888.0,51,1.025,4592.020,3.5
154.0,-18.0,999.0,54,1.047,5804.549,3.5
154.0,-17.0,1054.5,51,1.032,4877.352,3.5
154.0,-16.0,1110.0,51,1.014,4203.303,3.5
154.0,-15.0,1221.0,52,0.987,3445.654,3.5
154.0,-14.0,1332.0,55,0.959,2908.227,3.5
154.0,-13.0,1387.5,50,1.025,4496.605,3.5
154.0,-12.0,1498.5,50,1.025,4496.605,3.5
154.0,-11.0,1554.0,50,1.025,4496.605,3.5
154.0,-10.0,1665.0,50,1.025,4496.605,3.5
154.0,-9.0,1776.0,55,1.012,4459.418,3.5
154.0,-8.0,1831.5,50,0.975,3010.361,3.5
154.0,-7.0,1942.5,51,0.982,3266.830,3.5
155.0,-45.0,1054.5,57,0.961,3072.022,3.5
155.0,-44.0,999.0,63,0.983,4061.509,3.5
155.0,-43.0,943.5,61,0.996,4356.242,3.5
155.0,-42.0,888.0,57,1.000,4196.182,3.5
155.0,-41.0,832.5,50,0.933,2157.765,3.5
155.0,-40.0,832.5,83,0.984,5386.275,3.5
155.0,-39.0,777.0,71,0.998,5169.802,3.5
155.0,-38.0,666.0,51,0.979,3180.282,3.5
155.0,-37.0,666.0,78,1.053,8779.393,3.5
155.0,-36.0,610.5,71,1.038,7095.303,3.5
155.0,-35.0,610.5,59,1.213,23797.721,3.5
155.0,-34.0,610.5,55,1.213,22231.602,3.5
155.0,-33.0,610.5,54,1.250,29449.235,3.5
155.0,-32.0,610.5,59,1.270,37471.728,3.5
155.0,-31.0,610.5,50,1.267,31017.976,3.5
155.0,-30.0,666.0,63,1.286,45706.169,3.5
155.0,-29.0,666.0,63,1.246,33036.400,3.5
155.0,-28.0,666.0,54,1.305,45531.419,3.5
155.0,-27.0,721.5,56,1.241,28247.149,3.5
155.0,-26.0,721.5,51,1.186,16589.252,3.5
155.0,-25.0,777.0,50,1.157,12979.018,3.5
155.0,-24.0,832.5,50,1.152,12459.579,3.5
155.0,-23.0,888.0,53,1.022,4647.816,3.5
155.0,-22.0,943.5,52,1.011,4177.227,3.5
155.0,-21.0,943.5,53,1.015,4392.206,3.5
155.0,-20.0,943.5,54,1.012,4365.301,3.5
155.0,-19.0,999.0,59,1.053,6631.441,3.5
155.0,-18.0,1054.5,56,1.039,5663.156,3.5
155.0,-17.0,1110.0,52,1.036,5124.234,3.5
155.0,-16.0,1165.5,50,1.017,4233.145,3.5
155.0,-15.0,1276.5,52,1.029,4827.485,3.5
155.0,-14.0,1332.0,50,1.003,3763.564,3.5
155.0,-13.0,1443.0,54,0.985,3532.534,3.5
155.0,-12.0,1554.0,55,0.959,2908.227,3.5
155.0,-11.0,1609.5,50,1.025,4496.605,3.5
155.0,-10.0,1720.5,50,1.025,4496.605,3.5
155.0,-9.0,1831.5,53,1.018,4517.664,3.5
155.0,-8.0,1887.0,54,0.998,3920.256,3.5
155.0,-7.0,1998.0,55,1.012,4459.418,3.5
156.0,-45.0,1110.0,55,0.941,2532.416,3.5
156.0,-44.0,1054.5,58,0.985,3797.558,3.5
156.0,-43.0,999.0,52,0.943,2418.344,3.5
156.0,-42.0,943.5,50,0.942,2323.105,3.5
156.0,-41.0,943.5,80,0.982,5120.986,3.5
156.0,-40.0,888.0,65,0.995,4620.332,3.5
156.0,-39.0,832.5,66,1.007,5141.307,3.5
156.0,-38.0,777.0,71,1.046,7587.341,3.5
156.0,-37.0,721.5,70,1.058,8221.619,3.5
156.0,-36.0,666.0,63,1.006,4861.399,3.5
156.0,-35.0,666.0,58,1.138,12889.646,3.5
156.0,-34.0,721.5,75,1.333,78772.722,3.5
156.0,-33.0,666.0,51,1.267,31733.835,3.5
156.0,-32.0,666.0,55,1.245,28820.849,3.5
156.0,-31.0,721.5,64,1.209,25072.575,3.5
156.0,-30.0,721.5,52,1.326,51864.880,3.5
156.0,-29.0,721.5,61,1.220,26022.991,3.5
156.0,-28.0,721.5,52,1.306,44104.009,3.5
156.0,-27.0,777.0,54,1.222,23550.082,3.5
156.0,-26.0,832.5,54,1.201,19863.762,3.5
156.0,-25.0,888.0,58,1.202,21427.326,3.5
156.0,-24.0,943.5,57,1.072,7456.405,3.5
156.0,-23.0,943.5,50,1.048,5426.024,3.5
156.0,-22.0,999.0,50,0.985,3267.514,3.5
156.0,-21.0,1054.5,54,1.012,4365.301,3.5
156.0,-20.0,1054.5,54,1.012,4365.301,3.5
156.0,-19.0,1054.5,51,0.989,3449.365,3.5
156.0,-18.0,1110.0,58,1.032,5546.792,3.5
156.0,-17.0,1165.5,51,1.021,4457.451,3.5
156.0,-16.0,1221.0,50,1.010,3989.386,3.5
156.0,-15.0,1332.0,53,1.036,5219.812,3.5
156.0,-14.0,1387.5,50,0.999,3656.880,3.5
156.0,-13.0,1498.5,54,0.982,3443.499,3.5
156.0,-12.0,1554.0,50,1.003,3763.564,3.5
156.0,-11.0,1665.0,52,0.990,3539.340,3.5
156.0,-10.0,1776.0,52,0.990,3539.340,3.5
156.0,-9.0,1887.0,53,0.997,3828.518,3.5
156.0,-8.0,1942.5,50,1.021,4362.295,3.5
156.0,-7.0,1998.0,53,0.984,3443.749,3.5
