FID,earthquake_id,azimuthal_gap,azimuth_horizontal_uncertainty,depth,depth_uncertainty,description,epicentral_time,evaluation_mode,evaluation_status,event_creation_time,event_id,event_modification_time,latitude,longitude,mb,md,ml,ms,mw,mww,mwp,mwmwp,minimum_distance,maximum_distance,nearest_station,origin_id,origin_time,origin_time_uncertainty,phase_count,preferred_magnitude,preferred_magnitude_type,max_horizontal_uncertainty,min_horizontal_uncertainty,source,standard_error,station_count
earthquakes.fid--5708c50e_170e4f7b976_-3289,654256,109.86,89.16,0.3939,14.0344,Sutton; NSW.,,,FINL,2015-11-20T10:10:52,ga2015wupqvl,2015-11-20T10:13:17,-35.1447,149.2456,,,1.15,,,,,,,,,1236069,2015-11-19T20:01:35,0.89,15,1.15,ML,8.1342,5.4439,AUST,0.4437,9
earthquakes.fid--5708c50e_170e4f7b976_-3288,652588,172.88,95.63,0,0,Near Murrumbateman; NSW.,,,FINL,2014-11-19T10:40:03,ga2014wsnwck,2014-11-19T10:42:50,-35.0225,149.1116,,,1.18,,,,,,,,,1083444,2014-11-18T16:58:24,1.99,7,1.18,ML,20.9349,13.1425,AUST,0.5259,5
earthquakes.fid--5708c50e_170e4f7b976_-3287,651475,230.64,64.43,10,0,Gunning; NSW.,,,FINL,2014-03-12T11:01:05,ga2014expspp,2014-03-12T11:23:52,-34.774,149.2865,,,1.26,,,,,,,,,893838,2014-03-11T12:22:33,0.73,8,1.26,ML,7.8496,2.3341,AUST,0.583,5
earthquakes.fid--5708c50e_170e4f7b976_-3286,651319,181.83,242.63,0,1.5924,Oolong; NSW.,,,FINL,2014-02-10T10:25:08,ga2014cqlado,2014-02-10T10:26:45,-34.7675,149.1944,,,1.29,,,,,,,,,880919,2014-02-07T06:36:23,0.02,6,1.29,ML,0.4177,0.0883,AUST,0.2795,4
earthquakes.fid--5708c50e_170e4f7b976_-3285,654413,204.12,177.81,9.3961,11.6153,SW of Goulburn; NSW.,,,FINL,2016-01-08T10:30:56,ga2015ztlvip,2016-01-08T10:32:03,-34.8355,149.6798,,,1.31,,,,,,,,,1259505,2015-12-31T16:50:44,1.91,13,1.31,ML,14.9514,8.3656,AUST,0.3835,7
earthquakes.fid--5708c50e_170e4f7b976_-3284,651106,269.15,175.75,12.7472,2.2797,N of Boorowa; NSW.,,,FINL,2013-12-20T15:41:08,ga2013yxewhy,2013-12-20T15:42:15,-34.1406,148.6728,,,1.31,,,,,,,,,858274,2013-12-19T13:42:12,0.48,7,1.31,ML,4.2794,2.6776,AUST,0.0806,4
earthquakes.fid--5708c50e_170e4f7b976_-3283,654261,160.24,73.45,0,0,Yass area; NSW.,,,FINL,2015-11-23T10:25:06,ga2015wxsvve,2015-11-23T10:34:33,-34.9103,148.878,,,1.32,,,,,,,,,1237298,2015-11-21T12:51:19,0.99,14,1.32,ML,10.8904,5.4137,AUST,0.6137,7
earthquakes.fid--5708c50e_170e4f7b976_-3282,653608,205.97,79.25,0,0,Near Gundaroo; NSW.,,,FINL,2015-05-25T10:15:06,ga2015jylxmf,2015-05-25T10:19:54,-35.006,149.3553,,,1.33,,,,,,,,,1164879,2015-05-21T19:13:48,3.76,5,1.33,ML,54.1014,15.4375,AUST,0.1988,4
earthquakes.fid--5708c50e_170e4f7b976_-3281,650400,197.42,240.26,0,0,Near Gunning; NSW.,,,FINL,2013-06-24T10:25:01,ga2013mdowfs,2013-06-24T10:31:33,-34.8504,149.0659,,,1.33,,,,,,,,,777349,2013-06-21T21:57:58,0.01,5,1.33,ML,0.3356,0.086,AUST,0.6106,3
earthquakes.fid--5708c50e_170e4f7b976_-3280,651204,234.6,238.96,3.2236,0.0742,Dalton; NSW.,,,FINL,2014-01-17T10:55:05,ga2014bcxcqy,2014-01-17T10:57:41,-34.6363,149.2268,,,1.36,,,,,,,,,870123,2014-01-16T17:42:21,0.02,7,1.36,ML,0.4681,0.0955,AUST,0.8876,5
earthquakes.fid--5708c50e_170e4f7b976_-327f,650798,0,,5.7,,Gunning; NSW.,,,FINL,2013-10-08T13:14:25,ga2013tqwure,2013-10-08T13:14:25,-34.7695,149.2416,,,1.37,,,,,,,,,2156772,2013-10-06T07:30:15,,0,1.37,ML,,,AUST,,0
earthquakes.fid--5708c50e_170e4f7b976_-327e,653839,220.69,68.61,0,0,Near Dalton; NSW.,,,FINL,2015-07-21T11:10:55,ga2015oehkzl,2015-07-21T11:34:51,-34.75,149.2209,,,1.39,,,,,,,,,1185625,2015-07-20T15:10:55,4.12,5,1.39,ML,54.3286,15.0345,AUST,0.3033,3
earthquakes.fid--5708c50e_170e4f7b976_-327d,651922,138.29,84.71,0,0,Hall Area; NSW.,,,FINL,2014-06-19T08:50:03,ga2014luvdgz,2014-06-19T08:54:22,-35.0975,149.0355,,,1.39,,,,,,,,,951869,2014-06-17T03:26:54,0.22,6,1.39,ML,2.9064,1.3729,AUST,0.0526,4
earthquakes.fid--5708c50e_170e4f7b976_-327c,651842,139.4,130.2,13.6759,4.0944,Near Bowral; NSW.,,,FINL,2014-05-26T13:31:08,ga2014kdvgpm,2014-05-26T13:31:48,-34.4489,150.3776,,,1.39,,,,,,,,,942418,2014-05-24T17:18:19,0.44,9,1.39,ML,7.9212,2.3061,AUST,0.515,6
earthquakes.fid--5708c50e_170e4f7b976_-327b,651193,249.75,47.93,0,0,Frogmore; NSW.,,,FINL,2014-01-14T10:35:59,ga2014axjesv,2014-01-14T10:39:01,-34.2713,148.9358,,,1.39,,,,,,,,,869111,2014-01-13T17:19:58,0.56,6,1.39,ML,5.628,2.0479,AUST,0.2032,4
earthquakes.fid--5708c50e_170e4f7b976_-327a,654412,327.41,99.61,11.5004,73.2853,Boorowa; NSW.,,,FINL,2016-01-01T04:26:52,ga2015ztkeji,2016-01-01T04:30:40,-34.4571,148.9518,,,1.4,,,,,,,,,1256696,2015-12-31T16:00:52,5.58,7,1.4,ML,47.489,29.3024,AUST,0.1532,4
earthquakes.fid--5708c50e_170e4f7b976_-3279,653840,215.84,82.84,4.7148,80.4367,Near Dalton; NSW.,,,FINL,2015-07-21T11:50:56,ga2015oeixuu,2015-07-21T11:55:26,-34.7415,149.2041,,,1.4,,,,,,,,,1185638,2015-07-20T15:55:58,8.05,5,1.4,ML,61.2214,38.9701,AUST,0.1138,3
earthquakes.fid--5708c50e_170e4f7b976_-3278,653837,169.91,60.56,0,0,Near Dalton; NSW.,,,FINL,2015-07-21T11:10:51,ga2015oefvai,2015-07-21T11:23:18,-34.7454,149.1811,,,1.4,,,,,,,,,1185624,2015-07-20T14:22:13,2.2,5,1.4,ML,34.5244,10.9542,AUST,0.36,3
earthquakes.fid--5708c50e_170e4f7b976_-3277,648767,204.73,234.36,10,0,Near Bowning; NSW.,,,FINL,2012-06-04T11:35:06,ga2012kujtsk,2012-06-04T11:36:46,-34.6191,148.908,,,1.41,,,,,,,,,608522,2012-06-01T17:47:33,0.06,6,1.41,ML,0.5502,0.0927,AUST,0.5095,3
earthquakes.fid--5708c50e_170e4f7b976_-3276,653838,144.32,57.71,0,0,Near Dalton; NSW.,,,FINL,2015-07-21T09:20:51,ga2015oegddh,2015-07-21T09:23:19,-34.7709,149.155,,,1.42,,,,,,,,,1185609,2015-07-20T14:31:38,1.37,7,1.42,ML,17.9976,10.0558,AUST,0.5965,5
earthquakes.fid--5708c50e_170e4f7b976_-3275,651138,193.32,68.6,0,0,Near Goulburn; NSW.,,,FINL,2013-12-29T08:45:04,ga2013zmefkl,2013-12-29T09:19:48,-34.795,149.8258,,,1.42,,,,,,,,,862037,2013-12-27T17:29:43,0.88,9,1.42,ML,6.4252,3.245,AUST,0.6164,5
earthquakes.fid--5708c50e_170e4f7b976_-3274,652726,257.63,33.35,0,0,Near Frogmore; NSW.,,,FINL,2014-12-23T09:36:01,ga2014zcxmdp,2014-12-23T09:38:00,-34.2273,148.942,,,1.46,,,,,,,,,1099938,2014-12-22T16:26:03,1.55,8,1.46,ML,12.7414,4.1645,AUST,0.9036,5
earthquakes.fid--5708c50e_170e4f7b976_-3273,651934,74.98,46.23,1.341,8.445,Near Borrowa; NSW.,,,FINL,2014-07-07T11:20:03,ga2014mcqxzy,2014-07-07T11:21:19,-34.4052,148.8755,,,1.47,,,,,,,,,1027095,2014-06-21T09:55:54,0.54,8,1.47,ML,6.3221,1.293,AUST,0.2205,4
earthquakes.fid--5708c50e_170e4f7b976_-3272,651553,149.78,49.18,0,0,N of Bowning; NSW.,,,FINL,2014-03-27T09:51:11,ga2014fytnor,2014-03-27T09:56:58,-34.6734,148.8191,,,1.5,,,,,,,,,903743,2014-03-26T07:18:14,0.23,8,1.5,ML,2.8412,1.3745,AUST,0.3483,4
earthquakes.fid--5708c50e_170e4f7b976_-3271,651354,236.91,70.25,6.3279,3.4731,N of Gunning; NSW.,,,FINL,2014-02-13T12:01:05,ga2014daifcq,2014-02-13T12:06:42,-34.6757,149.2815,,,1.5,,,,,,,,,882467,2014-02-12T15:56:23,0.78,8,1.5,ML,9.0215,3.1387,AUST,0.4935,5
earthquakes.fid--5708c50e_170e4f7b976_-3270,648211,0,,0,,Near Boorowa; NSW.,,,FINL,2012-01-30T13:02:49,ga2012byqxgi,2012-01-30T13:02:49,-34.5156,148.8462,,,1.53,,,,,,,,,2155601,2012-01-28T14:13:30,,0,1.53,ML,,,AUST,,0
earthquakes.fid--5708c50e_170e4f7b976_-326f,650911,158.37,32.99,0.021,0.2116,NE of Boorowa; NSW.,,,FINL,2013-11-05T10:05:03,ga2013votxnr,2013-11-05T10:07:04,-34.2529,148.8576,,,1.56,,,,,,,,,837577,2013-11-02T11:46:50,0.01,9,1.56,ML,0.2387,0.11,AUST,0.3735,5
earthquakes.fid--5708c50e_170e4f7b976_-326e,650777,165.03,270.01,0,0,Oolong; NSW.,,,FINL,2013-10-03T11:45:05,ga2013tjxdgs,2013-10-03T11:49:47,-34.7777,149.1787,,,1.57,,,,,,,,,820896,2013-10-02T12:08:54,0.01,6,1.57,ML,0.3525,0.0824,AUST,0.4036,3
earthquakes.fid--5708c50e_170e4f7b976_-326d,652913,120.87,99.93,0,0,Near Gunning; NSW.,,,FINL,2015-02-16T12:50:03,ga2015dfzphr,2015-02-16T13:02:30,-34.8199,149.21,,,1.61,,,,,,,,,1120817,2015-02-15T18:03:31,0.38,6,1.61,ML,5.075,3.4233,AUST,0.6173,5
earthquakes.fid--5708c50e_170e4f7b976_-326c,652688,239.17,59.09,0,0,N of Gunning; NSW.,,,FINL,2014-12-18T12:50:02,ga2014ymjtjl,2014-12-18T13:59:23,-34.5872,149.2331,,,1.61,,,,,,,,,1097518,2014-12-13T16:20:25,3.54,9,1.61,ML,32.226,8.8604,AUST,0.3907,5
earthquakes.fid--5708c50e_170e4f7b976_-326b,652680,253.91,17.31,10.8353,34.4477,Near Frogmore; NSW.,,,FINL,2014-12-12T09:35:03,ga2014ygbdog,2014-12-12T09:44:23,-34.2513,148.9453,,,1.61,,,,,,,,,1094999,2014-12-10T05:33:50,3.78,9,1.61,ML,34.9929,18.087,AUST,0.4069,5
earthquakes.fid--5708c50e_170e4f7b976_-326a,650927,146.34,70.22,10.7597,3.3846,NE of Boorowa; NSW.,,,FINL,2013-11-06T10:01:04,ga2013vuomfg,2013-11-06T10:02:31,-34.3231,148.801,,,1.61,,,,,,,,,838096,2013-11-05T15:29:41,0.24,9,1.61,ML,2.8337,1.3961,AUST,0.2029,5
earthquakes.fid--5708c50e_170e4f7b976_-3269,648127,0,,0,,Frogmore; NSW;,,,FINL,2012-01-10T12:22:44,ga2012ajyjea,2012-01-10T12:22:44,-34.323,148.888,,,1.61,,,,,,,,,2155321,2012-01-06T09:55:02,,0,1.61,ML,,,AUST,,0
earthquakes.fid--5708c50e_170e4f7b976_-3268,653384,247.03,72.59,10,0,E of Gunning; NSW.,,,FINL,2015-04-09T12:20:51,ga2015grtyml,2015-04-09T12:30:10,-34.8079,149.4427,,,1.62,,,,,,,,,1142634,2015-04-05T15:55:56,3.38,9,1.62,ML,28.4753,8.9408,AUST,0.3819,5
earthquakes.fid--5708c50e_170e4f7b976_-3267,650401,228.75,265.5,0,54.4288,Near Gunning; NSW.,,,FINL,2013-06-24T10:51:04,ga2013mdqpaj,2013-06-24T10:51:41,-34.7133,149.2295,,,1.62,,,,,,,,,777354,2013-06-21T22:49:57,0.11,5,1.62,ML,1.005,0.2308,AUST,0.9429,3
earthquakes.fid--5708c50e_170e4f7b976_-3266,654365,167.16,113.65,0,0,SW of Dalton; NSW.,,,FINL,2015-12-21T12:20:52,ga2015yxodoe,2015-12-21T12:23:41,-34.7956,149.0677,,,1.64,,,,,,,,,1252423,2015-12-19T18:22:09,1.3,17,1.64,ML,12.2691,5.7407,AUST,0.6033,9
earthquakes.fid--5708c50e_170e4f7b976_-3265,654359,256.25,122.78,0,0,Cadia; NSW.,,,FINL,2015-12-21T10:15:18,ga2015yvuxos,2015-12-21T10:16:39,-33.563,149.0892,,,1.64,,,,,,,,,1252369,2015-12-18T19:37:28,3.66,8,1.64,ML,40.6459,12.0144,AUST,0.2069,4
earthquakes.fid--5708c50e_170e4f7b976_-3264,650868,225.05,270.45,5.565,0.1322,Collector; NSW.,,,FINL,2013-10-24T10:35:04,ga2013uwledg,2013-10-24T10:37:26,-34.9464,149.4045,,,1.64,,,,,,,,,830812,2013-10-23T12:02:23,0.08,6,1.64,ML,1.6519,0.1181,AUST,0.3674,4
earthquakes.fid--5708c50e_170e4f7b976_-3263,651616,210.83,140,10.2915,11.2675,SW of Bathurst; NSW.,,,FINL,2014-04-11T07:51:06,ga2014gzvohj,2014-04-11T07:53:37,-33.5196,149.4207,,,1.65,,,,,,,,,911308,2014-04-10T01:20:15,1.19,9,1.65,ML,11.6205,2.5841,AUST,0.4776,5
earthquakes.fid--5708c50e_170e4f7b976_-3262,648377,139.28,258.4,0.0219,0.0038,Murrumbateman area; NSW.,,,FINL,2012-03-07T10:09:04,ga2012epqrir,2012-03-07T11:32:33,-35.0316,149.0307,,,1.65,,,,,,,,,572512,2012-03-06T04:15:27,0.01,7,1.65,ML,0.1884,0.0855,AUST,0.3277,5
earthquakes.fid--5708c50e_170e4f7b976_-3261,650472,143.21,125.96,0,0,Near Shellharbour; NSW.,,,FINL,2013-07-12T09:15:03,ga2013nmxbvr,2013-07-12T09:17:39,-34.4895,150.685,,,1.66,,,,,,,,,783788,2013-07-11T03:42:30,0.38,9,1.66,ML,7.1568,2.2552,AUST,0.6442,5
earthquakes.fid--5708c50e_170e4f7b976_-3260,648510,217.83,242.41,9.3342,0.0307,S of Dalton; NSW.,,,FINL,2012-04-11T11:21:09,ga2012hbjwra,2012-04-11T11:25:01,-34.8239,149.2104,,,1.66,,,,,,,,,584412,2012-04-09T21:36:51,1.78,6,1.66,ML,0.403,0.0996,AUST,0.4891,3
earthquakes.fid--5708c50e_170e4f7b976_-325f,653462,179.48,109.4,0.719,29.1464,Near Springwood; NSW.,,,FINL,2015-04-27T11:15:03,ga2015ibmfsd,2015-04-27T11:22:54,-33.6961,150.5115,,,1.68,,,,,,,,,1150465,2015-04-25T02:44:03,2.97,11,1.68,ML,20.4317,12.166,AUST,0.3168,7
earthquakes.fid--5708c50e_170e4f7b976_-325e,653528,194.11,117.33,1.1397,29.6846,Near Lithgow; NSW.,,,FINL,2015-05-07T15:55:03,ga2015iwuxer,2015-05-07T16:00:36,-33.4502,150.1545,,,1.7,,,,,,,,,1155749,2015-05-06T17:39:42,3.16,11,1.7,ML,21.2952,18.3205,AUST,0.7051,7
earthquakes.fid--5708c50e_170e4f7b976_-325d,648128,0,,0,,Frogmore; NSW.,,,FINL,2012-01-10T12:27:00,ga2012akclwc,2012-01-10T12:27:00,-34.2838,148.9361,,,1.71,,,,,,,,,2155322,2012-01-06T11:58:51,,0,1.71,ML,,,AUST,,0
earthquakes.fid--5708c50e_170e4f7b976_-325c,651709,111.95,62.36,10,0,Dalton; NSW.,,,FINL,2014-04-28T13:55:10,ga2014idxiuo,2014-04-28T13:56:57,-34.7305,149.1581,,,1.73,,,,,,,,,925931,2014-04-26T10:28:29,0.36,7,1.73,ML,4.2235,1.7712,AUST,0.4121,4
earthquakes.fid--5708c50e_170e4f7b976_-325b,650688,148.27,107.38,0,0,N of Tarago; NSW.,,,FINL,2013-09-11T10:21:05,ga2013rugsek,2013-09-11T10:24:09,-34.956,149.6207,,,1.73,,,,,,,,,809146,2013-09-09T19:49:47,0.39,8,1.73,ML,3.1094,2.3719,AUST,0.4839,5
earthquakes.fid--5708c50e_170e4f7b976_-325a,649022,210.68,247.09,0,0,Near Dalton; NSW.,,,FINL,2012-08-01T11:30:00,ga2012pajmsx,2012-08-01T11:30:49,-34.8074,149.1402,,,1.73,,,,,,,,,630751,2012-07-31T15:51:45,0.02,8,1.73,ML,0.5909,0.0997,AUST,0.8487,4
earthquakes.fid--5708c50e_170e4f7b976_-3259,649453,261.37,41.96,0,0,E of Frogmore; NSW.,,,FINL,2012-11-12T16:55:01,ga2012whlyqh,2012-11-12T16:59:52,-34.2693,149.099,,,1.74,,,,,,,,,675305,2012-11-11T16:11:46,0.91,6,1.74,ML,7.0939,2.0766,AUST,0.3823,3
earthquakes.fid--5708c50e_170e4f7b976_-3258,648134,0,,10,,NW of Crookwell; NSW.,,,FINL,2012-01-10T17:04:58,ga2012amauss,2012-01-10T17:04:58,-34.3023,149.2287,,,1.75,,,,,,,,,2155341,2012-01-07T13:17:45,,0,1.75,ML,,,AUST,,0
earthquakes.fid--5708c50e_170e4f7b976_-3257,648247,0,,0.5,,Gunning; NSW.,,,FINL,2012-02-06T16:13:12,ga2012cjuemz,2012-02-06T16:13:12,-34.8089,149.2026,,,1.76,,,,,,,,,2155661,2012-02-03T15:41:40,,0,1.76,ML,,,AUST,,0
earthquakes.fid--5708c50e_170e4f7b976_-3256,650994,336.43,129.16,6.8172,19.5879,SW of Dungog; NSW.,,,FINL,2013-11-28T10:55:04,ga2013xhydsz,2013-11-28T11:06:13,-32.4583,151.6609,,,1.79,2.32,,,,,,,,848305,2013-11-27T02:16:07,2.14,5,1.79,ML,60.3308,10.7414,AUST,0.7137,3
earthquakes.fid--5708c50e_170e4f7b976_-3255,650497,275.77,256.8,2,0,Near Goulburn; NSW.,,,FINL,2013-07-22T10:35:02,ga2013obpfsa,2013-07-22T10:36:14,-34.8313,149.7229,,,1.79,,,,,,,,,787530,2013-07-19T03:52:44,0.07,6,1.79,ML,1.2913,0.1443,AUST,0.5659,3
earthquakes.fid--5708c50e_170e4f7b976_-3254,648122,0,,0,,Near Frogmore; NSW.,,,FINL,2012-01-10T15:48:46,ga2012aigisf,2012-01-10T15:48:46,-34.2912,148.9354,,,1.79,,,,,,,,,2155340,2012-01-05T11:46:56,,0,1.79,ML,,,AUST,,0
earthquakes.fid--5708c50e_170e4f7b976_-3253,652413,96.4,142.05,10,0,Lake Burragorang; NSW.,,,FINL,2014-10-13T10:00:01,ga2014tyihsc,2014-10-13T10:09:31,-34.1307,150.3721,,,1.81,,,,,,,,,1065612,2014-10-10T08:48:36,0.29,12,1.81,ML,5.0892,2.1009,AUST,0.6563,7
earthquakes.fid--5708c50e_170e4f7b976_-3252,650885,152.96,45.44,5.9921,9.5914,Boorowa; NSW.,,,FINL,2013-10-28T12:35:02,ga2013vbrgqj,2013-10-28T12:36:10,-34.4819,148.7516,,,1.81,,,,,,,,,832682,2013-10-26T08:28:42,0.29,8,1.81,ML,11.0704,1.8962,AUST,0.3867,5
earthquakes.fid--5708c50e_170e4f7b976_-3251,652169,131.7,51.42,5.1787,9.9771,Near Boorowa; NSW.,,,FINL,2014-08-11T13:10:01,ga2014pqcerj,2014-08-11T13:12:01,-34.4109,148.8648,,,1.82,,,,,,,,,1040031,2014-08-10T05:22:48,0.53,12,1.82,ML,7.9816,1.4904,AUST,0.3549,6
earthquakes.fid--5708c50e_170e4f7b976_-3250,648479,114.98,127.22,0,0,SE of Gunning; NSW.,,,FINL,2012-04-03T10:09:06,ga2012gkjuvp,2012-04-03T10:13:19,-34.8674,149.4061,,,1.82,,,,,,,,,582175,2012-03-31T15:18:39,0.25,11,1.82,ML,2.7257,2.2274,AUST,0.5302,8
earthquakes.fid--5708c50e_170e4f7b976_-324f,648294,0,,10,,E of Kiama; NSW.,,,FINL,2012-02-16T15:56:35,ga2012dgjmga,2012-02-16T15:56:35,-34.7028,151.0371,,,1.82,,,,,,,,,2155800,2012-02-15T23:01:41,,0,1.82,ML,,,AUST,,0
earthquakes.fid--5708c50e_170e4f7b976_-324e,650216,112.05,333.56,0,0,Near Jenolan; NSW.,,,FINL,2013-05-14T10:35:29,ga2013jircnz,2013-05-14T10:36:15,-33.8088,149.8845,,,1.84,,,,,,,,,759464,2013-05-13T04:38:56,0.01,7,1.84,ML,1.1507,0.1008,AUST,0.1917,4
earthquakes.fid--5708c50e_170e4f7b976_-324d,654345,172.99,96.04,8.271,11.2578,Near Gunning; NSW.,,,FINL,2015-12-14T15:05:04,ga2015ylvtbc,2015-12-14T15:24:49,-34.6669,149.2727,,,1.85,,,,,,,,,1249142,2015-12-13T09:17:38,0.93,19,1.85,ML,13.271,7.8175,AUST,0.5688,12
earthquakes.fid--5708c50e_170e4f7b976_-324c,653934,330.61,129.01,0,0,Near Molong; NSW.,,,FINL,2015-08-11T12:15:03,ga2015pqjbhm,2015-08-11T12:17:42,-33.1116,148.9229,,,1.85,,,,,,,,,1193031,2015-08-10T08:50:05,6.38,5,1.85,ML,65.1609,32.4116,AUST,0.475,3
earthquakes.fid--5708c50e_170e4f7b976_-324b,652742,248.25,139.03,10,0,W of Orange; NSW.,,,FINL,2015-01-05T12:40:21,ga2014zmiwiz,2015-01-05T12:47:18,-33.3018,148.8261,,,1.85,,,,,,,,,1105557,2014-12-27T19:50:04,3.67,9,1.85,ML,36.3124,10.8945,AUST,0.5833,5
earthquakes.fid--5708c50e_170e4f7b976_-324a,649272,190.34,292.55,13.0731,0.6529,Wandandian; NSW.,,,FINL,2012-09-24T12:15:01,ga2012stuxvp,2012-09-24T12:17:16,-35.0758,150.4337,,,1.86,,,,,,,,,653062,2012-09-22T17:50:39,0.06,8,1.86,ML,1.1298,0.1178,AUST,0.678,4
earthquakes.fid--5708c50e_170e4f7b976_-3249,649126,243.42,41.56,0,0,Near Boorowa; NSW.,,,FINL,2012-08-24T13:31:00,ga2012qqlets,2012-08-24T13:35:00,-34.34,148.9048,,,1.86,,,,,,,,,638833,2012-08-23T13:50:49,0.94,6,1.86,ML,8.6865,2.0105,AUST,0.4396,3
earthquakes.fid--5708c50e_170e4f7b976_-3248,654244,249.87,122.85,8.6383,26.708,Cudal; NSW.,,,FINL,2015-11-18T12:45:06,ga2015wqetqx,2015-11-18T12:56:38,-33.3413,148.7497,,,1.87,,,,,,,,,1235185,2015-11-17T10:15:04,4.02,10,1.87,ML,60.108,13.3488,AUST,0.7476,6
earthquakes.fid--5708c50e_170e4f7b976_-3247,649247,217.81,111.25,7.5215,4.3798,Off shore Jervis Bay; NSW.,,,FINL,2012-09-18T09:31:01,ga2012sjtnoc,2012-09-18T09:38:12,-35.1879,150.9833,,,1.87,,,,,,,,,650443,2012-09-17T06:23:47,0.66,6,1.87,ML,8.2388,2.8872,AUST,0.3548,5
earthquakes.fid--5708c50e_170e4f7b976_-3246,649242,272.97,31.17,10,0,NE of Boorowa; NSW.,,,FINL,2012-09-17T14:25:01,ga2012shaatd,2012-09-17T14:30:01,-34.1434,148.9797,,,1.87,,,,,,,,,650102,2012-09-15T18:26:42,0.05,6,1.87,ML,0.9772,0.1353,AUST,0.8835,3
earthquakes.fid--5708c50e_170e4f7b976_-3245,648351,167.01,42.58,0,0,NE of Boorowa; NSW.,,,FINL,2012-03-01T12:10:10,ga2012efheuu,2012-03-01T12:14:07,-34.2949,149.0752,,,1.87,,,,,,,,,570342,2012-02-29T12:44:36,0.88,6,1.87,ML,7.0445,1.9658,AUST,0.3679,3
earthquakes.fid--5708c50e_170e4f7b976_-3244,651851,129.96,37.16,0,0,Near Boorowa; NSW.,,,FINL,2014-05-29T10:41:10,ga2014kliuso,2014-05-29T11:03:06,-34.3915,148.7042,,,1.88,,,,,,,,,943597,2014-05-28T19:38:16,0.22,9,1.88,ML,2.4092,1.7346,AUST,0.3815,6
earthquakes.fid--5708c50e_170e4f7b976_-3243,651058,252.09,38.64,10,0,Frogmore; NSW.,,,FINL,2013-12-09T14:25:03,ga2013ycmwiw,2013-12-09T14:25:48,-34.2845,148.9073,,,1.88,,,,,,,,,853215,2013-12-08T07:09:38,1.8,6,1.88,ML,15.4222,4.0256,AUST,0.9318,3
earthquakes.fid--5708c50e_170e4f7b976_-3242,649614,141.24,315.69,10,0,Near Mittagong; NSW.,,,FINL,2012-12-20T10:51:02,ga2012yzdsew,2012-12-20T10:53:42,-34.4269,150.541,,,1.89,,,,,,,,,691470,2012-12-19T15:16:12,0,9,1.89,ML,0.1689,0.0871,AUST,0.3264,6
earthquakes.fid--5708c50e_170e4f7b976_-3241,651518,118.05,294.8,6.1146,0.1697,NW of Frogmore; NSW.,,,FINL,2014-03-19T15:25:06,ga2014fkvtjb,2014-03-19T15:28:08,-34.1235,148.794,,,1.9,,,,,,,,,897773,2014-03-18T17:22:38,0.01,10,1.9,ML,0.254,0.1357,AUST,0.4045,6
earthquakes.fid--5708c50e_170e4f7b976_-3240,649044,182.91,331.1,10,0,N of Boorowa; NSW.,,,FINL,2012-08-07T13:45:00,ga2012pibuhl,2012-08-07T13:46:54,-34.171,148.6892,,,1.9,,,,,,,,,633248,2012-08-04T20:34:57,0.01,8,1.9,ML,0.1481,0.1063,AUST,0.4629,4
earthquakes.fid--5708c50e_170e4f7b976_-323f,651757,147.08,41.41,10,0,Near Boorowa; NSW.,,,FINL,2014-05-09T10:31:12,ga2014izwdrn,2014-05-09T10:32:25,-34.3673,148.7469,,,1.91,,,,,,,,,932680,2014-05-08T09:30:50,0.43,8,1.91,ML,5.0211,2.3473,AUST,0.5781,5
earthquakes.fid--5708c50e_170e4f7b976_-323e,650561,207.61,265.49,11.2718,29.2565,SE of Boorowa; NSW.,,,FINL,2013-08-07T09:25:50,ga2013piwtwr,2013-08-07T09:29:06,-34.5734,148.8815,,,1.91,,,,,,,,,794058,2013-08-06T07:08:05,0.09,6,1.91,ML,0.7073,0.4511,AUST,0.8079,3
earthquakes.fid--5708c50e_170e4f7b976_-323d,648810,128.01,48.06,0,0,Boorowa; NSW.,,,FINL,2012-06-14T10:02:08,ga2012lqbwdw,2012-06-14T10:04:30,-34.4015,148.7083,,,1.91,,,,,,,,,612188,2012-06-13T13:27:28,0.3,8,1.91,ML,3.1688,2.0337,AUST,0.5197,4
earthquakes.fid--5708c50e_170e4f7b976_-323c,654409,177.16,126.55,0,0,S of Orange; NSW.,,,FINL,2016-01-08T10:40:56,ga2015ztgtcy,2016-01-08T10:50:15,-33.5872,149.1016,,,1.93,,,,,,,,,1259507,2015-12-31T14:17:18,4.27,9,1.93,ML,50.1604,13.0451,AUST,0.9296,5
earthquakes.fid--5708c50e_170e4f7b976_-323b,654404,265.23,125.45,0,0,E of Cargo; NSW.,,,FINL,2016-01-07T11:00:56,ga2015zprlqy,2016-01-07T11:02:17,-33.4409,148.9225,,,1.93,,,,,,,,,1259026,2015-12-29T15:22:38,3.71,10,1.93,ML,39.9321,12.9921,AUST,0.8068,5
earthquakes.fid--5708c50e_170e4f7b976_-323a,654284,303.61,50.18,10.3854,13.5404,E of Cowra; NSW.,,,FINL,2015-11-30T10:30:55,ga2015ximzto,2015-11-30T10:34:22,-33.7686,149.2622,,,1.93,,,,,,,,,1240844,2015-11-27T09:44:05,3.3,12,1.93,ML,21.0134,20.1987,AUST,0.2301,6
earthquakes.fid--5708c50e_170e4f7b976_-3239,651526,147.57,351.79,0.0232,0.4447,W of Horsley; NSW.,,,FINL,2014-03-21T10:30:09,ga2014foiygv,2014-03-21T10:35:00,-34.49,150.712,,,1.93,,,,,,,,,899460,2014-03-20T15:14:00,0.02,10,1.93,ML,0.7446,0.1996,AUST,0.6193,7
earthquakes.fid--5708c50e_170e4f7b976_-3238,649938,127.5,247.97,0,0,NE of Dalton; NSW.,,,FINL,2013-02-25T09:35:02,ga2013dttrie,2013-02-25T09:41:05,-34.6267,149.2875,,,1.93,,,,,,,,,723808,2013-02-23T06:07:29,0.01,5,1.93,ML,0.1262,0.1075,AUST,0.4105,3
earthquakes.fid--5708c50e_170e4f7b976_-3237,648323,0,,0,,Jamberoo; NSW.,,,FINL,2012-02-22T09:58:28,ga2012dqiqjf,2012-02-22T09:58:28,-34.6539,150.7938,,,1.93,,,,,,,,,2155900,2012-02-21T09:21:03,,0,1.93,ML,,,AUST,,0
earthquakes.fid--5708c50e_170e4f7b976_-3236,654276,148.68,151.71,0,0,E of Canowindra; NSW.,,,FINL,2015-11-26T11:25:15,ga2015xfdgix,2015-11-26T11:27:15,-33.5483,148.9494,,,1.95,,,,,,,,,1238689,2015-11-25T13:36:35,4.28,9,1.95,ML,33.6369,22.4714,AUST,0.5479,5
earthquakes.fid--5708c50e_170e4f7b976_-3235,650993,107.86,133.75,10,0,Isabella; NSW.,,,FINL,2013-11-28T10:51:06,ga2013xhwsms,2013-11-28T10:53:30,-33.9643,149.6745,,,1.95,,,,,,,,,848299,2013-11-27T01:32:54,0.29,5,1.95,ML,5.0715,2.0952,AUST,0.3098,3
earthquakes.fid--5708c50e_170e4f7b976_-3234,648885,180.31,153.09,0,0,N of Boorowa; NSW.,,,FINL,2012-07-02T10:10:03,ga2012muisnj,2012-07-02T10:12:20,-34.1687,148.7262,,,1.95,,,,,,,,,619414,2012-06-30T01:08:43,0.45,8,1.95,ML,3.4886,2.8467,AUST,0.6142,4
earthquakes.fid--5708c50e_170e4f7b976_-3233,648785,253.48,354.45,0.594,0.4186,NE of Boorowa; NSW.,,,FINL,2012-06-08T10:08:52,ga2012ldxhae,2012-06-08T10:11:42,-34.2875,148.9549,,,1.95,,,,,,,,,610294,2012-06-06T22:15:30,2893.84,6,1.95,ML,48.1679,0.9915,AUST,0.3197,3
earthquakes.fid--5708c50e_170e4f7b976_-3232,654403,351.09,81.74,0,0,Cargo; NSW.,,,FINL,2016-01-07T10:40:56,ga2015zpnpci,2016-01-07T10:42:14,-33.4086,148.7601,,,1.96,,,,,,,,,1259015,2015-12-29T13:25:56,4.23,9,1.96,ML,123.869,31.4295,AUST,0.6047,5
earthquakes.fid--5708c50e_170e4f7b976_-3231,651051,330.97,146.87,5.496,6.3061,Near Bowral; NSW.,,,FINL,2013-12-09T13:11:05,ga2013yaulqv,2013-12-09T13:15:07,-34.479,150.5007,,,1.97,,,,,,,,,853177,2013-12-07T08:49:39,1.38,6,1.97,ML,11.5145,7.508,AUST,0.5436,3
earthquakes.fid--5708c50e_170e4f7b976_-3230,649108,131.1,70.97,5,0,Boorowa; NSW.,,,FINL,2012-08-20T12:35:01,ga2012qfgmih,2012-08-20T12:39:20,-34.4538,148.7506,,,1.98,3.08,,,,,,,,637499,2012-08-17T11:39:30,0.33,8,1.98,ML,3.9584,2.3752,AUST,0.5469,5
earthquakes.fid--5708c50e_170e4f7b976_-322f,654410,350.5,88.73,0,0,SE of Cadia; NSW.,,,FINL,2016-01-08T10:10:59,ga2015zthwcm,2016-01-08T10:14:01,-33.5182,149.0643,,,1.99,,,,,,,,,1259502,2015-12-31T14:50:56,5.38,7,1.99,ML,136.8201,40.0644,AUST,0.7354,4
earthquakes.fid--5708c50e_170e4f7b976_-322e,654348,260.18,121.04,0,14.7811,Cadia; NSW.,,,FINL,2015-12-15T12:50:52,ga2015yomlfi,2015-12-17T11:30:40,-33.5127,149.0175,,,1.99,,,,,,,,,1249552,2015-12-14T19:50:25,3.9,10,1.99,ML,35.0889,12.1812,AUST,0.4398,5
earthquakes.fid--5708c50e_170e4f7b976_-322d,653197,105.04,51.89,10,0,Near Frogmore; NSW.,,,FINL,2015-03-11T09:55:02,ga2015evdszh,2015-03-11T09:56:00,-34.3016,148.8906,,,1.99,3.31,,,,,,,,1129512,2015-03-10T04:11:58,0.25,11,1.99,ML,2.4872,1.7878,AUST,0.4765,6
earthquakes.fid--5708c50e_170e4f7b976_-322c,649693,163.42,343.6,10,0,Near Frogmore; NSW.,,,FINL,2013-01-14T14:25:01,ga2013awdody,2013-01-14T14:27:13,-34.2124,148.9101,,,1.99,,,,,,,,,701047,2013-01-13T01:25:24,0.01,8,1.99,ML,0.153,0.1096,AUST,0.579,4
earthquakes.fid--5708c50e_170e4f7b976_-322b,648862,176.24,34.68,10.6873,0.7167,N of Boorowa; NSW.,,,FINL,2012-06-25T14:15:18,ga2012mistlh,2012-06-25T14:19:09,-34.2116,148.6594,,,1.99,,,,,,,,,616660,2012-06-23T17:17:48,0.03,12,1.99,ML,0.7498,0.1347,AUST,0.5145,6
earthquakes.fid--5708c50e_170e4f7b976_-322a,650457,253.84,317.48,10,0,Near Manildra; NSW.,,,FINL,2013-07-11T09:21:05,ga2013nhsypq,2013-07-11T09:26:07,-33.214,148.7893,,,2,,,,,,,,,783436,2013-07-08T08:15:41,0.03,6,2,ML,0.7953,0.1294,AUST,0.3152,4
earthquakes.fid--5708c50e_170e4f7b976_-3229,650391,122.4,254.74,0.1415,0.1132,Oolong; NSW.,,,FINL,2013-06-20T10:25:02,ga2013lyjvee,2013-06-20T10:29:53,-34.7676,149.222,,,2,,,,,,,,,776344,2013-06-19T02:03:30,0.01,9,2,ML,0.1718,0.0896,AUST,0.6537,5
earthquakes.fid--5708c50e_170e4f7b976_-3228,650111,153.61,267.87,0,0,SE of Muswellbrook; NSW.,,,FINL,2013-04-10T12:01:02,ga2013gwykod,2013-04-10T12:02:37,-32.3857,151.361,,,2,2.72,,,,,,,,743481,2013-04-08T11:33:00,0.01,8,2,ML,0.2985,0.0949,AUST,0.4855,5
earthquakes.fid--5708c50e_170e4f7b976_-3227,649119,115.93,142.47,10,0,Bowral; NSW.,,,FINL,2012-08-21T12:55:01,ga2012qlwxle,2012-08-21T12:59:54,-34.4535,150.3442,,,2,,,,,,,,,637884,2012-08-21T02:22:00,0.42,9,2,ML,5.4521,3.2534,AUST,0.6586,6
earthquakes.fid--5708c50e_170e4f7b976_-3226,649705,251.18,349.72,2.3212,102.6014,Near Frogmore; NSW.,,,FINL,2013-01-21T11:11:02,ga2013bgqwsr,2013-01-21T11:24:03,-34.2871,148.8937,,,2.01,,,,,,,,,703267,2013-01-18T18:52:20,0.07,6,2.01,ML,100.4135,1.0119,AUST,0.4191,3
earthquakes.fid--5708c50e_170e4f7b976_-3225,648887,123.48,17.39,10,0,N of Boorowa; NSW.,,,FINL,2012-07-02T10:39:58,ga2012muxlfi,2012-07-02T10:40:40,-34.1248,148.714,,,2.01,,,,,,,,,619454,2012-06-30T08:32:49,0.07,5,2.01,ML,1.2272,0.143,AUST,0.1524,3
earthquakes.fid--5708c50e_170e4f7b976_-3224,654411,266.79,126.35,0,0,E of Cargo; NSW.,,,FINL,2016-01-08T10:36:52,ga2015ztixet,2016-01-08T10:39:32,-33.4246,148.884,,,2.02,,,,,,,,,1259506,2015-12-31T15:22:22,4.04,9,2.02,ML,42.6398,13.3147,AUST,0.2399,5
earthquakes.fid--5708c50e_170e4f7b976_-3223,650399,187.53,327,0,0,W of Oberon; NSW.,,,FINL,2013-06-24T10:01:04,ga2013mcecej,2013-06-24T10:02:25,-33.7147,149.6496,,,2.02,,,,,,,,,777339,2013-06-21T03:28:30,0.01,7,2.02,ML,0.2759,0.0965,AUST,0.8051,4
earthquakes.fid--5708c50e_170e4f7b976_-3222,654332,253.9,124.5,0,0,Near Blayney; NSW.,,,FINL,2015-12-14T11:30:52,ga2015yeulaj,2015-12-14T11:35:39,-33.5817,149.1407,,,2.03,,,,,,,,,1248958,2015-12-09T13:06:49,3.56,10,2.03,ML,37.8374,9.9422,AUST,0.4206,6
earthquakes.fid--5708c50e_170e4f7b976_-3221,653175,136.92,94.74,0,0,SW of Orange; NSW.,,,FINL,2015-03-10T11:16:03,ga2015eonbkt,2015-03-10T11:17:18,-33.4643,148.9733,,,2.03,,,,,,,,,1129099,2015-03-06T13:21:59,0.36,14,2.03,ML,4.4151,2.5006,AUST,0.7482,8
earthquakes.fid--5708c50e_170e4f7b976_-3220,651555,121.8,130.38,12,0,Near Picton; NSW.,,,FINL,2014-03-27T10:21:05,ga2014fzqabc,2014-03-27T10:26:16,-34.1451,150.5572,,,2.03,,,,,,,,,903755,2014-03-26T18:36:30,0.25,10,2.03,ML,3.679,1.8654,AUST,0.4278,6
earthquakes.fid--5708c50e_170e4f7b976_-321f,652365,135.28,122.63,0,0,Near Cessnock; NSW.,,,FINL,2014-09-24T11:36:01,ga2014stphwg,2014-09-24T11:37:15,-32.8856,151.4169,,,2.04,2.8,,,,,,,,1057810,2014-09-23T15:01:15,0.42,14,2.04,ML,6.1739,3.0881,AUST,0.8514,9
earthquakes.fid--5708c50e_170e4f7b976_-321e,648469,133.09,59.62,0,0,NE of Bowning; NSW.,,,FINL,2012-04-02T09:19:42,ga2012ghefus,2012-04-02T09:57:47,-34.6295,148.9022,,,2.04,,,,,,,,,581759,2012-03-29T21:16:55,0.27,8,2.04,ML,3.8769,1.4711,AUST,0.3715,5
earthquakes.fid--5708c50e_170e4f7b976_-321d,648193,0,,2.5,,Murrumbateman; NSW.,,,FINL,2012-01-23T13:40:52,ga2012bmixvp,2012-01-23T13:40:53,-35.029,149.0237,,,2.04,,,,,,,,,2155521,2012-01-21T21:19:06,,0,2.04,ML,,,AUST,,0
earthquakes.fid--5708c50e_170e4f7b976_-321c,652122,79.64,48.64,1.5856,8.7322,NE of Boorowa; NSW.,,,FINL,2014-08-01T11:00:38,ga2014oxzpda,2014-08-01T11:03:22,-34.3756,148.9035,,,2.05,,,,,,,,,1036324,2014-07-31T08:43:51,0.55,14,2.05,ML,5.6691,1.4243,AUST,0.3306,8
earthquakes.fid--5708c50e_170e4f7b976_-321b,648191,0,,16,,Cowra; NSW.,,,FINL,2012-01-23T13:28:13,ga2012bmcbfm,2012-01-23T13:28:13,-33.777,148.7135,,,2.05,,,,,,,,,2155520,2012-01-21T17:51:49,,0,2.05,ML,,,AUST,,0
earthquakes.fid--5708c50e_170e4f7b976_-321a,652786,90.96,122.86,10,0,Near Wilton; NSW.,,,FINL,2015-01-12T10:30:03,ga2015aqdcaw,2015-01-12T10:32:49,-34.3336,150.78,,,2.06,,,,,,,,,1108115,2015-01-09T18:44:29,0.67,18,2.06,ML,10.7471,4.4239,AUST,0.6464,11
earthquakes.fid--5708c50e_170e4f7b976_-3219,650559,227.84,306,0,1.9132,SW of Orange; NSW.,,,FINL,2013-08-06T12:31:05,ga2013phqkld,2013-08-07T09:05:24,-33.5186,149.0049,,,2.06,,,,,,,,,793376,2013-08-05T14:51:37,0.02,8,2.06,ML,5.4385,0.1586,AUST,0.4665,4
earthquakes.fid--5708c50e_170e4f7b976_-3218,648252,0,,0,,Dalton; NSW.,,,FINL,2012-02-08T09:02:04,ga2012clpobw,2012-02-08T09:02:04,-34.6499,149.1023,,,2.07,,,,,,,,,2155681,2012-02-04T15:30:52,,0,2.07,ML,,,AUST,,0
earthquakes.fid--5708c50e_170e4f7b976_-3217,653564,259.65,8.53,0,0,Near Mellong; NSW.,,,FINL,2015-05-12T11:10:51,ga2015jftdet,2015-05-12T11:12:52,-33.0679,150.792,,,2.09,,,,,,,,,1158500,2015-05-11T14:26:36,3.66,7,2.09,ML,31.3914,16.4249,AUST,0.8223,5
earthquakes.fid--5708c50e_170e4f7b976_-3216,652470,233.16,125.38,4.4186,9.141,Near Cadia; NSW.,,,FINL,2014-10-23T09:10:01,ga2014usxvyj,2014-10-23T09:20:17,-33.4843,148.939,,,2.1,,,,,,,,,1070558,2014-10-21T14:07:13,0.61,8,2.1,ML,19.1495,2.2649,AUST,0.3104,4
earthquakes.fid--5708c50e_170e4f7b976_-3215,648413,119.46,319.25,6.9853,0.0049,Lithgow; NSW.,,,FINL,2012-03-16T12:33:05,ga2012fgdmzh,2012-03-16T12:38:23,-33.4894,150.1557,,,2.1,,,,,,,,,576280,2012-03-15T03:54:14,0.02,16,2.1,ML,0.1939,0.1153,AUST,0.6801,8
earthquakes.fid--5708c50e_170e4f7b976_-3214,654322,261.96,126.86,0,0,Cadia; NSW.,,,FINL,2015-12-09T15:05:04,ga2015ydeknf,2015-12-09T15:06:32,-33.4781,148.9955,,,2.11,,,,,,,,,1244781,2015-12-08T15:59:00,4.24,9,2.11,ML,46.5538,13.4622,AUST,0.7936,5
earthquakes.fid--5708c50e_170e4f7b976_-3213,654321,262.05,125.77,0,0,Cadia; NSW.,,,FINL,2015-12-09T11:00:52,ga2015ydbjsh,2015-12-09T11:30:27,-33.4763,148.9944,,,2.11,,,,,,,,,1244770,2015-12-08T14:27:33,3.4,11,2.11,ML,37.5369,11.5473,AUST,0.3926,6
earthquakes.fid--5708c50e_170e4f7b976_-3212,651832,104.48,56.23,0,0,W of Denman; NSW.,,,FINL,2014-05-23T11:35:08,ga2014kacyjs,2014-05-23T11:37:44,-32.4627,150.4736,,,2.11,2.52,,,,,,,,940703,2014-05-22T16:52:15,0.39,11,2.11,ML,4.4893,3.5095,AUST,0.7895,8
earthquakes.fid--5708c50e_170e4f7b976_-3211,649231,149.39,43.15,0,0,NE of Boorowa; NSW.,,,FINL,2012-09-14T13:55:01,ga2012sdocdx,2012-09-14T14:19:44,-34.366,148.858,,,2.12,,,,,,,,,648843,2012-09-13T21:12:51,0.3,7,2.12,ML,3.0049,1.5183,AUST,0.3048,4
earthquakes.fid--5708c50e_170e4f7b976_-3210,651618,160.12,146.88,10,0,N of Orange; NSW.,,,FINL,2014-04-11T09:45:13,ga2014hbjbfn,2014-04-11T10:19:58,-33.0581,149.2414,,,2.14,2.43,,,,,,,,911411,2014-04-10T21:11:58,0.49,11,2.14,ML,5.1303,3.7345,AUST,0.6287,7
earthquakes.fid--5708c50e_170e4f7b976_-320f,648875,189.3,320.41,12,0,N of Boorowa; NSW.,,,FINL,2012-06-28T13:21:00,ga2012mqogmm,2012-06-28T13:23:35,-34.1299,148.7063,,,2.15,,,,,,,,,617682,2012-06-27T23:37:53,0.01,12,2.15,ML,0.1574,0.09,AUST,0.7012,7
earthquakes.fid--5708c50e_170e4f7b976_-320e,654262,183.74,126.82,5,0,Cargo; NSW.,,,FINL,2015-11-23T11:40:52,ga2015wxzzbc,2015-11-23T11:47:16,-33.3842,148.8415,,,2.17,,,,,,,,,1237340,2015-11-21T16:26:16,4.05,9,2.17,ML,42.7841,14.4516,AUST,0.8071,5
earthquakes.fid--5708c50e_170e4f7b976_-320d,652694,179.38,101.86,0,0,Near Cessnock; NSW.,,,FINL,2014-12-16T10:20:03,ga2014ypqngk,2014-12-16T10:37:30,-32.8693,151.4259,,,2.17,,,,,,,,,1096611,2014-12-15T10:57:57,1.27,13,2.17,ML,18.9732,7.6148,AUST,0.7528,8
earthquakes.fid--5708c50e_170e4f7b976_-320c,651251,237.14,126.02,0,0,Off Ulladulla; NSW.,,,FINL,2014-01-29T11:05:04,ga2014bwwkbo,2014-01-29T11:17:01,-35.4593,151.4912,,,2.17,,,,,,,,,875013,2014-01-27T14:50:17,1.28,8,2.17,ML,12.7922,6.6282,AUST,0.9645,5
earthquakes.fid--5708c50e_170e4f7b976_-320b,650906,124.72,81.89,11.9764,5.8133,Frogmore; NSW.,,,FINL,2013-11-04T12:51:07,ga2013vmfgsh,2013-11-04T12:51:56,-34.2848,148.811,,,2.17,3.1,,,,,,,,837320,2013-11-01T02:15:57,0.41,12,2.17,ML,4.7043,2.6168,AUST,0.5082,9
earthquakes.fid--5708c50e_170e4f7b976_-320a,648888,113.06,254.49,10,0,N of Boorowa; NSW.,,,FINL,2012-07-02T10:19:58,ga2012mvaeyd,2012-07-02T10:23:21,-34.0726,148.6309,,,2.18,3.1,,,,,,,,619425,2012-06-30T09:56:03,0,12,2.18,ML,0.1255,0.0987,AUST,0.7802,7
earthquakes.fid--5708c50e_170e4f7b976_-3209,654072,95.06,79.81,9.1648,10.6445,Lake George; NSW.,,,FINL,2015-09-21T10:35:03,ga2015slpeks,2015-09-21T10:41:06,-34.9333,149.3889,,,2.19,,,,,,,,,1208953,2015-09-19T06:21:27,0.94,14,2.19,ML,11.0828,6.1406,AUST,0.5173,9
earthquakes.fid--5708c50e_170e4f7b976_-3208,651534,217.85,338.36,5,0,Wolgan Valley Area; NSW.,,,FINL,2014-03-24T10:45:07,ga2014fqhszd,2014-03-24T10:46:30,-33.1963,150.2143,,,2.19,,,,,,,,,901659,2014-03-21T16:46:38,0.01,9,2.19,ML,0.4373,0.1068,AUST,0.7739,6
earthquakes.fid--5708c50e_170e4f7b976_-3207,648777,253.59,31.17,10.3979,0.1783,N of Boorowa; NSW.,,,FINL,2012-06-06T10:59:02,ga2012lbcsdo,2012-06-06T11:00:46,-34.254,148.7634,,,2.19,,,,,,,,,609343,2012-06-05T09:45:51,2.83,6,2.19,ML,1.0863,0.1158,AUST,1.011,3
earthquakes.fid--5708c50e_170e4f7b976_-3206,654155,146.17,76.91,0,0,Near Yass; NSW.,,,FINL,2015-10-21T11:05:08,ga2015urjwrv,2015-10-21T11:08:44,-34.7836,148.8781,,,2.2,,,,,,,,,1220656,2015-10-20T18:01:12,0.86,16,2.2,ML,9.5187,5.5555,AUST,0.6814,10
earthquakes.fid--5708c50e_170e4f7b976_-3205,653921,161.56,296.13,0,0.6562,Near Merriwa; NSW.,,,FINL,2015-08-10T09:55:04,ga2015pkxsif,2015-08-10T09:57:10,-32.1774,150.2128,,,2.2,3.41,,,,,,,,1192266,2015-08-07T09:45:24,0.08,6,2.2,ML,2.6713,0.1436,AUST,1.074,3
earthquakes.fid--5708c50e_170e4f7b976_-3204,653251,192.95,119.89,0,0,Mulbring area; NSW.,,,FINL,2015-03-20T09:26:02,ga2015fkgqcg,2015-03-20T09:28:48,-32.9219,151.4724,,,2.2,,,,,,,,,1132906,2015-03-18T09:46:16,0.41,6,2.2,ML,8.2072,2.7423,AUST,0.3619,5
earthquakes.fid--5708c50e_170e4f7b976_-3203,654327,163.04,85.02,0,0,Cadia; NSW.,,,FINL,2015-12-11T14:00:52,ga2015yeryha,2015-12-14T11:37:58,-33.5069,149.0495,,,2.22,,,,,,,,,1247424,2015-12-09T11:51:41,1.1,10,2.22,ML,15.443,8.1487,AUST,0.3573,6
earthquakes.fid--5708c50e_170e4f7b976_-3202,654296,264.07,131.1,10,0,Offshore E of Currarong; NSW.,,,FINL,2015-12-02T10:25:04,ga2015xqhnmc,2015-12-02T10:27:14,-35.0303,151.2902,,,2.22,,,,,,,,,1241705,2015-12-01T15:34:46,5.13,7,2.22,ML,55.1853,14.2276,AUST,0.3175,4
earthquakes.fid--5708c50e_170e4f7b976_-3201,653682,137.79,129,14.8355,20.8269,Near Quorrobolong; NSW.,,,FINL,2015-06-09T16:20:51,ga2015lfgehk,2015-06-09T16:22:01,-32.949,151.4328,,,2.22,,,,,,,,,1170846,2015-06-08T15:48:22,1.83,7,2.22,ML,30.4354,13.3203,aust,0.3368,5
earthquakes.fid--5708c50e_170e4f7b976_-3200,649572,149.31,33.41,0,0,Manildra; NSW.,,,FINL,2012-12-10T11:35:03,ga2012yenizb,2012-12-10T11:36:45,-33.1879,148.7243,,,2.23,2.43,,,,,,,,687578,2012-12-08T09:33:14,0.36,5,2.23,ML,6.3405,3.3653,AUST,0.3867,5
earthquakes.fid--5708c50e_170e4f7b976_-31ff,650989,337.03,9.79,0,0,Offshore E of Ulladulla; NSW.,,,FINL,2013-11-26T09:31:06,ga2013xevlkf,2013-11-26T09:33:07,-35.3246,151.3077,,,2.24,,,,,,,,,847578,2013-11-25T09:41:04,1.43,8,2.24,ML,15.8957,10.694,AUST,0.7591,4
earthquakes.fid--5708c50e_170e4f7b976_-31fe,650152,139.77,264.04,0.0572,0.6686,NE of Boorowa; NSW.,,,FINL,2013-04-22T11:25:26,ga2013hrfzoa,2013-04-22T11:32:30,-34.3627,148.8968,,,2.24,,,,,,,,,750788,2013-04-19T12:51:07,0.04,8,2.24,ML,0.5672,0.1104,AUST,0.4158,4
earthquakes.fid--5708c50e_170e4f7b976_-31fd,650012,233.68,303.48,0,0.295,E of Minnamurra; NSW.,,,FINL,2013-03-12T13:51:03,ga2013ewqxgg,2013-03-12T13:52:52,-34.6294,150.8915,,,2.25,,,,,,,,,730764,2013-03-10T23:53:38,0.03,8,2.25,ML,1.472,0.1116,AUST,0.3356,4
earthquakes.fid--5708c50e_170e4f7b976_-31fc,654226,116.09,166.58,10,0,Lithgow; NSW.,,,FINL,2015-11-10T11:05:03,ga2015wcmzzd,2015-11-10T11:06:42,-33.5523,150.275,,,2.26,,,,,,,,,1231486,2015-11-09T23:21:07,1.04,16,2.26,ML,9.6848,5.9037,AUST,0.527,9
earthquakes.fid--5708c50e_170e4f7b976_-31fb,648779,151.18,16.49,0,0,N of Boorowa; NSW.,,,FINL,2012-06-07T09:51:11,ga2012lbsmms,2012-06-07T09:55:36,-34.3486,148.7456,,,2.27,,,,,,,,,609667,2012-06-05T17:42:03,0,8,2.27,ML,0.1613,0.0982,AUST,0.7357,4
earthquakes.fid--5708c50e_170e4f7b976_-31fa,648346,192.97,123.99,5.2727,3.9127,Brunkerville; NSW.,,,FINL,2012-03-06T10:01:08,ga2012eacenk,2012-03-06T10:09:38,-32.9349,151.4694,,,2.28,,,,,,,,,572197,2012-02-26T16:51:02,0.5,6,2.28,ML,6.2445,3.19,AUST,0.1911,5
earthquakes.fid--5708c50e_170e4f7b976_-31f9,648509,221,118.44,11.7579,5.1613,NE of Wollongong. NSW.,,,FINL,2012-04-11T11:55:06,ga2012havrbq,2012-04-11T12:06:46,-34.3474,150.953,,,2.29,,,,,,,,,584425,2012-04-09T14:27:57,0.78,8,2.29,ML,14.2179,3.531,AUST,0.716,5
earthquakes.fid--5708c50e_170e4f7b976_-31f8,651304,161.41,127.79,0,0,N of Molong; NSW.,,,FINL,2014-02-06T10:25:12,ga2014cnacmm,2014-02-06T10:26:37,-32.9605,148.8952,,,2.29,2.53,,,,,,,,879183,2014-02-05T09:53:47,0.65,10,2.29,ML,6.2708,4.8885,AUST,0.8227,6
earthquakes.fid--5708c50e_170e4f7b976_-31f7,648856,0,,0,,N of Boorowa; NSW.,,,FINL,2012-06-25T12:34:20,ga2012mguhqc,2012-06-25T12:34:20,-34.125,148.6715,,,2.29,,,,,,,,,2156305,2012-06-22T15:55:29,,0,2.29,ML,,,AUST,,0
earthquakes.fid--5708c50e_170e4f7b976_-31f6,653601,141.89,123.71,15.8348,2.2507,SE of Cessnock; NSW.,,,FINL,2015-05-27T16:10:51,ga2015juukps,2015-05-27T16:14:00,-32.9515,151.3942,,,2.3,,,,,,,,,1166081,2015-05-19T19:12:31,0.3,7,2.3,ML,4.9576,2.1275,AUST,0.3347,5
earthquakes.fid--5708c50e_170e4f7b976_-31f5,653566,205.11,163.95,10,0,N of Lithgow; NSW.,,,FINL,2015-05-12T10:35:03,ga2015jfxknl,2015-05-12T11:06:54,-33.3354,150.1572,,,2.3,,,,,,,,,1158496,2015-05-11T16:35:48,2.01,9,2.3,ML,22.8334,8.645,AUST,0.5303,5
earthquakes.fid--5708c50e_170e4f7b976_-31f4,648811,128.84,43.12,19.6511,0.0764,NW of Boorowa; NSW.,,,FINL,2012-06-14T11:01:05,ga2012lqdzai,2012-06-14T11:23:27,-34.3724,148.6283,,,2.31,3.18,,,,,,,,612195,2012-06-13T14:31:08,0,16,2.31,ML,0.1763,0.0938,AUST,0.7531,8
earthquakes.fid--5708c50e_170e4f7b976_-31f3,652442,158.1,113.04,0,0,Near Frogmore; NSW.,,,FINL,2014-10-17T09:10:01,ga2014ujqgdg,2014-10-17T09:17:40,-34.2384,148.9609,,,2.33,,,,,,,,,1067627,2014-10-16T12:37:23,0.22,15,2.33,ML,1.8855,1.4958,AUST,0.3812,9
earthquakes.fid--5708c50e_170e4f7b976_-31f2,654090,180.45,16.46,0,0,N of Windsor; NSW.,,,FINL,2015-09-29T15:20:51,ga2015svmsmn,2015-09-29T15:23:21,-33.0301,150.6472,,,2.34,,,,,,,,,1212408,2015-09-24T15:52:01,2.01,10,2.34,ML,18.8916,10.0431,AUST,0.8256,7
earthquakes.fid--5708c50e_170e4f7b976_-31f1,650988,177.08,57.46,0,0,Near Singleton; NSW.,,,FINL,2013-11-26T12:45:04,ga2013xetkpo,2013-11-28T09:42:46,-32.6053,151.0832,,,2.34,4.2,,,,,,,,847693,2013-11-25T08:39:48,0.84,8,2.34,ML,7.8389,3.9993,AUST,0.3724,6
earthquakes.fid--5708c50e_170e4f7b976_-31f0,650221,162.29,261.54,3.0991,0.9001,Near Orange; NSW.,,,FINL,2013-05-16T10:15:03,ga2013jlavfk,2013-05-16T10:17:14,-33.0372,149.3524,,,2.34,2.62,,,,,,,,760604,2013-05-14T11:41:06,0.09,7,2.34,ML,0.4475,0.1665,AUST,0.3434,5
earthquakes.fid--5708c50e_170e4f7b976_-31ef,654357,88.7,117.64,13.2976,9.0092,Near Katoomba; NSW.,,,FINL,2015-12-18T12:55:04,ga2015yujxtg,2015-12-18T12:59:59,-33.8365,150.4127,,,2.36,,,,,,,,,1250784,2015-12-18T01:01:18,1.12,24,2.36,ML,8.9103,5.719,AUST,0.7216,14
earthquakes.fid--5708c50e_170e4f7b976_-31ee,652789,327.05,103.57,0,0,Near Cessnock; NSW.,,,FINL,2015-01-12T11:40:16,ga2015arqmsa,2015-01-12T11:49:05,-32.8467,151.4559,,,2.36,2.58,,,,,,,,1108156,2015-01-10T14:33:34,4.22,8,2.36,ML,33.7028,28.58,AUST,1.1472,6
earthquakes.fid--5708c50e_170e4f7b976_-31ed,652429,113.49,86.95,0,0,Near Muswellbrook; NSW.,,,FINL,2014-10-14T09:20:03,ga2014uejuws,2014-10-14T10:29:56,-32.3207,150.9186,,,2.36,3.02,,,,,,,,1066179,2014-10-13T16:00:55,0.37,18,2.36,ML,7.5207,2.6328,AUST,0.9258,12
earthquakes.fid--5708c50e_170e4f7b976_-31ec,650029,262.96,309.28,10,0,Offshore; NE of Ulladulla; NSW.,,,FINL,2013-03-15T10:45:02,ga2013fdprir,2013-03-15T11:11:59,-35.1017,151.699,,,2.38,,,,,,,,,731946,2013-03-14T18:47:56,0.05,7,2.38,ML,1.0853,0.1702,AUST,0.9961,4
earthquakes.fid--5708c50e_170e4f7b976_-31eb,651111,97.81,123.77,0,0,Appin; NSW.,,,FINL,2013-12-23T10:10:08,ga2013yyspsw,2013-12-23T10:27:28,-34.1698,150.7493,,,2.44,3,,,,,,,,859497,2013-12-20T09:41:27,0.13,17,2.44,ML,1.8931,1.1241,AUST,0.3981,12
earthquakes.fid--5708c50e_170e4f7b976_-31ea,650428,116.33,311.5,0.0205,0.4247,Near Mudgee; NSW.,,,FINL,2013-07-01T13:21:03,ga2013mubaqo,2013-07-01T13:23:13,-32.4807,149.5359,,,2.44,3.06,,,,,,,,779739,2013-06-30T21:16:46,0.05,12,2.44,ML,0.2354,0.1069,AUST,0.8735,7
earthquakes.fid--5708c50e_170e4f7b976_-31e9,652466,148.29,123.81,1.2475,6.0389,Near Cessnock; NSW.,,,FINL,2014-10-21T11:36:01,ga2014urdfno,2014-10-21T11:49:52,-32.869,151.3352,,,2.45,2.48,,,,,,,,1069657,2014-10-20T14:40:15,0.7,16,2.45,ML,7.5705,2.9739,AUST,0.7437,11
earthquakes.fid--5708c50e_170e4f7b976_-31e8,654089,56.78,131.49,0,0,Near Taralga; NSW.,,,FINL,2015-09-25T11:10:03,ga2015svlhti,2015-09-25T11:12:05,-34.3994,149.7199,,,2.48,3.28,,,,,,,,1210985,2015-09-24T15:09:23,0.48,27,2.48,ML,5.5802,3.4853,AUST,0.8988,16
earthquakes.fid--5708c50e_170e4f7b976_-31e7,652677,155.06,102.64,11.3871,12.8253,S of Denman; NSW.,,,FINL,2014-12-10T12:50:04,ga2014yetpmp,2014-12-10T12:50:57,-32.5432,150.6585,,,2.48,2.64,,,,,,,,1094281,2014-12-09T12:41:50,2.16,14,2.48,ML,13.4997,8.386,AUST,0.6337,7
earthquakes.fid--5708c50e_170e4f7b976_-31e6,650002,254.67,130.82,0,0,Offshore Newcastle; NSW.,,,FINL,2013-03-08T08:51:02,ga2013epjbjy,2013-03-08T09:02:21,-33.0449,152.0587,,,2.48,2.66,,,,,,,,728953,2013-03-07T00:25:44,1.63,5,2.48,ML,16.7136,5.5341,AUST,0.9895,3
earthquakes.fid--5708c50e_170e4f7b976_-31e5,654360,113.82,86.69,17.0453,9.5028,Near Singleton; Hunter Region; NSW.,,,FINL,2015-12-30T21:10:59,ga2015ywcolt,2015-12-30T21:50:11,-32.6197,151.1981,,,2.49,,,,,,,,,1256271,2015-12-18T23:28:16,0.91,11,2.49,ML,9.4721,4.6701,AUST,0.8111,9
earthquakes.fid--5708c50e_170e4f7b976_-31e4,651281,135.05,44.67,13.3224,3.2943,Near Canowindra; NSW.,,,FINL,2014-02-04T16:05:21,ga2014chhbta,2014-02-04T16:06:03,-33.5034,148.6424,,,2.49,2.71,,,,,,,,878316,2014-02-02T06:57:16,0.51,16,2.49,ML,2.857,2.1501,AUST,0.4649,9
earthquakes.fid--5708c50e_170e4f7b976_-31e3,653437,193.58,115.35,0,0,SE of Cessnock; NSW.,,,FINL,2015-04-20T11:30:51,ga2015hqegmv,2015-04-20T11:32:48,-32.9093,151.4852,,,2.5,,,,,,,,,1146749,2015-04-18T22:54:22,0.75,11,2.5,ML,10.6335,5.0373,AUST,0.7157,8
earthquakes.fid--5708c50e_170e4f7b976_-31e2,650991,309.75,97.32,7.8239,3.928,Near Singleton; NSW.,,,FINL,2013-11-28T10:01:06,ga2013xgdldb,2013-11-28T10:03:08,-32.5892,151.2429,,,2.51,2.55,,,,,,,,848276,2013-11-26T02:46:36,0.74,11,2.51,ML,6.8835,4.0578,AUST,0.3892,6
earthquakes.fid--5708c50e_170e4f7b976_-31e1,650874,181.33,285.94,14.3736,0.0892,Pelton; NSW.,,,FINL,2013-10-25T10:31:09,ga2013uyotne,2013-10-25T10:37:02,-32.8803,151.3121,,,2.51,2.71,,,,,,,,831268,2013-10-24T15:59:42,0.01,11,2.51,ML,0.3852,0.1169,AUST,0.6462,8
earthquakes.fid--5708c50e_170e4f7b976_-31e0,652829,181.16,103.79,3.6179,5.9457,Mulbring; NSW.,,,FINL,2015-01-22T14:22:15,ga2015blevph,2015-01-22T14:24:35,-32.8978,151.4411,,,2.53,3.64,,,,,,,,1112333,2015-01-21T06:11:20,0.72,11,2.53,ML,6.6282,3.9793,AUST,0.4567,8
earthquakes.fid--5708c50e_170e4f7b976_-31df,653032,94.59,88.94,0,0,SW of Orange; NSW.,,,FINL,2015-02-25T11:00:38,ga2015dwngdu,2015-02-25T13:54:32,-33.4616,148.9671,,,2.54,2.67,,,,,,,,1124048,2015-02-24T18:06:55,0.29,17,2.54,ML,3.9082,2.2967,AUST,0.6959,11
earthquakes.fid--5708c50e_170e4f7b976_-31de,652460,146.89,120.89,0,0,Near Cessnock; NSW.,,,FINL,2014-10-21T09:56:01,ga2014upnlii,2014-10-21T11:14:30,-32.8773,151.3761,,,2.54,2.54,,,,,,,,1069616,2014-10-19T17:39:45,0.36,14,2.54,ML,5.2267,2.5473,AUST,0.6991,9
earthquakes.fid--5708c50e_170e4f7b976_-31dd,652126,195.19,106.51,3.9352,5.067,Near Cessnock; NSW.,,,FINL,2014-08-04T10:46:01,ga2014oywmls,2014-08-04T10:55:06,-32.9383,151.501,,,2.54,3.47,,,,,,,,1037440,2014-07-31T20:14:43,0.56,6,2.54,ML,5.4692,3.2482,AUST,0.1564,5
earthquakes.fid--5708c50e_170e4f7b976_-31dc,652130,127.42,96.44,10,0,NE of Bathurst; NSW.,,,FINL,2014-08-04T09:56:00,ga2014pajbla,2014-08-04T09:57:51,-33.2917,149.7127,,,2.55,,,,,,,,,1037431,2014-08-01T15:38:38,0.48,8,2.55,ML,4.7693,4.5024,AUST,0.8905,4
earthquakes.fid--5708c50e_170e4f7b976_-31db,651547,107.17,170.87,0,0,NE of Frogmore; NSW.,,,FINL,2014-03-26T10:15:07,ga2014fwuyjt,2014-03-26T10:16:03,-34.2352,148.9511,,,2.55,2.93,,,,,,,,902884,2014-03-25T05:52:00,0.26,9,2.55,ML,2.5531,1.9141,AUST,0.5128,6
earthquakes.fid--5708c50e_170e4f7b976_-31da,651215,147.52,101.91,9.8586,6.0461,NE of Singleton; NSW.,,,FINL,2014-01-20T11:35:03,ga2014bifrbk,2014-01-20T11:36:57,-32.3472,151.3807,,,2.55,2.49,,,,,,,,871121,2014-01-19T15:22:49,0.76,18,2.55,ML,7.8952,4.3421,AUST,0.6959,13
earthquakes.fid--5708c50e_170e4f7b976_-31d9,648262,0,,5.98,,Brunkerville; NSW.,,,FINL,2012-02-09T09:12:10,ga2012coxyla,2012-02-09T09:12:11,-32.9412,151.4676,,,2.55,,,,,,,,,2155700,2012-02-06T10:57:41,,0,2.55,ML,,,AUST,,0
earthquakes.fid--5708c50e_170e4f7b976_-31d8,648899,57.48,241.86,12,0,W of Picton; NSW.,,,FINL,2012-07-05T09:55:00,ga2012nchtdl,2012-07-05T09:58:13,-34.1584,150.3521,,,2.56,3.03,,,,,,,,620372,2012-07-04T09:15:04,0.01,18,2.56,ML,0.2505,0.1413,AUST,0.6429,11
earthquakes.fid--5708c50e_170e4f7b976_-31d7,652516,122.93,135.01,10.4996,1.8481,Near Cessnock; NSW.,,,FINL,2014-11-04T12:20:14,ga2014vrpbho,2014-11-04T12:21:37,-32.9529,151.4234,,,2.57,3.19,,,,,,,,1075500,2014-11-04T00:33:46,0.29,13,2.57,ML,4.1439,1.8789,AUST,0.3555,10
earthquakes.fid--5708c50e_170e4f7b976_-31d6,650985,104.37,92.81,9.1765,6.418,Appin; NSW.,,,FINL,2013-11-25T09:55:08,ga2013xdtclh,2013-11-25T09:57:53,-34.1544,150.7807,,,2.59,,,,,,,,,847090,2013-11-24T19:25:51,0.39,18,2.59,ML,6.451,2.8103,AUST,0.8187,9
earthquakes.fid--5708c50e_170e4f7b976_-31d5,653426,176.84,99.93,5.5813,17.5753,Near Cessnock; NSW.,,,FINL,2015-04-17T09:40:51,ga2015hlmkox,2015-04-17T09:42:45,-32.9076,151.399,,,2.63,,,,,,,,,1145868,2015-04-16T09:38:06,2.2,13,2.63,ML,22.0741,13.2788,AUST,0.4913,10
earthquakes.fid--5708c50e_170e4f7b976_-31d4,651240,89.79,22.68,5,0,Doyles Creek; NSW.,,,FINL,2014-01-28T11:25:03,ga2014btcovy,2014-01-28T11:26:42,-32.5926,150.6964,,,2.64,2.72,,,,,,,,874630,2014-01-25T13:38:58,0.01,17,2.64,ML,0.2134,0.1126,AUST,0.6834,12
earthquakes.fid--5708c50e_170e4f7b976_-31d3,648432,214.16,112.98,0,0,Tasman Sea; E of Sydney; NSW.,,,FINL,2012-03-21T11:03:20,ga2012fqfdhz,2012-03-21T11:06:55,-33.8716,151.7821,,,2.64,2.65,,,,,,,,577655,2012-03-20T15:28:07,0.58,16,2.64,ML,4.9739,2.9336,AUST,0.7473,11
earthquakes.fid--5708c50e_170e4f7b976_-31d2,649121,79.97,154.96,0,0,Near Crookwell; NSW.,,,FINL,2012-08-22T10:01:02,ga2012qmezdj,2012-08-22T10:08:47,-34.3326,149.2276,,,2.65,2.59,,,,,,,,638137,2012-08-21T06:25:21,0.28,18,2.65,ML,3.3648,2.0231,AUST,0.7011,12
earthquakes.fid--5708c50e_170e4f7b976_-31d1,648818,111.08,125.69,9.6463,3.3751,N of Canberra; NSW.,,,FINL,2012-06-18T09:15:05,ga2012lwbpag,2012-06-18T09:22:38,-35.0735,149.0844,,,2.66,3.12,,,,,,,,613383,2012-06-16T19:46:02,0.35,11,2.66,ML,3.5364,2.1696,AUST,0.3504,6
earthquakes.fid--5708c50e_170e4f7b976_-31d0,652132,143.94,40.86,10,0,Near Cassilis; NSW.,,,FINL,2014-08-04T11:50:02,ga2014pbktxh,2014-08-04T11:56:07,-32.0576,150.1033,,,2.7,3.03,,,,,,,,1037454,2014-08-02T05:34:43,1.15,7,2.7,ML,11.2055,7.771,AUST,0.9833,4
earthquakes.fid--5708c50e_170e4f7b976_-31cf,651185,229.71,115.39,10,0,Offshore Seal Rocks; NSW.,,,FINL,2014-01-13T10:55:04,ga2014atjmxi,2014-01-13T11:06:40,-32.5335,152.4926,,,2.73,3.16,,,,,,,,868794,2014-01-11T13:11:33,0.81,10,2.73,ML,11.8572,5.1963,AUST,0.6248,8
earthquakes.fid--5708c50e_170e4f7b976_-31ce,650976,222.4,133.87,4.1145,2.6544,Offshore E of Ulladulla; NSW.,,,FINL,2013-11-25T10:35:08,ga2013wzfpiw,2013-11-25T10:37:08,-35.3511,150.931,,,2.73,,,,,,,,,847132,2013-11-22T08:20:31,0.5,11,2.73,ML,3.5506,2.0709,AUST,0.3057,7
earthquakes.fid--5708c50e_170e4f7b976_-31cd,649248,108.76,303.24,5.6351,0.156,Appin; NSW.,,,FINL,2012-09-18T09:45:01,ga2012skgwtj,2012-09-18T09:47:40,-34.171,150.7957,,,2.78,3.09,,,,,,,,650446,2012-09-17T13:06:42,0.01,18,2.78,ML,0.35,0.0962,AUST,0.4307,10
earthquakes.fid--5708c50e_170e4f7b976_-31cc,653836,83.91,83.57,0,0,Near Dalton; NSW.,,,FINL,2015-07-21T10:55:04,ga2015oefsdq,2015-07-21T10:56:53,-34.7895,149.1192,,,2.82,3.06,,,,,,,,1185622,2015-07-20T14:18:53,0.7,17,2.82,ML,8.5371,6.3974,AUST,0.9645,12
earthquakes.fid--5708c50e_170e4f7b976_-31cb,649704,46.47,311.31,9.1955,0.5098,Near Frogmore; NSW.,,,FINL,2013-01-21T10:35:01,ga2013bgoanq,2013-01-21T10:53:00,-34.1961,148.9222,,,2.85,2.89,,,,,,,,703240,2013-01-18T17:26:14,0.05,19,2.85,ML,0.5074,0.232,AUST,0.6462,10
earthquakes.fid--5708c50e_170e4f7b976_-31ca,650950,115.87,127.1,0,0,Appin; NSW.,,,FINL,2013-11-13T14:25:29,ga2013wigvuk,2013-11-13T14:32:44,-34.1779,150.767,,,2.89,,,,,,,,,840796,2013-11-13T02:42:05,0.25,11,2.89,ML,3.3219,1.5796,AUST,0.4516,7
earthquakes.fid--5708c50e_170e4f7b976_-31c9,649621,339.9,112.66,9.3453,2.1762,Near Bulahdelah; NSW.,,,FINL,2013-01-03T11:41:01,ga2012zcvmrr,2013-01-03T12:02:17,-32.3949,152.0411,,,2.89,2.78,,,,,,,,696996,2012-12-21T15:26:20,0.63,12,2.89,ML,11.6175,3.6405,AUST,0.3154,8
earthquakes.fid--5708c50e_170e4f7b976_-31c8,650512,108.75,303.3,0,0.3917,Near Muswellbrook; NSW.,,,FINL,2013-07-22T09:21:05,ga2013ofqmqy,2013-07-22T09:28:37,-32.3501,150.857,,,2.98,3.34,,,,,,,,787427,2013-07-21T08:48:53,0.05,15,2.98,ML,0.6704,0.339,AUST,0.7176,9
earthquakes.fid--5708c50e_170e4f7b976_-31c7,652364,118.84,112.54,0,0,Near Cessnock; NSW.,,,FINL,2014-09-24T09:40:02,ga2014stjenp,2014-09-25T10:26:06,-32.8645,151.3965,,,3,,,,,,,,,1057785,2014-09-23T11:56:21,0.52,13,3,ML,7.67,3.5572,AUST,0.9983,8
earthquakes.fid--5708c50e_170e4f7b976_-31c6,649921,138.32,44.08,0.0233,1.3853,SW of Orange; NSW.,,,FINL,2013-02-19T10:51:02,ga2013dkvofx,2013-02-20T08:18:16,-33.4665,148.954,,,3,3.45,,,,,,,,721317,2013-02-18T09:23:58,0.17,10,3,ML,0.8844,0.447,AUST,0.5917,6
earthquakes.fid--5708c50e_170e4f7b976_-31c5,652363,119.14,121.72,3.9975,6.4508,Near Cessnock; NSW.,,,FINL,2014-09-24T11:16:01,ga2014stjdnl,2014-09-25T10:23:05,-32.8645,151.3965,,,3.1,,,,,,,,,1057806,2014-09-23T11:55:11,0.81,15,3.1,ML,8.7068,3.6675,AUST,0.8898,10
earthquakes.fid--5708c50e_170e4f7b976_-31c4,650873,107.13,122.9,7.8723,2.1192,Appin; NSW.,,,FINL,2013-10-25T16:10:05,ga2013uyiltd,2013-10-25T16:16:36,-34.1745,150.7885,,,3.1,,,,,,,,,831455,2013-10-24T12:49:39,0.24,21,3.1,ML,2.5364,1.534,AUST,0.4053,12
earthquakes.fid--5708c50e_170e4f7b976_-31c3,649689,46.55,327.16,9.1962,0.5015,Near Frogmore; NSW.,,,FINL,2013-01-14T12:11:01,ga2013avleid,2013-01-14T13:01:31,-34.1862,148.9182,,,3.18,2.99,,,,,,,,701015,2013-01-12T16:10:53,0.06,24,3.18,ML,0.4046,0.1978,AUST,0.7501,15
earthquakes.fid--5708c50e_170e4f7b976_-31c2,648776,104.17,235.52,12.1804,0.0425,N of  Boorowa; NSW.,,,FINL,2012-06-06T10:44:43,ga2012lbbpcw,2012-06-06T11:04:18,-34.3371,148.6977,,,3.18,3.53,,,,,,,,609324,2012-06-05T09:12:10,0.57,12,3.18,ML,0.6947,0.4398,AUST,0.439,9
earthquakes.fid--5708c50e_170e4f7b976_-31c1,649215,210.57,295.78,2.0471,0.0904,Offshore E of Terrigal; NSW.,,,FINL,2012-09-11T09:15:01,ga2012rwxllu,2012-09-11T09:22:55,-33.4493,151.8438,,,3.2,2.95,,,,,,,,647415,2012-09-10T06:23:52,0.02,15,3.2,ML,0.4873,0.0852,AUST,1.0747,10
earthquakes.fid--5708c50e_170e4f7b976_-31c0,652487,149.8,90.42,7.9413,3.9336,Near Singleton; NSW.,,,FINL,2014-10-27T13:16:04,ga2014vcsore,2014-10-27T13:36:26,-32.4451,151.0333,,,3.26,3.03,,,,,,,,1072353,2014-10-26T22:12:40,0.56,13,3.26,ML,5.422,2.7677,AUST,0.5418,9
earthquakes.fid--5708c50e_170e4f7b976_-31bf,650999,181.2,106.08,4.6724,4.6749,Near Singleton; NSW.,,,FINL,2013-11-29T14:20:21,ga2013xlplil,2013-11-29T14:24:39,-32.6173,151.3495,,,3.33,3.28,,,,,,,,848717,2013-11-29T02:11:17,0.79,18,3.33,ML,7.6425,3.3823,AUST,0.7747,10
earthquakes.fid--5708c50e_170e4f7b976_-31be,650571,189.06,265.37,2.1361,0.4885,NW of Maitland; NSW.,,,FINL,2013-08-09T10:45:03,ga2013pnuofo,2013-08-09T10:46:44,-32.6151,151.4801,,,3.36,2.95,,,,,,,,794909,2013-08-08T23:23:33,0.05,15,3.36,ML,0.7354,0.4167,AUST,0.4578,10
earthquakes.fid--5708c50e_170e4f7b976_-31bd,650800,100.74,94.39,0,8.8112,Appin; NSW.,,,FINL,2013-10-26T17:21:04,ga2013ttrxdk,2013-10-26T17:27:07,-34.1717,150.7621,,,3.51,3.14,,,,,,,,831974,2013-10-07T20:15:41,0.66,14,3.51,ML,6.8926,3.2658,AUST,0.6129,10
earthquakes.fid--5708c50e_170e4f7b976_-31bc,648854,70.99,6.33,14.3086,0.3425,N of Boorowa; NSW.,,,FINL,2012-06-25T09:36:15,ga2012mghbkx,2012-06-25T11:17:27,-34.1077,148.6444,,,3.74,3.44,,,,,,,,616503,2012-06-22T09:16:03,0.04,18,3.74,ML,0.5804,0.2831,AUST,0.7322,13
