EVENT,GAID,LON,LAT,DEP,OMAG,OMAG_TYPE,MB,BRUNE_MAG,BRUNE_MAG_STD,STRESS_DROP,LOG_STRESS_DROP_STD,CORN_FREQ,CORN_FREQ_STD,NRECS,FMIN,FMAX,QUALITY,CLUSTER
1994-02-01T05:53:08.000000Z,ga1994cfjfpg,146.352,-38.537,17,3.8,MLa,nan,3.669685183,0.074032735,19.34000854,0.478862628,6.698672819,2.769564439,8,0.8,12,1,5
1994-08-06T11:03:51.000000Z,ga1994pjepaz,151.288,-32.924,2,4.7,mwt,5.3,5.302859848,0.206134553,2.131053521,0.474125617,0.4899074,0.309344592,21,0.2,10,1,10
1994-08-21T05:53:51.000000Z,ga1994qkifcs,148.364,-33.421,1,4.1,MLa,nan,4.122345108,0.21619654,0.403886777,0.372769141,1.095451434,0.668460922,5,0.6,12,1,2
1994-08-31T20:48:30.000000Z,ga1994rdvcvz,133.321,-19.859,5,4.5,mb,4.5,3.482937389,0.034955173,0.460385788,0.552990985,2.389192149,0.962844035,3,1.2,9,1,4
1995-05-20T11:29:11.000000Z,ga1995jwaufs,150.07,-33.86,6,3.6,MLa,nan,3.534979372,0.166497246,2.652833633,0.555908804,4.034218868,1.788621626,15,0.8,12,1,2
1995-05-28T23:12:58.000000Z,ga1995klpxsw,151.408,-32.518,4,3.5,MLa,nan,3.551644688,0.123923368,1.085429564,0.614611307,2.938037551,1.839516069,11,0.8,12,1,10
1995-06-14T16:41:54.000000Z,ga1995lqihse,133.718,-19.782,16,4.9,ML,nan,4.565345684,0.064825888,3.26028832,0.632094719,1.319547308,0.490519626,5,0.5,6,1,4
1996-08-13T04:30:10.000000Z,ga1996pxjivq,143.519,-30.08,2,5.1,mb,4.9,4.818246351,0.117770765,7.034888386,0.53589417,1.274407637,0.469391329,7,0.4,6,1,0
1996-08-14T09:29:07.000000Z,ga1996pzozil,143.538,-30.121,5,4.4,ML,nan,4.195259245,0.114239597,7.713496252,0.577227879,2.692360884,0.739986799,4,0.9,10,1,0
1996-09-25T07:49:56.000000Z,ga1996syoevi,146.467,-37.877,11,4.4,mwt,4.7,4.615955422,0.241736658,6.503879924,0.507080382,1.567083957,0.961673444,27,0.6,10,1,5
1997-03-05T06:15:21.000000Z,ga1997emdexg,138.972,-33.823,22.8,5,mb,4.8,4.807394868,0.171100802,10.72312752,0.434853329,1.485099414,0.646827273,11,0.5,10,1,7
1997-06-27T03:20:27.000000Z,ga1997mneenh,145.955,-36.75,18,3.9,Mwt,nan,3.922443564,0.222739324,1.464785647,0.597353192,2.118598761,1.957678303,20,0.8,12,1,5
1997-07-21T15:10:43.000000Z,ga1997ogddrv,137.79,-32.69,10,3.8,MLa,nan,3.755366872,0.227887998,2.600241813,0.416484394,3.109330932,0.873097263,4,0.6,12,1,7
1997-08-31T15:23:50.000000Z,ga1997rdkjbx,117.684,-31.449,5,4.6,ML,nan,4.321612613,0.265628688,1.103391991,0.275879905,1.217445251,0.461142224,4,0.6,9,1,1
1997-09-01T09:48:37.000000Z,ga1997reuzci,123.138,-18.116,5,4.5,mb,4.3,4.00908284,0.173989058,1.839417943,0.80482983,2.068701631,1.976516085,10,0.6,10,1,3
1998-02-14T18:23:34.000000Z,ga1998deensa,148.604,-35.372,0,3.8,Mwt,nan,3.889872018,0.167208967,1.814738379,0.365403816,2.36236937,0.859205541,22,0.75,10,1,2
1998-02-26T14:13:04.000000Z,ga1998dzwykf,136.621,-33.347,27.7,3.8,MLa,nan,4.098241231,0.111146807,3.614640526,0.524267847,2.338371772,0.95288287,7,0.8,12,1,7
1998-06-09T01:00:50.000000Z,ga1998lfymji,135.844,-27.939,3,4.4,ML,nan,4.227942363,0.103492328,0.481048866,0.086216617,1.028263344,0.111786852,4,0.7,10,1,0
1998-07-17T01:22:39.000000Z,ga1998nxsupr,147.942,-36.367,21,3.9,Mwt,nan,4.065487798,0.188914535,6.425180924,0.563696988,2.941465046,1.71635536,12,0.8,12,1,2
1998-09-27T22:32:08.000000Z,ga1998tbndxs,144.779,-38.357,0,3.8,MLa,nan,3.465358397,0.112461155,3.872492723,0.689593857,4.958269655,3.963139653,13,0.8,12,1,5
1998-10-16T13:46:14.000000Z,ga1998ujsnlu,147.385,-34.669,16,3.9,MLa,nan,3.603205426,0.156161622,2.779372879,0.385332877,3.787843521,1.667421375,7,0.8,12,1,2
1998-11-02T17:09:38.000000Z,ga1998vpepry,151.146,-22.808,0,4.7,mb,4.4,4.446415144,0.042351875,1.070526833,0.467251884,1.043928493,0.406163712,4,0.8,5,1,6
1998-11-12T19:19:33.000000Z,ga1998whseln,121.83,-13.05,6,4.5,ML,nan,4.585417936,0.079978408,11.74628879,0.911671124,1.976683153,0.947557567,3,0.6,10,1,3
1999-01-13T09:40:00.000000Z,ga1999awtyjj,146.374,-38.161,0,3.5,Mwt,nan,3.611699143,0.111986857,13.95583815,0.916407916,6.423152116,6.348510103,11,0.8,12,1,5
1999-03-14T00:13:31.000000Z,ga1999fcetak,147.077,-34.001,2,3.9,mwt,nan,4.075528004,0.123852371,4.08415209,0.389273604,2.500052358,0.883608237,9,0.8,10,1,2
1999-03-17T01:58:10.000000Z,ga1999fhvjvs,150.77,-34.234,8,4.3,mwt,nan,4.654308454,0.30800361,1.736731722,0.50499104,0.965537523,0.628207291,20,0.4,6,1,2
1999-04-15T04:55:52.000000Z,ga1999hjhimq,134.044,-19.791,6,5.1,ML,nan,4.81398603,0.234263956,1.973758694,0.577248772,0.838399108,0.454023963,10,0.3,5,1,4
1999-05-10T10:02:25.000000Z,ga1999jdoqqx,134.017,-19.754,14,4.6,ML,nan,4.387100827,0.04288944,1.904688177,0.729833245,1.354368006,0.707021845,6,0.7,5,1,4
1999-08-18T11:01:55.000000Z,ga1999qfffyg,138.464,-33.274,19.5,4.3,MLa,nan,4.34722772,0.256520843,2.648513721,0.510972264,1.582702736,0.5038006,8,0.5,12,1,7
2000-03-16T13:26:29.000000Z,ga2000fisezh,146.105,-37.478,14,3.8,MLa,nan,3.49884711,0.14766638,4.935785292,0.564161681,5.172585389,2.313313705,15,0.8,12,1,5
2000-05-14T12:39:41.000000Z,ga2000jmymov,112.901,-22.977,5,4.7,ML,nan,4.757468893,0.200185826,1.557256063,0.213561002,0.826795367,0.481950202,5,0.5,10,1,8
2000-08-29T12:05:52.000000Z,ga2000rbibpq,146.29,-38.415,18,4.1,mwt,nan,4.359336116,0.250047008,3.412928986,0.552719954,1.698452856,1.086480519,22,0.7,10,1,5
2000-10-11T19:27:17.000000Z,ga2000ucuxvl,113.066,-19.804,36.2,5.4,mb,5.3,4.971388816,0.152915898,21.37110456,0.395731038,1.547368384,0.816724917,16,0.5,9,1,8
2001-06-14T12:05:14.000000Z,ga2001lpzdhm,138.13,-31.837,18,4,MLa,nan,4.00986323,0.146849522,6.912063567,0.380004035,3.213291291,0.662845688,8,0.8,12,1,7
2001-08-21T23:13:03.000000Z,ga2001qlqqpu,145.45,-38.183,5,3.7,Mwt,nan,3.515278744,0.162080722,16.17054859,0.698374694,7.538437701,3.661698488,9,1,15,1,5
2001-09-14T15:18:30.000000Z,ga2001sdciuu,133.879,-19.702,11,4.9,ML,nan,4.379811409,0.263608915,14.91418818,0.57125551,2.712105873,0.245714022,4,0.7,5,1,4
2001-09-28T02:54:56.000000Z,ga2001tbvwjr,117.061,-30.536,2.3,5.2,ML,nan,4.555943011,0.309588383,1.248770616,0.347713622,0.968728006,0.249943681,4,0.6,5,1,1
2001-10-01T04:52:15.000000Z,ga2001thmycu,117.049,-30.525,0.4,3.8,MLa,nan,3.886582552,0.301014816,0.667947932,0.340004419,1.699425242,1.268717347,10,0.5,8,1,1
2001-10-05T14:55:54.000000Z,ga2001tppvuz,117.056,-30.506,0.8,3.7,MLa,nan,4.011180868,0.271239447,0.435639237,0.218546059,1.276823987,0.67656373,5,0.6,12,1,1
2001-10-19T17:43:23.000000Z,ga2001upnolt,120.593,-33.608,0,5.2,ML,nan,5.054603426,0.137769256,13.66846189,0.302074524,1.211389969,0.614110899,5,0.04,4,1,11
2001-10-27T07:58:48.000000Z,ga2001vdlztj,143.69,-35.356,16.5,4.2,mwt,nan,4.326971844,0.2422213,9.935385872,0.542714206,2.517221668,1.412331986,18,0.5,6,1,5
2001-11-23T03:33:32.000000Z,ga2001xaruxy,148.31,-33.901,4.2,3.8,MLa,nan,3.940117777,0.241573473,0.614746421,0.422337373,1.554242994,0.787376199,17,0.8,12,1,2
2001-12-25T00:56:49.000000Z,ga2001zhfwaz,117.069,-30.531,1.2,4,MLa,nan,4.335969293,0.207051894,1.095242891,0.366584868,1.194532504,0.494190229,6,0.6,12,1,1
2001-12-28T16:31:36.000000Z,ga2001znyafg,117.068,-30.533,2.4,4.22,mwt,nan,4.569307932,0.327517937,0.900456876,0.289431049,0.855420153,0.196873243,8,0.4,8,1,1
2002-02-07T12:48:57.000000Z,ga2002cqxjev,143.886,-40.356,10,4.5,ML,nan,4.525236034,0.248433099,1.23153712,0.28362985,0.998949704,0.363267465,6,0.5,9,1,5
2002-02-14T13:27:20.000000Z,ga2002dduskz,150.744,-34.524,5,3.5,Mwt,nan,3.593874433,0.152283528,4.876025115,0.527234796,4.617751579,3.279396998,16,0.7,10,1,2
2002-03-05T01:47:38.000000Z,ga2002eluifc,117.049,-30.499,0.5,4.46,mwt,nan,4.569653734,0.204092378,1.499840834,0.262783023,1.013601695,0.24561053,7,0.1,12,1,1
2002-03-05T03:29:57.000000Z,ga2002elxsjm,117.062,-30.508,0.4,4.2,mwt,nan,4.41146558,0.350666867,1.069128763,0.269090431,1.08631644,0.586530573,8,0.6,9,1,1
2002-03-23T13:16:22.000000Z,ga2002ftsfnx,117.054,-30.521,1.7,4.39,mwt,nan,4.53809005,0.352391516,1.28382835,0.206418059,0.998013538,0.460062299,11,0.3,12,1,1
2002-03-30T21:15:46.000000Z,ga2002gheeuy,117.049,-30.519,0.8,4.6,mwt,nan,4.788937051,0.28271879,2.478227299,0.481792647,0.930945644,0.685694836,13,0.1,10,1,1
2002-04-18T18:02:07.000000Z,ga2002hpuorb,117.06,-30.533,2.4,3.8,MLa,nan,3.91931479,0.154812596,0.905825768,0.551161138,1.811492885,0.94615132,12,0.3,12,1,1
2002-06-13T18:46:18.000000Z,ga2002loqsak,113.971,-19.46,14.7,4.4,ML,nan,3.914268442,0.182765511,49.46801217,0.605245662,6.912785316,5.549292384,3,0.8,12,1,8
2002-06-15T21:18:42.000000Z,ga2002lsnfcq,147.425,-42.124,10,4.3,MLa,nan,4.137794714,0.359798145,1.123365497,0.514261826,1.513406078,1.487312521,6,0.8,12,1,5
2002-06-23T11:21:12.000000Z,ga2002mglfgw,117.06,-30.543,0.5,3.8,MLa,nan,4.033197427,0.203148779,0.668923654,0.587425356,1.436170301,1.201267614,11,0.3,10,1,1
2002-08-22T21:23:03.000000Z,ga2002qnissd,148.354,-33.865,3,3.6,Mwt,nan,3.9449876,0.296672134,0.490055262,0.468585913,1.43306874,0.817937488,23,0.6,12,1,2
2002-09-24T07:42:57.000000Z,ga2002suwnbc,146.083,-38.67,3.4,3.7,Mwt,nan,4.057574403,0.267902747,0.44414032,0.762353626,1.218237609,1.131689825,16,0.6,12,1,5
2002-10-08T15:54:52.000000Z,ga2002tvezgt,115.498,-25.263,5,4.5,ML,nan,4.198451445,0.226860059,4.069460044,0.297027454,2.167532799,0.853615096,8,0.6,8,1,8
2003-11-22T18:36:02.000000Z,ga2003wzzztj,138.729,-31.645,15.83,4.2,MLa,nan,4.045383233,0.208792837,3.036276871,0.623946496,2.344775737,1.965151635,18,0.3,12,1,7
2003-12-11T10:19:20.000000Z,ga2003yigils,150.444,-34.485,5,4.2,ML,nan,3.996315123,0.155449521,4.461572392,0.500061097,2.820660979,1.26030819,23,0.7,12,1,2
2004-02-11T09:17:58.000000Z,ga2004cxzgxi,129.871,-22.738,12.8,5,ML,nan,4.708524788,0.234566414,2.802562229,0.367814197,1.063984166,0.430007209,13,0.5,10,1,9
2004-02-11T09:30:39.000000Z,ga2004cxzrvm,129.823,-22.68,12.5,5.4,ML,nan,5.06698168,0.286467741,2.516031625,0.315775273,0.67935013,0.335086957,19,0.7,10,1,9
2004-03-05T00:11:29.000000Z,ga2004enmwfu,127.034,-32.472,0,4.4,ML,nan,4.299643506,0.144303004,2.689261908,0.362848109,1.680357741,0.450090127,9,0.6,10,1,11
2004-11-24T02:42:59.000000Z,ga2004xehpdd,117.472,-30.633,0,4.16,mwt,nan,4.3107506,0.315395991,1.722990094,0.29847907,1.430204359,0.388940844,7,0.5,7,1,1
2005-03-03T10:57:01.000000Z,ga2005eivbwe,139.139,-30.899,21.4,4,ML,nan,3.566722719,0.277379258,0.422775554,0.645126947,2.108730438,1.500088264,10,0.7,5,1,0
2005-03-13T02:09:49.000000Z,ga2005famwje,131.644,-26.155,5,4.6,ML,nan,4.558595714,0.168934742,5.406133144,0.613033247,1.574019806,0.644983715,10,0.6,10,1,9
2005-05-14T19:53:05.000000Z,ga2005jlrdee,139.153,-31,13.7,4.5,ML,nan,4.409011311,0.232091255,3.245668685,0.514021289,1.577398937,0.500265133,21,0.5,6,1,0
2005-05-18T23:39:47.000000Z,ga2005jthoaw,119.374,-20.108,25.8,4.6,ML,nan,4.251828315,0.215505141,6.450785151,0.574450668,2.376671578,1.898549634,8,0.7,10,1,8
2005-06-12T10:51:19.000000Z,ga2005lmffvp,117.108,-30.802,2.3,4.3,MLa,nan,3.435035243,0.195231039,1.918432575,0.489282747,4.062658918,1.532637685,6,0.8,12,1,1
2005-06-12T20:36:44.000000Z,ga2005lmyqht,117.03,-30.558,7.6,4.5,ML,nan,3.861729326,0.219418739,1.983941825,0.366998569,2.51376178,0.591697952,5,1.1,10,1,1
2005-09-14T05:12:22.000000Z,ga2005scigmm,134.102,-19.868,10,4.4,ML,nan,4.420865193,0.198245193,8.36185754,0.647780182,2.133114309,0.551922282,6,0.6,6,1,4
2005-09-22T03:52:59.000000Z,ga2005sqxlcz,117.173,-30.126,3,4.1,ML,nan,4.207913226,0.232996688,0.51444796,0.236787137,1.076059636,0.58635357,5,0.6,5,1,1
2006-02-04T16:31:57.000000Z,ga2006clrosl,148.183,-37.564,2.2,3.9,MLa,nan,3.827949607,0.265915156,1.210592494,0.608525183,2.216683351,1.162093518,11,0.8,12,1,5
2006-05-13T01:04:46.000000Z,ga2006jijzzp,135.723,-27.657,7.1,5.1,ML,nan,4.250182209,0.161437815,2.754562184,0.313032162,1.793104333,0.300927884,4,0.5,7,1,0
2006-06-06T15:34:09.000000Z,ga2006lboghd,117.44,-25.032,5.5,4.5,ML,nan,4.141360879,0.151582775,1.52713761,0.343786617,1.669647362,0.443754064,9,0.6,8,1,8
2006-10-21T09:51:49.000000Z,ga2006uspjwe,149.16,-34.036,15,4.2,ML,nan,3.999334027,0.196616451,3.956937863,0.477119367,2.700630703,1.133200066,8,0.8,5,1,2
2006-12-14T17:23:05.000000Z,ga2006yohogj,143.563,-42.791,27,4.4,ML,nan,4.446901729,0.301757116,0.440266202,0.320015422,0.775889823,0.525308775,6,0.6,5,1,5
2007-02-15T15:38:36.000000Z,ga2007dfuukw,113.276,-25.967,18.5,5.3,Mwp,nan,4.580663001,0.095150087,11.92400871,0.229276589,1.997507406,0.525887131,8,0.5,6,1,8
2007-03-08T02:34:11.000000Z,ga2007erjays,145.74,-37.9,9.7,3.5,MLa,nan,3.629619405,0.145256887,4.396916041,0.576326502,4.281396922,2.23099501,16,0.8,12,1,5
2007-06-30T14:06:35.000000Z,ga2007mtmtyk,117.157,-30.77,8.4,3.8,MLa,nan,3.237434408,0.100365387,0.518654923,0.213822301,3.298031263,1.016882486,5,1,12,1,1
2007-08-28T15:33:04.000000Z,ga2007qxxmkd,115.942,-35.429,17.9,4.6,ML,nan,4.324055574,0.094696496,6.359218981,0.294963988,2.176636681,0.543873288,8,0.5,8,1,1
2007-09-16T23:18:34.000000Z,ga2007shjsgi,138.523,-31.392,32.5,4.8,ML,nan,4.314062815,0.127393086,19.75592813,0.812003192,3.212774241,2.093343456,14,0.7,7,1,7
2007-10-09T23:58:40.000000Z,ga2007txqtbb,117.505,-33.946,0,4.8,ML,nan,4.727142824,0.309878337,0.956150479,0.161261695,0.727695699,0.219102822,5,0.5,8,1,1
2007-11-19T20:01:01.000000Z,ga2007wupqit,143.735,-12.336,24.4,4.8,mb,4.8,4.822757135,0.134474563,1.59468159,0.660487929,0.773022076,0.355464595,10,0.2,8,1,6
2007-12-26T15:36:11.000000Z,ga2007zkesrx,138.383,-32.086,16.4,4.7,ML,nan,4.484382137,0.18906527,3.347136657,0.514850789,1.461209712,0.87965567,33,0.04,6,1,7
2008-03-31T08:27:48.000000Z,ga2008gjweup,112.332,-27.666,17.7,4.4,ML,nan,4.304431885,0.166972274,0.724220067,0.265122285,1.07916217,0.492214157,5,0.6,6,1,1
2008-07-09T23:45:20.000000Z,ga2008nmpfma,125.223,-26.034,1.4,4.5,ML,nan,3.874066796,0.16401687,1.457317551,0.366866705,2.236130462,0.820228189,7,0.8,12,1,9
2008-07-29T11:09:20.000000Z,ga2008owirpq,122.11,-14.55,0,4.5,ML,nan,4.451344221,0.112219057,0.302627322,0.322774575,0.681255056,0.20164692,6,0.4,4,1,3
2009-01-26T00:29:19.000000Z,ga2009btydgx,139.029,-32.757,10,4.5,ML,nan,4.201877952,0.12430307,5.841047383,0.587806928,2.435400575,1.3356074,19,0.5,10,1,7
2009-01-30T17:33:11.000000Z,ga2009ccozby,117.774,-30.212,0,4.1,ML,nan,4.312164099,0.15952364,0.270802859,0.049971733,0.77057486,0.232171274,5,0.4,10,1,1
2009-01-31T08:47:03.000000Z,ga2009cdtgox,117.784,-30.23,2.1,3.8,mwh,nan,4.404708051,0.23891087,0.289498748,0.159876935,0.708283854,0.364341132,6,0.4,10,1,1
2009-01-31T11:55:21.000000Z,ga2009cdzmvt,117.798,-30.215,0,4.4,ML,nan,4.198186437,0.343646231,0.336384767,0.327503551,0.94449144,0.433249201,6,0.7,10,1,1
2009-02-01T00:42:40.000000Z,ga2009ceyybh,117.819,-30.209,0,4,ML,nan,3.991434247,0.162357728,0.15314092,0.322094932,0.921847533,0.374449315,5,0.6,10,1,1
2009-02-01T21:57:40.000000Z,ga2009cgpetk,117.795,-30.214,0,4,ML,nan,4.112543972,0.211278108,0.135420946,0.206281393,0.769666232,0.316733813,5,0.6,10,1,1
2009-03-05T12:53:51.000000Z,ga2009emqkho,117.774,-30.208,0,4,mwh,nan,4.748296816,0.246566102,0.196642866,0.418950218,0.419202111,0.34941502,7,0.5,5,1,1
2009-03-06T01:35:59.000000Z,ga2009enpraz,121.252,-16.314,0,5.1,ML,nan,4.361919565,0.05701585,5.171503109,0.442092337,1.945023942,0.71302458,9,0.4,8,1,3
2009-03-06T09:55:36.000000Z,ga2009eogfou,145.839,-38.445,14.8,4.4,mwt,nan,4.758571933,0.388438483,0.887947985,0.650176287,0.684734714,0.809508861,21,0.4,10,1,5
2009-03-18T05:28:17.000000Z,ga2009fjybuf,145.822,-38.425,15,4.3,mwt,nan,4.64841481,0.300393165,1.067871296,0.670670648,0.826630395,0.884220311,25,0.4,10,1,5
2009-04-08T05:31:50.000000Z,ga2009gwmlih,116.881,-34.148,0,4.1,ML,nan,3.941568453,0.169208163,1.36768469,0.196526578,2.025615007,0.627072726,5,1,8,1,1
2009-06-25T15:16:49.000000Z,ga2009mkkmbo,117.468,-30.619,0,4.2,ML,nan,4.088171051,0.351059567,0.56278517,0.293327171,1.272646616,0.607992975,4,0.7,10,1,1
2009-08-12T04:56:54.000000Z,ga2009ptsucv,137.4686,-38.799,10,4.5,ML,nan,4.005177074,0.171499685,2.362961411,0.265811565,2.258964867,0.705849974,5,1,8,1,7
2010-04-20T00:17:09.000000Z,ga2010hscssm,121.4892,-30.787,1.75,4.1,mwh,nan,4.652696147,0.134183328,2.314116016,0.289126722,1.064452059,0.276631814,9,0.2,5,1,11
2010-06-05T21:47:00.000000Z,ga2010laewrw,136.714,-33.559,15,4.8,ML,nan,4.498397274,0.156324667,2.181608403,0.520807584,1.246635336,0.692472474,20,0.5,5,1,7
2010-07-30T21:29:22.000000Z,ga2010oxdfxj,138.1414,-32.175,10,4.17,ML,nan,3.875308798,0.151567371,1.691843964,0.393159394,2.346811318,0.839772315,13,0.7,9,1,7
2010-09-29T09:09:25.000000Z,ga2010tedzyu,143.7524,-29.568,0,4.02,MLa,nan,3.889266419,0.035470632,5.375261729,0.64277185,3.395047069,1.457680212,4,0.7,12,1,0
2010-10-10T02:30:18.000000Z,ga2010txvtsj,139.9606,-32.902,0,4.13,ML,nan,4.078136284,0.110690725,1.402391412,0.382226237,1.745423195,0.561220961,11,0.6,10,1,7
2010-10-27T14:18:02.000000Z,ga2010vdyonz,143.5944,-29.438,7.32,4.36,ML,nan,4.321807517,0.126324325,2.643638319,0.52750641,1.628706107,1.096321697,17,0.5,10,1,0
2011-01-15T00:38:01.000000Z,ga2011aztlcc,136.4669,-33.5729,0.9,3.87,MLa,nan,3.559098383,0.148958374,1.868894828,0.535987747,3.491335358,1.190055994,8,0.8,12,1,7
2011-02-21T21:59:36.000000Z,ga2011drhuaj,135.4195,-20.9034,0.6,4.4,ML,nan,4.300819152,0.166437894,3.478495194,0.627541121,1.82838099,1.177130118,19,0.5,7,1,4
2011-04-16T05:31:18.000000Z,ga2011hlefxk,147.7644,-20.085,7.09,5.3,mwt,nan,5.22354971,0.195176726,4.225510781,0.422518827,0.674316863,0.285866344,21,0.02,5,1,6
2011-04-16T07:06:52.000000Z,ga2011hlhkgo,147.6792,-20.1698,0,4.13,MLa,nan,4.182441668,0.120321501,0.602245558,0.444545485,1.167838635,0.491491585,4,0.8,5,1,6
2011-04-17T18:41:20.000000Z,ga2011hoadou,113.5252,-19.8029,30,5.31,mb,5.31,5.095504134,0.056944564,33.14453305,0.272906097,1.552617125,0.267511189,8,0.03,7,1,8
2011-05-20T20:03:29.000000Z,ga2011jwrvkm,119.3321,-23.4596,9.16,4.52,mb,4.52,4.518548105,0.164465575,3.331831642,0.403281627,1.402704212,0.639625471,10,0.8,10,1,8
2011-07-05T01:32:11.000000Z,ga2011nbskgr,145.8394,-38.412,2.26,4.38,ML,nan,4.412590061,0.261912789,1.191485147,0.481734122,1.124812976,0.73917406,20,0.6,8,1,5
2011-07-14T05:51:36.000000Z,ga2011nsonsu,120.3563,-20.8649,12,4.47,ML,nan,4.356907118,0.07297436,6.263373339,0.533738134,2.085267037,0.868349028,12,0.5,10,1,8
2011-09-04T11:15:11.000000Z,ga2011rklaim,138.7128,-33.0785,2,3.75,MLa,nan,3.716736558,0.134234329,1.821930053,0.163980489,2.887274609,0.532383483,6,0.8,12,1,7
2011-09-17T16:28:27.000000Z,ga2011sirvsq,147.7275,-20.1835,5.5,4.04,MLa,nan,4.156005915,0.287200403,1.721207154,0.247398649,1.708521942,0.71606203,4,0.4,10,1,6
2011-12-05T19:10:00.000000Z,ga2011xxxolw,114.4155,-21.5135,15,5.08,ML,nan,5.471523144,0.164614186,5.547226337,0.258023276,0.554978545,0.142249643,13,0.03,2,1,8
2012-03-21T17:07:09.000000Z,ga2012fsednr,136.0006,-28.2314,0,3.94,MLa,nan,3.562705096,0.090359285,0.664009513,0.236822175,2.462547917,0.55928596,3,1.2,12,1,0
2012-03-23T09:25:19.000000Z,ga2012fvghie,132.1244,-26.1242,0,5.1,mwh,nan,5.48013413,0.202851724,0.959516095,0.435610792,0.306170136,0.167579331,40,0.03,4,1,9
2012-03-25T20:53:20.000000Z,ga2012fzunyv,136.8206,-30.3235,0,3.85,MLa,nan,3.721578811,0.155415488,0.222133073,0.429129625,1.423729466,0.642372097,6,0.8,12,1,0
2012-04-19T19:09:16.000000Z,ga2012htoghh,148.6032,-35.2309,4,3.69,MLa,nan,3.650993083,0.259293329,1.507842022,0.653474779,2.923936097,1.560564685,22,0.8,12,1,2
2012-06-08T11:31:00.000000Z,ga2012lgtjkb,150.4125,-30.7588,0,4.19,ML,nan,4.369821887,0.164432175,1.17583169,0.533107364,1.176386181,0.741824089,16,0.3,10,1,10
2012-06-19T10:53:29.000000Z,ga2012maxctf,146.29,-38.259,18,5.14,mwt,nan,5.272030134,0.197562925,2.465129203,0.55359649,0.532856948,0.387645872,44,0.03,10,1,5
2012-06-22T09:16:03.000000Z,ga2012mghbkx,148.6444,-34.1077,14.3086,3.74,MLa,nan,3.778290118,0.119698608,1.975325015,0.511254451,2.763208139,1.189510345,23,0.8,12,1,2
2012-07-20T09:11:30.000000Z,ga2012ofrgdr,146.215,-38.231,12,4.32,mwt,nan,4.53968712,0.23299054,1.480506187,0.704481933,1.044653635,0.946556666,32,0.35,10,1,5
2012-11-05T19:31:49.000000Z,ga2012vwsftb,129.0448,-11.5463,39.2974,4.49,mb,4.49,3.934271442,0.119385898,67.64669912,0.575745527,7.498233372,3.595103639,4,0.8,8,1,3
2012-11-29T19:21:18.000000Z,ga2012xothuq,140.6586,-27.7557,5,3.87,MLa,nan,3.996226198,0.187224621,1.11968949,0.563129449,1.779365801,0.880747638,5,0.8,12,1,0
2013-06-09T14:22:15.000000Z,ga2013lgzayw,131.994,-26.11,0,5.3,mwh,nan,5.472643749,0.199864686,2.45114305,0.604611218,0.422162982,0.315154278,43,0.04,8,1,9
2013-07-18T11:39:11.000000Z,ga2013oaiytv,133.8849,-19.8206,9.5209,4.21,MLa,nan,4.093482915,0.285775048,3.87467471,0.727183292,2.406298107,2.365578919,4,0.8,12,1,4
2013-10-07T20:15:41.000000Z,ga2013ttrxdk,150.7621,-34.1717,0,3.51,MLa,nan,3.944777631,0.24635648,0.139754696,0.394136909,0.943508444,0.68343978,19,0.8,10,1,2
2014-02-26T00:00:07.000000Z,ga2014dyurkb,121.1872,-30.6786,0.0756,4.2,mwh,nan,4.901025129,0.260264866,0.314404884,0.304180095,0.411146251,0.343051582,46,0.07,10,1,11
2014-04-29T09:54:56.000000Z,ga2014ijjknn,139.5405,-32.7959,12.6493,4.1,mwh,nan,4.383268868,0.140168048,3.896797303,0.52316127,1.726953492,0.899110533,24,0.6,10,1,7
2014-06-04T02:29:09.000000Z,ga2014kwwubq,137.7095,-29.8668,12.7111,4.64,ML,nan,4.392460185,0.128163319,3.134345921,0.324106386,1.589149249,0.469777734,15,0.5,10,1,0
2014-09-26T15:38:16.000000Z,ga2014szdskg,119.5339,-20.0995,10,4.61,mb,4.61,4.190529369,0.083742623,1.755161156,0.438427049,1.652672444,0.522460898,6,0.5,10,1,8
2014-10-31T19:15:25.000000Z,ga2014vlriii,121.2319,-30.8146,10,4.48,mb,4.48,4.338367591,0.229477498,0.154150551,0.635298954,0.619646073,0.631675173,37,0.3,8,1,11
2014-12-02T16:34:40.000000Z,ga2014xsffza,145.846,-38.418,8.8,3.39,MLa,nan,3.55960342,0.137270739,0.32175034,0.727903572,1.941111277,1.468819424,19,0.9,12,1,5
2014-12-03T19:05:10.000000Z,ga2014xufynv,145.4424,-38.1015,10,3.26,MLa,nan,3.410283756,0.108638072,0.753379476,0.64414703,3.061083577,1.920686666,14,0.8,12,1,5
2015-02-15T15:57:09.000000Z,ga2015dfvkkl,151.4361,-25.1459,12.5,4.8,mwh,nan,5.097020665,0.122927952,3.1664298,0.414995126,0.708530842,0.323152878,38,0.02,10,1,6
2015-02-16T05:56:49.000000Z,ga2015dgxfza,151.4593,-25.0536,0,3.99,MLa,nan,3.757344769,0.129001416,9.605937498,0.256964833,4.795714697,1.015477208,8,0.8,12,1,6
2015-07-29T23:41:43.000000Z,ga2015ovlxbt,154.411,-25.353,13,5.4,Mwp,nan,5.674229795,0.223827504,0.584198071,0.411056574,0.207531621,0.164837359,38,0.03,6,1,10
2015-08-01T03:38:45.000000Z,ga2015ozlfce,154.433,-25.383,13,5.3,Mwp,nan,5.577481894,0.172926795,0.536023259,0.453745977,0.225423611,0.166754671,38,0.03,6,1,10
2015-08-01T04:46:26.000000Z,ga2015oznlkq,154.2735,-25.3761,30,5.11,mb,5.11,5.104765681,0.224069647,0.700703477,0.460385597,0.424757498,0.333477535,29,0.03,6,1,10
2015-09-17T02:44:55.000000Z,ga2015shqobo,142.4188,-39.8392,10,4.8,mb,4.8,4.499228842,0.125673359,1.231178614,0.412498454,1.029212544,0.436681041,22,0.5,8,1,5
2015-10-07T20:30:11.000000Z,ga2015ttsjqh,121.8877,-17.1917,0,4.45,ML,nan,4.217782152,0.162349871,9.797476482,0.79010182,2.841141112,2.676748449,8,0.4,8,1,3
2015-10-13T06:54:56.000000Z,ga2015udrskb,120.7514,-22.5689,13.286,4,mwh,4.44,4.439437377,0.035751639,1.403403808,0.521058921,1.151740572,0.457550978,8,0.4,10,1,8
2015-11-03T01:07:44.000000Z,ga2015vpulrr,133.9378,-19.7835,10.8453,3.85,MLa,nan,3.993149374,0.070927653,0.471285266,0.317025548,1.338235063,0.643828279,4,0.8,12,1,4
2016-01-30T17:39:14.000000Z,ga2016ccpehm,149.0798,-35.9102,7.1812,3.58,MLa,nan,3.621988954,0.190005941,1.206056895,0.551971965,2.806341975,1.843990504,30,0.8,12,1,2
2016-04-28T16:52:44.000000Z,ga2016ijxgog,133.8884,-19.7698,10,3.95,MLa,nan,3.975994245,0.243016824,1.067729077,0.395794887,1.792678342,0.957991222,5,0.8,12,1,4
2016-05-10T09:44:35.000000Z,ga2016jfjuef,118.6896,-16.3973,0,5.29,mb,5.29,4.913369557,0.067046315,6.82643078,0.479176157,1.13081681,0.54010067,13,0.03,8,1,3
2016-05-20T18:14:02.000000Z,ga2016jyjxze,129.8322,-25.5792,0,6.1,Mwp,nan,6.078874926,0.278356057,6.20173094,0.562928383,0.28625032,0.292180337,82,0.03,7,1,9
2016-05-21T08:46:18.000000Z,ga2016jzmvqc,129.8367,-25.6007,0,4.09,MLa,nan,4.00095528,0.111224409,2.44514036,0.261518609,2.29598702,0.530825352,6,0.8,12,1,9
2016-05-28T15:30:26.000000Z,ga2016kmwiau,122.4661,-32.4966,0,4.95,ML,nan,5.084583224,0.17534105,1.425398324,0.343952747,0.550849475,0.311843008,22,0.02,10,1,11
2016-05-28T16:38:44.000000Z,ga2016kmyoxb,122.4381,-32.4599,0,5.1,ML,nan,5.095259766,0.185082424,2.362689729,0.410499859,0.643949018,0.316765556,20,0.02,10,1,11
2016-06-07T00:02:19.000000Z,ga2016leavbj,152.5031,-33.5018,0,4,ML,nan,3.96458893,0.113414166,0.778526407,0.533120958,1.634842008,1.077933834,12,0.8,8,1,10
2016-06-08T02:01:09.000000Z,ga2016lgamis,122.493,-32.5055,0,4.35,MLa,nan,4.24782535,0.092211767,2.578024408,0.395723117,1.758715011,0.944228781,7,0.8,12,1,11
2016-06-19T01:54:09.000000Z,ga2016maffzo,136.4501,-35.9162,10,4.5,ML,nan,4.217920054,0.133821195,3.826408177,0.501689085,2.076424809,1.698262002,9,0.5,10,1,7
2016-07-08T09:40:50.000000Z,ga2016njrmwh,122.5108,-32.4576,0,5.59,ML,nan,5.172210458,0.148056015,6.807536623,0.479432907,0.83863034,0.333386949,23,0.02,10,1,11
2016-07-14T10:08:55.000000Z,ga2016nusuiu,122.433,-32.5355,0,4.22,MLa,nan,4.102459831,0.091554141,5.110905934,0.368726736,2.611851722,1.004384947,9,0.6,12,1,11
2016-07-16T11:44:49.000000Z,ga2016nynkte,122.4355,-32.5007,0,3.96,ML,nan,3.861942285,0.173586836,5.639430491,0.525810113,3.560025243,2.588531418,7,0.8,12,1,11
2016-08-13T15:31:13.000000Z,ga2016pyfgmi,152.8669,-23.8209,10,4.41,ML,nan,4.770665729,0.18011851,0.32763401,0.511789126,0.484331369,0.368018441,48,0.04,5,1,6
2016-08-18T04:30:07.000000Z,ga2016qgnzey,148.8628,-19.768,0,5.8,Mwp,nan,5.850275755,0.159365224,21.02914169,0.624641052,0.559519348,0.416045908,82,0.03,5,1,6
2016-09-05T16:23:37.000000Z,ga2016romrwq,122.2198,-32.4185,0,4.21,ML,nan,3.987219852,0.123219134,4.074118237,0.603793408,2.765330779,2.370401474,12,0.6,12,1,11
2016-11-06T09:54:31.000000Z,ga2016vxuvdr,127.9866,-19.1059,10,5.07,ML,nan,4.796434166,0.176003463,6.638011445,0.623411402,1.281763952,0.983141978,25,0.4,10,1,9
2017-01-03T15:30:19.000000Z,ga2017aewhlh,118.4554,-30.6094,10,4.18,ML,nan,3.991881356,0.226743483,0.878284156,0.353031634,1.649238542,0.66347134,7,1,10,1,1
2017-01-31T19:40:15.000000Z,ga2017ceoxls,146.2254,-38.455,10,3.45,MLa,nan,3.643107663,0.136833953,0.47893473,0.646381896,2.013186841,1.394362794,26,0.8,12,1,5
2017-04-04T03:55:53.000000Z,ga2017gpajda,128.9391,-25.9025,10,3.97,MLa,nan,3.826754502,0.08110648,2.031135371,0.214569594,2.637635886,0.667162192,4,0.8,12,1,9
2017-04-13T16:31:05.000000Z,ga2017hgmxvb,148.9557,-33.4639,0,4.27,ML,nan,4.557640542,0.302016213,0.272054838,0.360709871,0.581760662,0.379769949,33,0.35,7,1,2
2017-05-15T19:12:42.000000Z,ga2017jnlngh,123.5876,-27.1668,10,3.9,MLa,nan,3.779752783,0.123568666,2.600455417,0.397320488,3.023332294,1.08073797,7,0.8,12,1,11
2017-08-06T04:21:50.000000Z,ga2017pirgpw,128.0179,-19.1337,10,4.97,ML,nan,4.867044416,0.185808746,3.289255516,0.430081439,0.935095858,0.552351864,27,0.25,10,1,9
2017-08-31T08:07:10.000000Z,ga2017rcvwum,117.215,-30.4605,10,3.87,MLa,nan,4.104600416,0.252874274,0.423322073,0.262404245,1.135714666,0.479348893,8,0.6,8,1,1
2018-01-24T02:28:20.000000Z,ga2018bqkqbr,153.0258,-30.6453,10,4.23,ML,nan,4.25140679,0.090458046,2.056343923,0.46198163,1.624330227,0.943998828,17,0.5,8,1,10
2018-05-12T00:50:56.000000Z,ga2018jgnveu,139.3305,-28.7981,10,4.09,MLa,nan,4.06042371,0.085218249,1.591180864,0.388092635,1.857977562,0.567913276,17,0.5,10,1,0
2018-06-20T02:54:32.154000Z,ga2018mahejo,122.4235687,-32.66796494,10,4.6594319,ML,5.07936935,4.660881799,0.084499179,1.596879548,0.315414434,0.931813413,0.306919052,16,0.3,12,1,11
2018-07-01T02:27:40.759000Z,ga2018mulipo,136.6786346,-33.6055603,10,3.72191545,ML,4.17258938,3.541922437,0.137149635,1.354459749,0.681674087,3.198698352,2.074676983,20,0.8,12,1,7
2018-07-22T02:46:01.508000Z,ga2018ohacqd,148.9633636,-33.47355652,10,3.82650506,ML,nan,3.685940534,0.145512285,0.882599946,0.393935725,2.34943537,0.805070215,22,1.2,12,1,2
2018-09-10T21:55:20.741000Z,ga2018rwgpgw,122.615387,-12.83352947,18.48936844,4.7884784,mb,4.7884784,4.038361244,0.22343369,2.939097347,0.46595093,2.338315842,1.305317865,25,0.8,8,1,3
2018-09-14T21:51:47.119000Z,ga2018sdphry,150.8257294,-32.33989716,1.03484511,3.51689081,ML,3.94002447,3.663704566,0.11212947,0.366066876,0.437428872,1.79754732,0.837188042,20,0.8,10,1,10
2018-09-16T04:56:24.116000Z,ga2018sfzeme,116.78,-34.43,1.72017396,5.25264889,Mw,5.2360801,5.41405008,0.185995086,3.727395515,0.540630175,0.519344962,0.299290404,49,0.04,5,1,1
2018-09-20T22:20:04.975000Z,ga2018soqjir,116.825676,-34.41537094,8.10070705,3.68956978,ML,4.15449386,3.798584716,0.365806361,0.127803835,0.327727608,1.083680873,0.632562761,9,1,10,1,1
2018-10-12T16:31:29.048000Z,ga2018ucpciy,116.7873306,-34.42316055,5.76605177,4.64511297,ML,5.04720756,4.539174699,0.132054293,0.958965025,0.398649746,0.90439755,0.419131034,21,0.6,8,1,1
2018-11-08T10:59:09.528000Z,ga2018vzsrsz,116.7987671,-34.42027664,3,3.81354812,ML,3.91984968,3.78349521,0.121072933,1.051746171,0.766112095,2.226222214,1.611936403,7,0.6,10,1,1
2018-11-08T21:07:00.006000Z,ga2018wamvnf,116.7873306,-34.42316055,3.01950908,5.20321735,Mw,nan,5.477898274,0.243558174,2.891550286,0.395576443,0.443377432,0.179159471,51,0.04,5,1,1
2018-11-21T15:58:50.991000Z,ga2018wxzblb,136.8457489,-33.36133957,10,3.66149028,ML,4.2653222,3.711908427,0.213121798,0.912949261,0.478518719,2.306077,1.249684215,28,0.7,10,1,7
2018-12-16T14:26:21.333000Z,ga2018yrtdrs,112.6228561,-23.30430031,10,5.85092492,Mw,5.71168794,6.038409699,0.186087462,14.52427985,0.415732099,0.39826532,0.270806001,45,0.05,5,1,8
2019-01-13T19:43:09.047000Z,ga2019axnyeq,118.5169907,-33.95681763,10,3.58729367,ML,nan,3.153870118,0.098292534,1.348186644,0.754409818,4.992607431,4.144475374,10,1.5,10,1,1
2019-02-01T08:28:19.788000Z,ga2019cfojhl,113.3016357,-24.50074196,10,4.40320787,ML,4.83721176,4.236934728,0.219851854,12.15944175,0.446732013,2.986640746,2.242181476,25,0.7,10,1,8
2019-05-30T02:26:50.969000Z,ga2019knsbtf,131.8587646,-21.28147316,10,5.39990724,ML,5.63173827,5.197832666,0.203485763,8.123554503,0.492876532,0.86366404,0.490666984,168,0.04,10,1,4
2019-05-30T07:38:53.830000Z,ga2019kockqs,131.9233704,-21.32752419,10,4.33065809,ML,4.80943421,4.215705974,0.147256257,8.992103002,0.590050046,2.767663212,1.633786104,111,0.4,10,1,4
2019-06-20T14:30:09.393000Z,ga2019mbehlj,119.3349304,-33.1002388,10,4.25498033,ML,4.46142494,3.799082441,0.100290378,1.667394188,0.22421108,2.549670219,0.458646101,6,1.3,10,1,1
2019-06-23T13:47:23.980000Z,ga2019mgqbes,120.0310593,-30.72055244,10,3.76766514,ML,3.7144958,3.559564546,0.04399805,3.137259329,0.341234079,4.14712384,1.266196889,7,0.9,19,1,11
2019-07-14T05:39:24.991000Z,ga2019nsodfc,120.2946854,-18.26223373,20,6.55122597,Mww,6.35791224,6.601808393,0.189441759,23.9131653,0.325890292,0.245840801,0.114170903,57,0.01,7,1,3
2019-07-14T07:26:37.287000Z,ga2019nsrrqq,120.42556,-18.20709038,15.75727749,4.55249728,ML,5.20124566,4.578821108,0.200828984,7.075164773,0.50597121,1.682083056,1.184460217,54,0.5,10,1,3
2019-07-14T21:33:54.935000Z,ga2019ntttsx,120.5684814,-18.36467743,21.91589737,4.36465236,ML,5.01291009,4.415054248,0.175142887,3.670435755,0.435061459,1.63201654,0.849295011,50,0.4,10,1,3
2019-07-14T23:01:36.282000Z,ga2019ntwrhw,120.2814636,-18.28185654,10,4.72501892,Mw,5.50426372,5.165207609,0.137348607,10.3566179,0.41947042,0.972332161,0.419064862,56,0.04,10,1,3
2019-07-17T10:20:12.812000Z,ga2019nykpwb,120.3633499,-18.52585411,21.46323967,4.42296652,ML,4.9802334,4.25585651,0.194665508,4.864960069,0.483199403,2.153330255,1.028055272,43,0.6,10,1,3
2019-07-25T19:06:13.545000Z,ga2019ontweu,120.2585831,-18.26270294,10,4.48567601,ML,4.99281615,4.433865611,0.167459122,4.685132336,0.544000589,1.732421717,1.06840636,52,0.4,10,1,3
2019-08-01T01:22:15.845000Z,ga2019ozgrmh,133.849,-19.822,5,4.98775771,Mw,5.19336681,5.294055576,0.196209144,3.982242365,0.403562095,0.609575138,0.314331726,181,0.04,8,1,4
2019-08-01T16:49:18.002000Z,ga2019palktq,117.5561371,-34.69829941,10,3.82625022,ML,4.28698067,3.57786507,0.070374332,0.546758181,0.282879146,2.268184435,0.578118754,6,1.3,10,1,1
2019-08-01T23:03:57.005000Z,ga2019paxvfc,120.2637711,-18.28358841,10,4.75469771,ML,5.36735619,4.638499647,0.165303222,11.4869091,0.442931455,1.845711034,1.005370528,52,0.3,10,1,3
2019-08-12T19:11:47.373000Z,ga2019puvcuy,120.5794525,-21.41424179,10,4.61978938,ML,4.76116766,4.243504278,0.160498265,6.467790692,0.513411411,2.401664383,1.233625159,51,0.4,10,1,8
2019-08-18T11:38:41.661000Z,ga2019qfglqd,151.8996429,-20.95031929,10,4.52018142,ML,4.72395036,4.450308444,0.084319911,2.037624338,0.619576526,1.287951833,0.683751176,5,0.3,6,1,6
2019-08-31T21:00:25.481000Z,ga2019rdvncw,134.3556671,-35.36056519,10,3.96501976,MLa,4.35121919,4.175119984,0.258665797,0.825721333,0.374567585,1.308369206,0.737699744,50,0.6,8,1,7
2019-09-11T09:01:00.956000Z,ga2019rxcqxd,127.4865189,-23.52555084,10,4.03965206,MLa,nan,3.875789435,0.207623055,4.354669411,0.592427133,3.214421444,2.43782361,61,0.8,12,1,9
2019-12-16T04:27:39.851000Z,ga2019yqzhvl,150.890274,-32.32577515,10,3.75081554,ML,nan,3.800477399,0.14761349,1.022449967,0.550013331,2.162657735,1.138726716,11,1.2,10,1,10
2019-12-16T05:29:42.159000Z,ga2019yrbjfq,150.835968,-32.34764862,10,4.3513545,ML,nan,4.61407955,0.255501558,0.484203996,0.477932565,0.660666296,0.475352778,33,0.04,8,1,10
2020-04-15T07:11:04.955000Z,ga2020hlhnxn,148.7121429,-19.87002563,10,4.97527069,ML,nan,4.912613296,0.173768433,1.751024471,0.58625944,0.719123081,0.524084114,28,0.03,6,1,6
2020-05-02T17:48:38.026000Z,ga2020iriaiq,150.8701172,-32.34958267,10,3.90431618,ML,nan,3.898704546,0.11804846,0.864161842,0.482092192,1.826102816,1.050007801,18,0.55,8,1,10
2020-05-14T05:53:34.681000Z,ga2020jmlaqc,138.8015442,-33.71071243,10,4.3144191,MLa,nan,4.228887429,0.190998815,2.936983311,0.48801152,1.877309663,1.08566937,36,0.5,12,1,7
2020-08-23T03:00:52.164000Z,ga2020qppqrr,146.2671661,-20.98827553,10,4.78025648,ML,nan,4.638686265,0.176755747,2.690921611,0.499488358,1.137547884,0.810714212,18,0.3,10,1,6
2020-09-25T14:28:55.023000Z,ga2020szbkji,150.6940308,-30.57366371,10,3.5913622,ML,nan,3.702942735,0.101940554,1.421718971,0.601925423,2.700716656,1.750178611,14,0.9,8,1,10
2020-09-29T12:11:42.641000Z,ga2020tgftxc,117.1850052,-21.32128716,10,4.04514713,MLa,nan,4.152142536,0.156257515,3.243819239,0.05542002,2.119792824,0.302484205,3,0.6,12,1,8
2021-01-29T19:47:55.945000Z,ga2021caxsis,121.8011627,-13.95501137,10,5.57672926,Mw,5.7657236,5.663732019,0.168921762,3.402336444,0.427420775,0.377924935,0.198083913,26,0.03,4,1,3
2021-02-07T09:41:31.404000Z,ga2021cqrdrt,150.8415985,-32.3411026,0.70630425,3.5092449,ML,3.54125106,3.815759969,0.247590206,0.257669304,0.443580553,1.342208694,0.749076548,18,1.1,12,1,10
2021-03-12T13:57:43.064000Z,ga2021ezopso,129.4467163,-22.30257416,10,4.24131604,ML,nan,4.182210366,0.166914444,1.699179613,0.455353771,1.650645139,0.92265189,47,0.9,10,1,9
2021-06-22T19:09:41.451000Z,ga2021mffacg,143.5796661,-38.90559006,10,3.64427479,ML,nan,4.053973765,0.167164922,0.130335682,0.474210528,0.812917921,0.691519328,11,0.5,5,1,5
2021-06-24T06:57:02.751000Z,ga2021mhyeok,120.1802902,-18.32783318,10,5.11539994,Mw,5.60608662,5.214157248,0.270711318,8.143466522,0.486215819,0.848275554,0.761654141,31,0.03,7,1,3
2021-06-24T18:30:26.389000Z,ga2021mivear,141.6354065,-31.5410347,10,3.58385546,ML,nan,3.861372493,0.173253999,4.29098576,0.480526287,3.252210007,1.564996895,65,0.6,8,1,0
2021-06-26T22:12:14.518000Z,ga2021mmtyxy,113.8629837,-22.95962143,10,4.70659098,ML,5.22975188,4.77288394,0.259151651,2.482439732,0.29227435,0.948848201,0.333976918,22,0.1,6,1,8
2021-07-19T08:12:48.073000Z,ga2021obxvvc,117.2765732,-30.95134926,5,3.51038856,ML,nan,3.838361162,0.305851206,0.089166615,0.292527725,0.91811972,0.55971562,17,0.7,8,1,1
2021-09-21T23:15:53.776000Z,ga2021sqogij,146.3478699,-37.49168396,10,5.86849626,Mw,5.83185068,5.955308867,0.209254507,18.67459113,0.467724139,0.476549924,0.299854812,66,0.03,5,1,5
2021-09-21T23:33:38.777000Z,ga2021sqovqr,146.2875366,-37.47331619,11.11868954,4.07165844,ML,4.50141071,4.212250171,0.169263603,1.187438789,0.30092479,1.415004417,0.628511329,17,0.9,8,1,5
2021-10-08T16:47:26.216000Z,ga2021tvgsoo,141.0205688,-35.40810394,1.70318139,4.81305843,ML,5.00324868,4.838124603,0.185781332,2.228239688,0.386521449,0.849058221,0.447527981,106,0.05,8,1,7
2021-11-13T13:05:52.663000Z,ga2021wjbnip,119.8416,-21.1301,35,5.32347935,Mw,5.69924278,5.23949793,0.258074308,16.89767885,0.420665249,1.050846276,0.868198339,55,0.03,6,1,8
2022-01-05T11:37:01.343000Z,ga2022aigaei,117.0198517,-33.34041214,6.94343853,3.99061331,ML,nan,4.201068022,0.254500245,0.115805491,0.507969862,0.659763335,0.508152182,19,0.5,5,1,1
2022-01-22T07:40:49.206000Z,ga2022bndnpd,117.0591278,-33.3127594,8.30578518,3.75466481,ML,nan,3.920927271,0.291185501,0.303056212,0.441006009,1.255229774,0.602527058,20,0.4,10,1,1
2022-01-22T07:57:32.304000Z,ga2022bnebzv,117.0443344,-33.3227272,9.69913387,3.50808459,ML,nan,3.740459545,0.215060992,0.170481093,0.472568929,1.275483286,0.667478772,24,0.6,10,1,1
2022-01-24T21:24:47.666000Z,ga2022brwhkb,117.0213,-33.3494,1.9,4.75257696,ML,nan,4.719016128,0.243572434,0.895683004,0.466773957,0.71871358,0.427828943,28,0.05,8,1,1
2022-01-24T21:50:09.468000Z,ga2022brxdgl,117.0271149,-33.33148193,5,3.51562546,ML,nan,3.784968941,0.294592634,0.212361972,0.441969766,1.30382784,0.699616035,23,0.6,10,1,1
2022-02-01T10:41:03.626000Z,ga2022cfstsd,117.0341263,-33.34535599,5,4.25975701,ML,nan,4.455678784,0.220425845,0.130898348,0.353856513,0.512646269,0.343025036,20,0.1,8,1,1
2022-03-05T20:50:08.501000Z,ga2022engesz,138.8569,-35.0981,26.1,3.67978346,ML,nan,3.706030149,0.164603932,3.374950835,0.50890323,3.58993468,1.993012032,21,0.6,7,1,7
2022-07-02T13:01:59.499000Z,ga2022mxcccc,121.2898026,-30.66849518,10,3.51530194,ML,nan,3.585348002,0.172623096,0.763026444,0.463832494,2.512956664,1.472776697,23,1,10,1,11
2022-07-24T14:21:39.582000Z,ga2022oloscs,130.0454407,-17.06973076,10,4.15950259,ML,nan,4.186267276,0.214534133,1.996782582,0.637108756,1.733760453,1.43899334,25,0.4,10,1,4
2022-08-21T04:37:01.042000Z,ga2022qkfqvg,117.0684809,-30.83329033,5.01238726,4.3519093,ML,nan,4.297695598,0.16897937,1.257170014,0.635173695,1.30706146,1.21056904,18,0.25,7,1,1
2022-10-26T19:22:43.284000Z,ga2022vcmyib,134.5755463,-12.32723713,10,4.10365042,ML,nan,3.920256983,0.15143882,3.225282282,0.575230969,2.763163326,1.658853212,13,0.8,10,1,4
2022-11-04T22:45:47.957000Z,ga2022vthdlu,148.8685303,-34.34418106,3.01862669,3.99155628,ML,nan,4.115294986,0.188978635,0.580754214,0.358575078,1.246510002,0.723102602,28,0.3,10,1,2
2022-11-21T10:05:07.001000Z,ga2022wxniqe,123.4449844,-17.61831474,10,4.30544534,ML,nan,4.494281208,0.184904678,3.350048768,0.619476493,1.445070082,1.239388833,31,0.2,8,1,3
2022-11-23T07:24:06.741000Z,ga2022xazlrn,120.808197,-27.71071815,10,3.97813379,ML,nan,3.845994998,0.149836115,1.588018331,0.653063689,2.376658641,1.805155675,30,1,12,1,11
2022-12-11T14:34:49.181000Z,ga2022yiouyy,125.9933701,-31.72974968,10,4.64633172,ML,nan,4.53294663,0.176977479,3.630818228,0.626705119,1.419735117,1.084853169,111,0.5,8,1,11
2022-12-27T23:10:56.021000Z,ga2022zmpnoh,139.590744,-38.0320549,10,3.83298129,ML,nan,3.878889859,0.138611712,1.029332029,0.389761906,1.980399024,0.814468337,19,0.8,10,1,7
2023-01-05T05:12:18.758000Z,ga2023ahtgqs,118.3057861,-33.77495956,5,4.53027926,ML,nan,4.598003867,0.338000298,1.022637429,0.580271486,0.863477646,0.682347653,121,0.5,8,1,1
2023-02-05T00:39:57.733000Z,ga2023cmhtgf,117.0835648,-33.36898804,5.59447384,4.10779838,ML,nan,4.399738888,0.289897752,0.767911569,0.578648818,0.986082906,0.786216258,114,0.35,10,1,1
2023-03-22T23:23:09.124000Z,ga2023fsqpnw,139.5921173,-32.78533173,8.7669878,4.72017277,ML,nan,4.362980241,0.124264739,9.870182154,0.473714999,2.409706075,1.111879729,43,0.5,10,1,7
2023-04-17T09:02:57.386000Z,ga2023hngzeb,120.23349,-18.13127327,10,4.69268914,Mw,nan,4.995179991,0.231141835,42.8881787,0.635949217,1.899043924,1.386537959,113,0.15,10,1,3
2023-05-12T18:20:10.079000Z,ga2023jhwpkg,120.1839447,-18.20827293,10,4.16722795,ML,nan,4.065783722,0.228921398,2.62826035,0.494145723,2.182780529,1.009306305,12,0.9,10,1,3
2023-05-28T13:41:51.652000Z,ga2023kkwzpi,144.8484344,-37.55506134,2.02451205,3.84561155,ML,nan,3.885407978,0.151056369,1.322615687,0.240450343,2.136910689,0.602792396,15,0.6,10,1,5
2023-06-07T12:13:06.231000Z,ga2023lddhxf,147.0039215,-16.76450348,9.87401295,4.23642048,ML,nan,4.585710453,0.250125763,0.302310655,0.405905716,0.583411603,0.449262219,14,0.5,5,1,6
2023-06-29T15:32:43.482000Z,ga2023mrtxhp,146.312973,-37.50204468,7.44275332,4.5803744,ML,nan,4.511692818,0.267407796,1.578304955,0.385686321,1.102122076,0.565980001,38,0.4,8,1,5
2023-07-12T14:08:31.784000Z,ga2023npnogk,122.4006424,-32.55060959,10,3.57530034,ML,nan,3.500601539,0.204906354,10.20068865,0.663981532,6.575390226,3.469807086,64,1,15,1,11
2023-08-05T21:34:42.237000Z,ga2023pidtuh,118.2907791,-33.80443192,5,4.96665012,Mw,nan,5.357134072,0.245587202,4.803028026,0.514453045,0.603416445,0.386670701,125,0.03,6,1,1
2023-09-02T08:49:10.208000Z,ga2023rgostj,117.0568695,-33.34043503,5,3.582101,ML,nan,3.792461474,0.211668922,0.855285999,0.586677947,2.056611158,1.459773523,87,0.9,12,1,1
2023-09-08T14:25:03.988000Z,ga2023rsafen,150.7327881,-34.15309906,2.38602567,3.5399159,ML,nan,3.951096963,0.395449826,0.172708497,0.426341078,1.00516006,1.089214789,17,0.8,9,1,2
2023-10-21T15:11:07.680000Z,ga2023uszzah,143.5066528,-38.69179535,10,4.72569252,Mw,nan,5.092770584,0.233331479,0.705539092,0.39763891,0.431652446,0.261561352,55,0.03,6,1,5
2023-10-21T18:44:29.333000Z,ga2023uthawn,143.5280914,-38.6981926,10,3.5591672,ML,nan,3.292532224,0.087661326,0.344012437,0.399804692,2.699423804,1.241969117,4,1,10,1,5
2023-10-23T02:17:37.660000Z,ga2023uvrufo,143.5210419,-38.7157135,10,3.71616928,ML,nan,3.895577112,0.232434111,0.114529732,0.336450857,0.934393905,0.409421215,5,0.8,8,1,5
2023-10-24T12:38:04.991000Z,ga2023uyibtz,147.1536102,-29.1205368,10,3.91437764,ML,nan,3.851283021,0.182181752,5.824602528,0.484310524,3.643004644,2.052603115,21,0.8,10,1,10
2024-01-07T03:37:12.363000Z,ga2024alhomu,127.5232697,-17.41468811,10,4.02581445,ML,nan,4.209337215,0.215099396,1.220823445,0.621486784,1.432940475,1.273591203,21,0.35,7,1,3
2024-01-15T12:03:20.377000Z,ga2024baqdfq,138.6737213,-33.15229034,5,3.5507283,ML,nan,3.591074982,0.096694492,2.700283845,0.456676179,3.804329449,1.528684698,10,1,10,1,7
2024-02-08T13:49:37.456000Z,ga2024csvciy,145.9987335,-38.55813599,10,4.3549784,MLa,nan,4.852975532,0.294161204,0.135084931,0.493827011,0.32788912,0.298355764,28,0.3,10,1,5
2024-02-22T02:41:57.918000Z,ga2024drrdjb,121.1770935,-30.7330513,5,3.58443833,MLa,nan,3.543505234,0.185809555,0.561518741,0.403576515,2.380754454,1.301848166,10,1.5,12,1,11
2024-02-23T04:53:11.144000Z,ga2024dtrfhv,134.0563507,-19.84101105,10,3.70357812,MLa,nan,3.889632023,0.168606818,1.757823703,0.498628677,2.338055941,1.387464111,11,0.7,10,1,4
2024-02-27T16:04:09.925000Z,ga2024ebwkds,128.2914886,-16.71381378,10,4.16445692,MLa,nan,4.231046543,0.282693827,1.743239496,0.559053554,1.573771048,1.119292059,24,0.6,12,1,4
2024-03-08T09:53:12.547000Z,ga2024ettidu,150.4825745,-33.88016891,6.62210417,3.53705709,MLa,nan,3.529762191,0.142818502,1.977668416,0.495033066,3.680011714,1.580714047,21,0.8,12,1,2
2024-03-20T10:07:43.103000Z,ga2024fpunfl,146.3418121,-37.4887619,5.68709278,3.46750228,MLa,nan,3.396270346,0.058772611,0.771857321,0.452762714,3.136098109,1.555289963,10,0.9,8,1,5
2024-04-17T06:36:31.571000Z,ga2024hoxvwu,138.6252441,-33.14629745,5,4.09217778,MLa,nan,4.046297624,0.166241694,2.438274215,0.35566868,2.177164148,0.721331494,23,0.7,10,1,7
2024-05-22T20:41:54.476000Z,ga2024kcghdy,149.7387238,-34.50011063,10,3.9223923,MLa,nan,3.819361887,0.183353851,3.012905933,0.528015402,3.03384497,2.010949479,23,0.8,10,1,2
2024-06-27T00:09:57.918000Z,ga2024motpgn,138.6398163,-31.93810463,10.16324711,3.38239844,MLa,nan,3.447064849,0.101091807,2.605494274,0.287604269,4.437211063,1.380725,10,0.8,12,1,7
2024-06-30T22:52:39.432000Z,ga2024mvzyds,130.7090759,-14.49367619,10,3.64644684,MLa,nan,3.594591989,0.125604239,4.808760348,0.676248687,4.592623612,2.482557159,12,0.9,12,1,4
2024-07-09T00:52:11.822000Z,ga2024nkvsfo,134.6704559,-19.31395721,5.51272488,3.43529849,MLa,nan,3.800177154,0.163551686,0.835652368,0.380159573,2.022704512,0.806374485,8,0.7,12,1,4
2024-07-11T03:39:06.429000Z,ga2024nosrvl,119.0534286,-20.42302895,10,3.86629004,MLa,nan,3.801341051,0.142771116,1.631353498,0.605767758,2.524592598,1.314024436,9,0.8,12,1,8
2024-08-06T17:48:44.067000Z,ga2024plnsvb,146.3610382,-37.49197388,9.62705612,4.11424901,MLa,nan,4.073032311,0.158903076,3.223529144,0.427580342,2.317075484,0.979649458,30,0.6,12,1,5
2024-08-15T09:42:38.851000Z,ga2024qbldwq,117.639,-31.298,2,3.67734035,MLa,nan,3.614840447,0.189924423,1.684913728,0.556385653,3.163137979,1.943787806,116,1,8,1,1
2024-08-18T18:05:38.154000Z,ga2024qhozyo,117.639,-31.298,2,4.40338871,MLa,nan,4.268992059,0.213343112,2.803301367,0.428277743,1.764979657,1.045090335,133,0.6,12,1,1
2024-08-18T18:33:40.605000Z,ga2024qhpydc,117.639,-31.298,2,4.12799282,MLa,nan,4.029040843,0.215416481,3.500919841,0.517376458,2.505452103,1.715669713,130,0.8,12,1,1
2024-08-23T02:01:58.180000Z,ga2024qpnryi,150.869,-32.347,2,4.70225331,Mw,5.14686426,5.064394536,0.177078099,0.893626484,0.371288176,0.482540622,0.189576205,49,0.04,12,1,10
2024-08-24T06:31:37.463000Z,ga2024qrsjee,150.869,-32.347,2,4.47702767,Mw,nan,4.874684314,0.174195173,0.651083379,0.403807985,0.540193288,0.243615983,33,0.04,12,1,10
2024-09-06T19:58:32.652000Z,ga2024rqpnyt,150.869,-32.347,2,4.45770589,Mw,nan,4.781071598,0.254152577,1.069778006,0.482564831,0.709972009,0.418098296,35,0.3,10,1,10
2024-09-08T13:56:05.598000Z,ga2024rtuyxc,145.7339325,-36.86780167,5,3.54679846,MLa,nan,3.420475292,0.069851236,0.633262443,0.330314595,2.855196934,0.913216484,11,1,12,1,5
2024-09-09T10:41:50.163000Z,ga2024rvkgwm,121.20961,-30.7041893,5,3.76805046,MLa,nan,4.03393716,0.277832426,0.312362216,0.509596979,1.113260302,0.92026669,16,0.5,12,1,11
2024-09-16T07:39:10.587000Z,ga2024siahqo,138.3460236,-33.24928284,7.46655655,3.55755196,MLa,nan,3.534173589,0.175301643,1.600175712,0.503334179,3.411784309,2.601973892,20,0.7,12,1,7
2024-10-08T08:31:28.767000Z,ga2024twlzxn,146.3475494,-43.7817688,10,4.0448399,MLa,nan,4.079401994,0.030911499,9.844840805,0.406242587,3.337190814,1.571366679,4,0.6,12,1,5
2024-10-20T23:27:24.429000Z,ga2024utqkrj,136.0754852,-28.4962635,9.33562756,4.05313353,MLa,nan,3.872820701,0.225373277,0.565042397,0.401923262,1.632910815,1.013753605,10,0.7,12,1,0
2024-11-12T01:12:56.570000Z,ga2024widwze,150.869,-32.347,2,4.13961818,MLa,nan,4.196023502,0.240155624,1.414486512,0.454597739,1.528270828,0.958720477,32,0.8,12,1,10
2024-11-14T02:45:31.770000Z,ga2024wlyktc,115.0707474,-35.27514267,10,4.01974296,MLa,nan,4.180319414,0.183944019,0.579845301,0.29517489,1.155997277,0.462396818,11,0.7,10,1,1
2025-01-04T03:50:55.376000Z,ga2025afuvrm,141.9963379,-31.53653717,10,4.00986122,MLa,nan,4.092074616,0.152600231,5.899950997,0.419710582,2.772838853,1.239373469,25,0.5,12,1,0
2025-01-07T03:22:31.736000Z,ga2025alhbvf,125.2002029,-11.34694672,10,4.37705616,MLa,nan,4.176209002,0.138306061,26.77835173,0.647872415,4.167119134,3.223199817,12,0.8,12,1,3
2025-01-11T02:52:44.841000Z,ga2025asozrs,138.71,-32.02,10,4.47363158,Mw,nan,4.801970339,0.173798691,5.625203664,0.335061267,1.205239579,0.749570222,24,0.15,10,1,7
2025-01-19T03:12:13.349000Z,ga2025bhhlmw,117.0794144,-31.63218498,5,3.72898535,MLa,nan,3.473181391,0.09695163,8.482353183,0.436434895,6.381565423,1.675144844,9,1.2,12,1,1
2025-01-23T23:01:17.250000Z,ga2025bqdtqo,115.4485779,-19.46229744,10,4.62040648,MLa,nan,4.162800154,0.11465683,16.58427752,0.513118917,3.607263876,1.427298291,11,0.7,12,1,8
2025-01-25T18:11:29.273000Z,ga2025btlpry,117.0932007,-31.69228935,5.83132887,3.53798513,MLa,nan,3.483754812,0.140281942,1.197297386,0.707648766,3.282482424,2.545563796,8,1.2,8,1,1
2025-02-08T18:48:48.882000Z,ga2025ctfaek,138.7393494,-32.06616592,4.49898243,4.10975813,MLa,nan,4.041469691,0.114625166,5.481198301,0.302428579,2.867936052,0.802675729,22,0.7,9,1,7
2025-03-01T11:31:32.646000Z,ga2025efetvw,146.782135,-19.40003777,7.80934191,4.41124109,MLa,nan,4.211723749,0.11563349,3.317186717,0.470062902,1.994070776,1.014176972,10,0.8,12,1,6
2025-04-04T01:33:38.867000Z,ga2025govqpg,147.2058258,-35.94203568,9.79779053,3.6571378,MLa,nan,3.574066701,0.154441149,0.974962878,0.44461367,2.762539397,1.313776411,37,0.05,12,1,2
2025-04-22T16:55:02.590000Z,ga2025hxbgjh,151.088,-32.685,2,4.59603067,Mw,4.88106783,5.242398329,0.211727576,0.535981494,0.386182373,0.331535398,0.178793387,91,0.07,10,1,10
2025-05-23T16:36:13.357000Z,ga2025kbycte,147.3508453,-30.821661,10,5.26406982,MLa,nan,5.179557365,0.235427433,2.115020893,0.443846388,0.563212142,0.36061924,93,0.03,12,1,2
2025-05-28T04:53:53.513000Z,ga2025kkfmpz,150.728775,-34.15340424,2.64382505,3.57258581,MLa,nan,4.026543736,0.299520572,0.232445025,0.421481049,1.017452214,0.941200003,35,0.05,12,1,2
2025-07-29T18:01:33.012000Z,ga2025ovapyo,117.6552887,-31.27584267,1.85971153,4.73464121,MLa,nan,4.98246803,0.291820105,0.430383234,0.363484729,0.415652347,0.326723319,12,0.07,10,1,1
2025-08-15T23:49:25.842000Z,ga2025qarmrq,152.1924744,-26.25858688,10,5.56685417,MLa,5.3,5.23179145,0.128962713,4.040140997,0.475681363,0.658034888,0.344844343,56,0.05,12,1,10
2025-08-18T11:43:53.373000Z,ga2025qfgqdm,125.8585053,-12.47460651,10,4.71655664,MLa,nan,4.621316428,0.162349057,8.582970939,0.481380815,1.708310475,0.994045604,30,0.6,8,1,3
2025-09-07T11:23:40.449000Z,ga2025rpymik,117.1889191,-30.66356277,3.73423862,3.81004403,MLa,nan,3.644489122,0.093784887,1.755327589,0.447364708,3.09899329,1.196296612,12,1,8,1,1
2025-09-15T13:05:09.742000Z,ga2025setorr,147.3789368,-30.82164764,25.03334999,3.81970806,MLa,nan,3.838323037,0.214412249,0.70487198,0.289662558,1.829030866,0.683693723,32,0.8,6,1,2
2025-09-15T16:22:51.025000Z,ga2025sfafdb,150.8545837,-32.34211349,5,3.68788596,MLa,nan,4.104957262,0.311257471,0.329908237,0.376005554,1.044715952,0.669306983,34,0.3,12,1,10
2025-09-21T06:00:22.417000Z,ga2025spfyeo,122.382637,-13.56806564,10,3.66689571,MLa,nan,3.878456422,0.116693556,1.556388897,0.416782363,2.274173708,1.257185979,11,0.05,12,1,3
2025-09-21T07:34:46.676000Z,ga2025spjbkt,122.3980713,-13.70288944,10,4.44952492,MLa,nan,4.507873554,0.145545947,5.695081626,0.343555503,1.697887893,0.78349465,11,0.4,12,1,3
2025-09-24T20:38:41.211000Z,ga2025svwfnh,146.1480713,-42.89725113,27.80903435,4.08926388,MLa,nan,4.048084043,0.111190918,7.87269577,0.453852644,3.211280724,1.21428046,14,0.7,10,1,5
