EV,MW,DIST,WA_AMP
0,2.0,39.1,0.0777419338601
0,2.0,141.1,0.00732000418126
0,2.0,23.3,0.0947811612516
1,2.0,26.0,0.058403412322
1,2.0,65.9,0.0141521783236
1,2.0,15.3,0.365722047136
1,2.0,110.0,0.00471042153046
1,2.0,25.6,0.045236735625
1,2.0,84.0,0.00671598658028
1,2.0,352.1,0.00127718391276
2,2.0,16.8,0.213532193802
2,2.0,37.8,0.0608926283834
2,2.0,42.5,0.0246102256087
2,2.0,32.8,0.0406370631555
2,2.0,46.2,0.037425545565
2,2.0,104.1,0.00522017400841
2,2.0,94.6,0.0172663600638
2,2.0,79.0,0.0184199842626
2,2.0,158.2,0.0185615133736
2,2.0,12.4,0.378607709734
2,2.0,148.3,0.0183393046466
3,2.05,93.6,0.0123069417057
3,2.05,97.8,0.0417142657782
3,2.05,15.7,0.115174329446
3,2.05,21.6,0.0538957703614
3,2.05,14.8,0.333786773353
3,2.05,45.4,0.0385298638994
3,2.05,208.2,0.00983853180608
3,2.05,17.5,0.154130790109
3,2.05,442.4,0.000550829247475
4,2.05,44.9,0.0169691054641
4,2.05,27.9,0.0611689797413
4,2.05,46.0,0.0670437367908
4,2.05,60.4,0.00726553952963
4,2.05,141.9,0.00870935660559
4,2.05,63.3,0.0230713953491
4,2.05,91.7,0.0194071136389
4,2.05,19.1,0.155274011309
4,2.05,17.2,0.075930753494
4,2.05,43.5,0.0963474358257
5,2.05,76.4,0.037543325596
5,2.05,51.2,0.0508754834136
5,2.05,151.4,0.0196288236253
5,2.05,81.9,0.031701262503
5,2.05,51.6,0.0160499333918
5,2.05,70.1,0.0167430255677
5,2.05,76.0,0.00960050864578
5,2.05,61.4,0.0336154385852
6,2.1,62.6,0.0197152322351
6,2.1,12.6,0.259102436297
6,2.1,16.8,0.167431203305
6,2.1,60.9,0.0150992855645
6,2.1,45.8,0.0434815213635
7,2.1,19.3,0.230185368582
7,2.1,52.8,0.12233254959
7,2.1,23.6,0.159106474336
7,2.1,34.3,0.100060172633
7,2.1,86.9,0.00573825706143
7,2.1,12.2,0.122757685196
7,2.1,84.1,0.0193365609291
7,2.1,15.1,0.269746876954
7,2.1,18.4,0.528886740811
7,2.1,22.6,0.167336230856
8,2.1,190.9,0.00662814986859
8,2.1,24.4,0.0622705814102
8,2.1,19.8,0.256277783515
8,2.1,37.2,0.20573564818
8,2.1,76.3,0.0199732718561
8,2.1,40.3,0.0191255631263
8,2.1,67.3,0.00483833301373
8,2.1,41.7,0.0431526274246
9,2.15,30.0,0.115881743805
9,2.15,19.8,0.268359566503
9,2.15,10.7,0.505256335045
9,2.15,48.6,0.0469483441019
9,2.15,96.9,0.0414298327458
10,2.15,72.1,0.0151684128386
10,2.15,44.3,0.0889196504643
10,2.15,63.3,0.011906867376
10,2.15,65.9,0.0637146937564
10,2.15,21.5,0.434341586316
10,2.15,91.3,0.0176754454199
10,2.15,46.1,0.0500111119197
10,2.15,115.2,0.0116674745932
10,2.15,103.0,0.0116156393195
10,2.15,35.9,0.10801911489
10,2.15,25.9,0.0982032250508
10,2.15,111.2,0.0159695786604
11,2.15,38.5,0.0640673578705
11,2.15,10.2,1.70146023367
11,2.15,94.2,0.0160527338961
11,2.15,119.2,0.0101580034757
11,2.15,42.6,0.0463341042386
11,2.15,43.8,0.062660647537
12,2.2,241.4,0.00823074402905
12,2.2,97.1,0.0117498421568
12,2.2,33.9,0.147032859659
12,2.2,96.5,0.0429598476226
12,2.2,44.7,0.0707693912752
12,2.2,94.0,0.0184521995535
12,2.2,231.1,0.00916949627331
12,2.2,165.6,0.0112065497927
12,2.2,67.7,0.0236396886704
13,2.2,28.0,0.248820958174
13,2.2,47.6,0.0348086921804
13,2.2,50.8,0.0336111664451
13,2.2,129.1,0.0269076150352
13,2.2,62.6,0.0294481946262
13,2.2,24.5,0.294702310793
13,2.2,60.4,0.0641330072274
13,2.2,50.1,0.0688438995529
14,2.2,34.0,0.233383351621
14,2.2,39.3,0.198892861256
14,2.2,18.4,0.259974924031
14,2.2,28.7,0.142461997643
14,2.2,18.9,0.271760032952
14,2.2,42.5,0.0462731749671
14,2.2,61.7,0.0271991267396
14,2.2,189.8,0.0109169419361
14,2.2,13.3,0.77408916275
15,2.25,58.7,0.0969466192319
15,2.25,56.4,0.0641839474889
15,2.25,25.3,0.215082467575
15,2.25,94.7,0.0225421770273
15,2.25,15.4,0.172886612997
15,2.25,139.1,0.0116912062058
15,2.25,47.4,0.033524944091
15,2.25,98.8,0.0390972937864
15,2.25,68.7,0.0228908421748
15,2.25,27.5,0.211338003842
15,2.25,14.7,0.557656347173
16,2.25,23.4,0.143926626695
16,2.25,31.1,0.176532686775
16,2.25,45.8,0.056900485345
16,2.25,50.5,0.0907157246281
16,2.25,108.4,0.0337891421179
16,2.25,47.6,0.0518120722767
16,2.25,82.6,0.0331345532743
16,2.25,66.6,0.0752952672844
16,2.25,20.4,0.131943963524
16,2.25,17.2,0.770146884693
16,2.25,51.9,0.0420423880202
16,2.25,80.7,0.0507496446007
16,2.25,23.1,0.272329456581
17,2.25,46.4,0.137084824608
17,2.25,45.3,0.0640032354578
17,2.25,26.5,0.652060954579
17,2.25,107.1,0.0253741630565
17,2.25,125.1,0.0257568272596
17,2.25,138.2,0.0167895783631
18,2.3,86.8,0.0265166646259
18,2.3,98.6,0.0374925593946
18,2.3,134.2,0.0340666372212
18,2.3,91.7,0.0343891378914
18,2.3,227.5,0.00810176313356
18,2.3,148.4,0.0121970548884
18,2.3,121.9,0.027999154489
18,2.3,63.8,0.0175194374526
18,2.3,69.2,0.0682986741908
18,2.3,222.6,0.0205776997798
18,2.3,29.7,0.321552180776
18,2.3,91.5,0.0352540779292
18,2.3,27.8,0.334011531853
18,2.3,70.5,0.059556678136
18,2.3,13.4,0.467554143477
18,2.3,83.6,0.0258802492689
18,2.3,100.7,0.0163927504173
18,2.3,422.4,0.00342888416797
18,2.3,63.2,0.0356583690626
19,2.3,32.6,0.239112166265
19,2.3,132.2,0.0292594298139
19,2.3,39.5,0.292305128416
19,2.3,86.9,0.0500798631621
19,2.3,86.2,0.0432330274914
19,2.3,10.9,0.581743000431
19,2.3,45.7,0.113425647378
19,2.3,126.8,0.0291200783189
19,2.3,195.8,0.0101336081896
20,2.3,152.4,0.0246755158187
20,2.3,91.0,0.0455023725475
20,2.3,44.1,0.110011828338
20,2.3,27.0,0.576724334042
20,2.3,66.0,0.026407731922
20,2.3,259.0,0.00790549252958
20,2.3,265.3,0.00605902006677
20,2.3,41.6,0.0640096708832
20,2.3,99.8,0.0411907389899
20,2.3,50.7,0.0641734181658
20,2.3,54.5,0.0565085504305
20,2.3,162.3,0.0427334257799
20,2.3,26.1,0.372934245416
20,2.3,39.6,0.122292130322
20,2.3,45.6,0.0418836269103
21,2.35,26.8,0.456624641438
21,2.35,30.9,0.334984753754
21,2.35,19.6,0.696247776094
21,2.35,285.2,0.00496262197765
21,2.35,96.3,0.0584797998651
21,2.35,58.4,0.0877220277045
21,2.35,84.8,0.049472279964
21,2.35,34.4,0.387787629496
21,2.35,190.0,0.0107076075775
21,2.35,36.0,0.131672877969
21,2.35,92.3,0.0236285351617
21,2.35,175.9,0.0259308626059
22,2.35,190.5,0.0398371067055
22,2.35,51.6,0.120007788228
22,2.35,146.4,0.0255393194487
22,2.35,76.7,0.0823753755307
22,2.35,49.5,0.185353037656
22,2.35,121.2,0.00839349280074
22,2.35,27.5,0.388646620023
22,2.35,305.6,0.00852386109655
22,2.35,549.7,0.00118112052162
22,2.35,384.7,0.00321400974631
23,2.35,549.9,0.0011679664116
23,2.35,83.9,0.0279768440687
23,2.35,36.5,0.305644113067
23,2.35,11.2,1.04275448241
23,2.35,33.2,0.224317550744
23,2.35,84.6,0.0307641944053
23,2.35,111.7,0.0552779145577
23,2.35,34.2,0.128371494835
23,2.35,180.7,0.0327915100286
23,2.35,31.2,0.398431172666
23,2.35,163.8,0.043874169091
23,2.35,109.9,0.012492073557
23,2.35,89.6,0.0286055371664
23,2.35,28.8,0.254977957539
23,2.35,73.3,0.0355907372536
24,2.4,38.8,0.347257305936
24,2.4,134.3,0.0262238391782
24,2.4,30.6,0.289694914876
25,2.4,124.6,0.0433738818341
25,2.4,201.3,0.0181783700268
25,2.4,107.4,0.0591071042112
25,2.4,53.9,0.0314084147384
25,2.4,45.4,0.0826195779037
25,2.4,52.9,0.152826962968
25,2.4,143.1,0.085412555668
25,2.4,84.4,0.064590313343
25,2.4,198.3,0.010235691623
25,2.4,142.2,0.0561992377688
25,2.4,20.0,1.09655182723
25,2.4,230.7,0.0166356000526
26,2.4,126.3,0.0669034737351
26,2.4,382.3,0.00242686289988
26,2.4,29.9,0.27484047485
26,2.4,42.7,0.11139160871
26,2.4,143.4,0.0517837423189
26,2.4,113.1,0.0225359320513
26,2.4,184.8,0.0259750966909
26,2.4,24.8,0.302505855444
26,2.4,24.5,0.282052890755
26,2.4,31.3,0.16735358833
26,2.4,57.9,0.120981035864
26,2.4,79.9,0.0422122660997
26,2.4,13.2,1.28354869208
26,2.4,63.4,0.0633411365479
26,2.4,47.3,0.0742801080569
26,2.4,37.3,0.293471017288
26,2.4,18.7,1.47846559086
27,2.45,86.5,0.0262353828931
27,2.45,84.6,0.267313448949
27,2.45,64.9,0.0982360719295
27,2.45,96.5,0.0558733003152
27,2.45,29.6,0.206959837497
27,2.45,41.9,0.295608092141
27,2.45,88.2,0.0703313482985
27,2.45,22.9,0.336502359093
27,2.45,66.5,0.108877227076
28,2.45,219.9,0.0183890087586
28,2.45,18.9,1.10363552495
28,2.45,22.0,1.06604453159
28,2.45,17.8,1.00610906412
28,2.45,130.3,0.0491674684151
28,2.45,51.5,0.174010999117
28,2.45,41.3,0.244034976665
28,2.45,52.9,0.322642215966
28,2.45,45.7,0.230377485697
28,2.45,36.0,0.486947624151
29,2.45,106.3,0.0860822129272
29,2.45,76.6,0.0807102621862
29,2.45,40.2,0.354110570402
29,2.45,94.6,0.063028159885
29,2.45,142.8,0.0668023931632
29,2.45,26.9,0.707911693214
29,2.45,268.9,0.01425276482
29,2.45,71.7,0.0819285867325
29,2.45,97.8,0.0581609271191
29,2.45,102.2,0.073413208275
29,2.45,16.8,1.09757011
30,2.5,46.8,0.164018367536
30,2.5,129.3,0.0368478536139
30,2.5,365.8,0.00542944080174
30,2.5,188.0,0.0373838392801
30,2.5,39.2,0.399208429566
30,2.5,38.2,0.420161866215
30,2.5,75.8,0.03806185649
30,2.5,43.0,0.297837693119
30,2.5,100.5,0.0462540604573
30,2.5,121.2,0.0521426773399
30,2.5,224.2,0.0152784630098
30,2.5,34.3,0.314505341061
31,2.5,25.9,0.538807970375
31,2.5,36.5,0.678057101146
31,2.5,39.2,0.0849314924289
31,2.5,98.1,0.0358425596613
31,2.5,100.7,0.0378704829317
31,2.5,37.0,0.986663238939
31,2.5,103.0,0.0334853492741
31,2.5,33.4,0.229308647394
31,2.5,55.6,0.102227100672
31,2.5,345.4,0.00382788496947
31,2.5,167.1,0.048700010222
31,2.5,340.2,0.00461911027906
31,2.5,39.1,0.296632539355
31,2.5,188.8,0.0156169523024
31,2.5,252.3,0.0120080359605
32,2.5,35.4,0.376450963295
32,2.5,68.3,0.05347568971
32,2.5,19.0,1.69452635175
32,2.5,132.7,0.0523658794977
32,2.5,72.5,0.144058330764
32,2.5,133.8,0.0602360050388
32,2.5,60.6,0.192253243632
32,2.5,40.3,0.436869206742
32,2.5,24.7,0.829945842116
32,2.5,39.6,0.294028457185
32,2.5,110.4,0.0228281157501
32,2.5,448.0,0.00445794743411
32,2.5,75.2,0.140813621754
32,2.5,87.8,0.0294017267778
33,2.55,30.3,1.90401305574
33,2.55,52.6,0.125402642557
33,2.55,31.1,1.98384328322
33,2.55,147.3,0.119055683885
33,2.55,115.8,0.0627239870859
33,2.55,20.9,0.600032393008
33,2.55,46.3,0.251806217692
33,2.55,125.7,0.0419300622129
33,2.55,28.3,1.56219983576
33,2.55,19.2,0.890731786684
33,2.55,76.5,0.0710317110048
33,2.55,56.0,0.123246886975
33,2.55,21.2,0.556129424977
33,2.55,48.9,0.176829955584
33,2.55,26.7,0.358475947273
33,2.55,31.2,0.359852216857
33,2.55,303.2,0.0125623826245
34,2.55,11.2,2.38480365887
34,2.55,59.8,0.18437772573
34,2.55,48.7,0.255600080846
34,2.55,163.3,0.245722291267
34,2.55,91.1,0.0503656100585
34,2.55,33.6,0.362388998335
34,2.55,429.1,0.00567575110093
34,2.55,311.0,0.00360201425318
34,2.55,122.7,0.0505253743726
34,2.55,144.6,0.0548921405867
34,2.55,35.6,0.410333501825
34,2.55,41.9,0.39880637961
34,2.55,112.5,0.106795678579
34,2.55,86.6,0.0729562663614
34,2.55,99.1,0.195703082479
35,2.55,41.1,0.534198225308
35,2.55,38.1,0.330196140601
35,2.55,153.0,0.0843798847468
35,2.55,99.5,0.0482840710673
35,2.55,28.6,0.861671662819
35,2.55,49.9,0.441295456237
35,2.55,126.5,0.0391362972581
35,2.55,19.2,0.557117793297
35,2.55,33.0,0.401446185207
35,2.55,29.1,0.309948959512
35,2.55,519.6,0.00195597164044
35,2.55,197.7,0.0258863090143
36,2.6,105.3,0.301224383346
36,2.6,28.9,0.372135172629
36,2.6,67.7,0.213984181933
36,2.6,16.3,1.8339219961
36,2.6,79.9,0.0576991413668
36,2.6,53.3,0.266133307288
36,2.6,71.3,0.224086651706
36,2.6,204.2,0.0203774393213
36,2.6,35.3,0.460275533561
36,2.6,76.7,0.0473627779735
36,2.6,26.2,0.55789953052
36,2.6,110.6,0.106002649905
37,2.6,30.0,0.432463906832
37,2.6,31.9,0.615278465675
37,2.6,152.5,0.240748233729
37,2.6,23.0,0.394193396242
37,2.6,249.1,0.0178793161046
37,2.6,320.4,0.0203854781799
37,2.6,219.2,0.0330983474258
37,2.6,41.6,0.874411690151
37,2.6,56.8,0.0894708853713
37,2.6,87.6,0.400136453569
37,2.6,40.2,0.306450250507
37,2.6,53.5,0.233550764964
37,2.6,234.6,0.0361671938169
37,2.6,76.6,0.0601379174844
37,2.6,198.6,0.0362475972542
37,2.6,27.6,1.18696920554
37,2.6,180.2,0.0977147018961
38,2.6,179.5,0.040637462379
38,2.6,77.0,0.0563185984492
38,2.6,255.6,0.0131733358378
38,2.6,54.5,0.106012675001
38,2.6,32.2,1.84990743554
38,2.6,27.4,1.15209254452
38,2.6,18.6,0.677690623229
38,2.6,65.1,0.172531457282
38,2.6,66.6,0.123296887361
38,2.6,80.8,0.0752423636324
38,2.6,177.9,0.0477853598381
38,2.6,78.9,0.0444803946672
38,2.6,36.9,0.485090503073
38,2.6,101.9,0.170629643485
39,2.65,502.3,0.00230812177773
39,2.65,57.9,0.229112006668
39,2.65,15.5,1.69017313556
39,2.65,11.7,1.31104376923
39,2.65,21.1,9.66734663925
39,2.65,30.9,0.575991388535
39,2.65,259.0,0.0128627326251
39,2.65,425.5,0.0022412466267
39,2.65,85.3,0.0522060065715
39,2.65,112.0,0.147115764272
39,2.65,27.1,1.31334588056
39,2.65,128.9,0.144707095201
39,2.65,103.2,0.0719572381051
40,2.65,32.4,0.315555038577
40,2.65,27.5,0.363974434461
40,2.65,36.7,0.849330885419
40,2.65,131.5,0.103015615459
40,2.65,85.9,0.11326369694
40,2.65,203.5,0.0423143539652
40,2.65,67.3,0.132946773761
40,2.65,114.7,0.208900624657
40,2.65,236.7,0.0227768301545
40,2.65,151.2,0.115460369913
41,2.65,70.9,0.169482339293
41,2.65,225.3,0.0292518228425
41,2.65,421.5,0.00532628881367
41,2.65,95.4,0.260886330439
41,2.65,215.5,0.0678839899278
41,2.65,89.8,0.105334334904
41,2.65,36.3,0.275821865277
42,2.7,66.3,0.107303751846
42,2.7,76.5,0.0633478572066
42,2.7,82.8,0.218730911773
42,2.7,182.8,0.0796128957663
42,2.7,33.6,1.26009431495
42,2.7,58.9,0.256570759019
42,2.7,103.2,0.160682043754
42,2.7,111.1,0.114936420265
42,2.7,160.0,0.105842073225
42,2.7,90.9,0.141137136542
42,2.7,55.9,0.360755780795
42,2.7,50.9,0.396493684167
43,2.7,28.5,1.01170376313
43,2.7,54.3,0.279448374784
43,2.7,56.8,0.421265375437
44,2.7,41.8,0.410830479955
44,2.7,45.0,0.441304998204
44,2.7,34.9,0.812504583962
44,2.7,85.1,0.0519851342123
44,2.7,87.4,0.28883871858
44,2.7,178.7,0.0560241986036
44,2.7,94.0,0.166860889143
44,2.7,41.7,0.378809105246
44,2.7,56.9,0.168231484968
44,2.7,30.4,0.740437607128
44,2.7,58.6,0.298244925982
45,2.75,62.6,0.317235817515
45,2.75,162.2,0.110166561659
45,2.75,86.6,0.261086592827
45,2.75,16.8,2.10933079465
45,2.75,46.0,0.148903502132
45,2.75,71.0,0.231807261056
45,2.75,39.4,1.78876147256
45,2.75,127.8,0.0781878519795
45,2.75,51.6,0.250483013214
45,2.75,24.0,2.47615599327
45,2.75,54.0,0.424491108004
45,2.75,11.8,4.37485228107
45,2.75,25.9,1.18597803738
45,2.75,17.3,4.1225142841
45,2.75,68.2,0.413250029283
45,2.75,24.1,0.445432669531
46,2.75,75.5,0.0595615670727
46,2.75,498.2,0.00542108695364
46,2.75,17.1,4.77262978217
46,2.75,42.2,0.217284522726
46,2.75,345.0,0.00473954929955
46,2.75,189.1,0.0725281189769
46,2.75,94.1,0.0976320726021
46,2.75,49.9,0.381667638529
46,2.75,25.3,1.11301829785
46,2.75,140.1,0.0982390966013
46,2.75,145.7,0.0348835041111
47,2.75,115.7,0.146264802736
47,2.75,114.9,0.143009353785
47,2.75,91.2,0.145637766467
47,2.75,51.0,0.572021626286
47,2.75,16.6,4.58129014061
47,2.75,36.3,0.66215877583
47,2.75,46.8,1.01455887391
47,2.75,25.4,1.29625484985
47,2.75,263.3,0.0363661834825
47,2.75,56.2,0.122375488813
48,2.8,72.7,0.0612739878517
48,2.8,481.1,0.00893541422538
48,2.8,139.0,0.322696944613
48,2.8,94.5,0.100939807384
48,2.8,93.5,0.325503517228
48,2.8,108.2,0.0442991750037
48,2.8,78.3,0.158975944747
49,2.8,332.1,0.0124915496251
49,2.8,70.9,0.28167822777
49,2.8,104.0,0.154402000855
49,2.8,326.3,0.0429090862101
49,2.8,72.1,0.318413282833
49,2.8,258.3,0.0444583255931
49,2.8,154.3,0.123351117674
49,2.8,54.2,0.45765883305
49,2.8,231.9,0.0761132288772
49,2.8,67.0,0.399807188933
49,2.8,43.7,0.727008494993
49,2.8,196.5,0.214473457784
49,2.8,145.3,0.207667997901
49,2.8,171.2,0.138708457947
49,2.8,146.4,0.41932121513
49,2.8,178.2,0.099052235714
49,2.8,64.5,1.08777900196
49,2.8,153.8,0.104679200128
50,2.8,97.5,0.193477474222
50,2.8,198.2,0.0389047229519
50,2.8,124.5,0.11580985729
50,2.8,112.1,0.157164738593
50,2.8,100.4,0.100975054924
50,2.8,131.4,0.135877981506
50,2.8,466.1,0.00682158931272
50,2.8,429.5,0.00569614725798
50,2.8,122.3,0.0863461589459
50,2.8,341.9,0.00907328373498
50,2.8,163.1,0.0757797823551
50,2.8,37.0,0.469070841806
50,2.8,57.6,0.243993103638
50,2.8,460.8,0.0067532164098
50,2.8,165.6,0.0531793235014
50,2.8,171.2,0.0461481034853
50,2.8,333.6,0.0118202702784
50,2.8,493.7,0.012706370474
50,2.8,20.4,3.82172463939
50,2.8,262.9,0.0660501491867
51,2.85,58.5,0.245934651192
51,2.85,52.7,0.26343512408
51,2.85,43.5,0.362211204063
51,2.85,86.2,0.181016861952
51,2.85,127.5,0.0868874291016
51,2.85,132.2,0.187224076007
52,2.85,125.4,0.193283413364
52,2.85,77.6,0.163210068733
52,2.85,161.3,0.0818890498879
52,2.85,151.0,0.0840060153402
52,2.85,95.0,0.301311147984
52,2.85,311.1,0.0339476302255
52,2.85,338.4,0.0179317464137
52,2.85,369.8,0.00621605206904
52,2.85,90.8,0.307144506768
52,2.85,144.9,0.182939668861
52,2.85,117.0,0.172921615651
52,2.85,30.9,2.05897637481
52,2.85,151.2,0.145981769357
52,2.85,115.4,0.315123221598
52,2.85,499.8,0.0151448960057
52,2.85,23.9,1.2199675095
53,2.85,14.7,4.51228098552
53,2.85,40.6,0.865613811623
53,2.85,104.3,0.153849457595
53,2.85,323.0,0.0226036072054
53,2.85,201.4,0.0659266647105
53,2.85,177.3,0.0703782073452
53,2.85,240.3,0.0705020990135
53,2.85,90.0,0.149909322802
53,2.85,82.5,0.168334454037
53,2.85,96.9,0.137291950935
53,2.85,23.3,1.53278368619
53,2.85,61.8,0.132613114593
53,2.85,300.7,0.0334207380311
53,2.85,246.6,0.156932907097
54,2.9,20.6,2.57666657815
54,2.9,255.6,0.110555734246
54,2.9,84.3,0.160218986597
54,2.9,126.1,0.101095454401
54,2.9,122.4,0.149821588648
54,2.9,237.9,0.172158314596
54,2.9,298.7,0.029949974032
54,2.9,272.2,0.0319509002779
54,2.9,125.9,0.365747623198
54,2.9,387.9,0.00746942433933
54,2.9,233.2,0.0955301411311
54,2.9,86.3,0.109816982538
54,2.9,113.7,0.393611643829
55,2.9,135.6,0.286818533582
55,2.9,132.8,0.2826630729
55,2.9,489.2,0.00803914332198
55,2.9,122.4,0.216460789363
55,2.9,281.4,0.060905497076
55,2.9,180.6,0.29850432238
55,2.9,91.4,0.313356337166
55,2.9,58.5,0.321508088681
55,2.9,106.8,0.122371218275
55,2.9,82.5,0.289966885519
55,2.9,107.4,0.202964579881
55,2.9,35.9,0.980336820297
55,2.9,213.0,0.176911827771
55,2.9,124.0,0.224473101871
55,2.9,53.5,0.526202685436
55,2.9,255.8,0.0422843576133
55,2.9,80.2,0.200120744536
55,2.9,79.0,0.146889468286
55,2.9,380.1,0.00441411918802
55,2.9,217.3,0.0828796382541
56,2.9,66.4,0.590362638721
56,2.9,339.3,0.0188185903188
56,2.9,100.8,0.635347732131
56,2.9,266.9,0.0713636982345
56,2.9,211.1,0.0633034652084
56,2.9,191.5,0.129168124688
56,2.9,32.2,2.92828961087
56,2.9,126.6,0.0952411048969
56,2.9,93.4,0.111836507096
56,2.9,237.7,0.0517317286319
56,2.9,431.8,0.0105457296142
56,2.9,134.6,0.126649915583
56,2.9,17.4,2.19973213595
56,2.9,97.1,0.330590319733
56,2.9,111.2,0.562621140044
57,2.95,166.1,0.23834040846
57,2.95,174.4,0.289996018109
57,2.95,528.7,0.0114434963222
57,2.95,59.1,1.02650763026
57,2.95,320.0,0.0538831663965
57,2.95,187.7,0.0337229885372
57,2.95,142.0,0.196328585054
57,2.95,126.9,0.535533495746
57,2.95,239.2,0.0898892644072
57,2.95,217.2,0.305589137518
57,2.95,79.8,0.517249481645
57,2.95,123.3,0.283704385791
57,2.95,212.2,0.31442800521
57,2.95,99.2,0.356838822487
57,2.95,228.3,0.133303362837
57,2.95,105.2,0.41123646005
57,2.95,42.0,3.76635374658
57,2.95,282.5,0.0413940780256
57,2.95,320.9,0.0384332113939
57,2.95,103.8,0.188127371282
57,2.95,230.7,0.0313704684863
57,2.95,55.9,0.260638392698
57,2.95,100.5,0.219453094065
57,2.95,471.9,0.0198343498259
57,2.95,68.8,0.825015138465
57,2.95,80.5,0.179577635615
57,2.95,78.5,0.581916406261
58,2.95,149.5,0.172476936916
58,2.95,118.5,0.200950749993
58,2.95,193.2,0.214106809255
58,2.95,37.8,1.61863591913
58,2.95,65.7,0.240763267293
58,2.95,541.9,0.00547848585336
59,2.95,227.0,0.110874132221
59,2.95,220.8,0.0301823458057
59,2.95,124.1,0.737626986651
59,2.95,76.8,0.258534778891
59,2.95,259.3,0.0578930262722
59,2.95,202.5,0.23772892101
59,2.95,76.4,0.183385769837
59,2.95,85.7,0.370983895815
59,2.95,171.8,0.205555818396
59,2.95,46.9,0.745501357976
59,2.95,296.1,0.0476201534161
59,2.95,45.5,1.67856245186
59,2.95,160.3,0.262178575933
59,2.95,489.2,0.0132828837868
60,3.0,115.5,0.2627719268
60,3.0,18.7,11.7741339491
60,3.0,134.4,0.501049071425
60,3.0,362.5,0.005762338483
60,3.0,94.8,0.381163880953
60,3.0,176.2,0.143665951172
60,3.0,75.5,0.292236656021
60,3.0,268.2,0.072895181172
60,3.0,333.1,0.0381289182143
60,3.0,124.1,0.392122260056
60,3.0,29.3,2.41895899514
60,3.0,298.0,0.0362221039684
60,3.0,175.6,0.210182146798
60,3.0,106.1,0.37568913203
60,3.0,111.5,0.325717558539
60,3.0,140.9,0.341816238202
60,3.0,65.1,0.337076712214
61,3.0,96.1,0.248570921906
61,3.0,149.1,0.336861271023
61,3.0,209.4,0.176367132354
61,3.0,267.7,0.0898930181846
61,3.0,42.5,1.66721215746
61,3.0,86.6,0.530166526761
61,3.0,116.4,0.368213871319
61,3.0,118.1,0.160952029892
61,3.0,105.0,0.303757020095
61,3.0,28.7,5.68554966959
61,3.0,473.2,0.012943952455
61,3.0,130.3,0.442754611905
61,3.0,351.2,0.0164397486548
61,3.0,252.7,0.102584963317
62,3.0,352.1,0.0321303723438
62,3.0,120.7,0.274340686261
62,3.0,536.0,0.0155481658404
62,3.0,582.4,0.00504885197413
62,3.0,111.7,0.212595260267
62,3.0,99.7,0.342363542803
62,3.0,141.1,0.347390766258
62,3.0,187.1,0.138183014404
62,3.0,137.6,0.363811464362
62,3.0,135.8,0.18634037406
62,3.0,103.0,0.18657311017
62,3.0,121.0,0.183592843234
63,3.05,319.4,0.0351395455715
63,3.05,109.1,0.311360650185
63,3.05,227.6,0.15642558751
63,3.05,138.1,0.715050036969
63,3.05,140.5,0.363407046739
63,3.05,200.0,0.134660105537
63,3.05,112.6,0.553877642928
63,3.05,29.9,1.6421971237
63,3.05,58.0,0.375708809138
63,3.05,180.1,0.326364449991
63,3.05,157.8,0.556261758696
63,3.05,141.5,0.116037831039
63,3.05,98.0,0.255837987933
63,3.05,105.2,0.31146618588
64,3.05,92.9,0.578407358657
64,3.05,73.9,0.346366134916
64,3.05,177.8,0.295658229548
64,3.05,174.2,0.382763988499
64,3.05,92.5,0.313329364927
64,3.05,317.6,0.0318844472367
64,3.05,397.9,0.0351208523616
64,3.05,99.5,0.685536164514
64,3.05,176.2,0.192391918083
64,3.05,265.5,0.129284283985
64,3.05,122.8,0.716343584122
64,3.05,99.8,0.777632281357
64,3.05,188.5,0.437275524824
64,3.05,78.3,0.270737007197
64,3.05,53.8,0.578339276709
64,3.05,463.1,0.00796321297258
64,3.05,115.5,0.260719446924
64,3.05,696.1,0.00816269670343
64,3.05,201.0,0.228221717824
64,3.05,45.5,0.822288848574
65,3.05,325.0,0.0284166171034
65,3.05,54.0,0.491774092815
65,3.05,173.2,0.200672868597
65,3.05,84.7,0.578249079614
65,3.05,154.3,0.301062140559
65,3.05,221.3,0.114082569616
66,3.1,216.4,0.11019442477
66,3.1,31.8,1.16331718963
66,3.1,163.3,0.394850296647
66,3.1,124.5,0.357117645031
66,3.1,73.3,0.656615447768
66,3.1,50.4,1.750003472
66,3.1,199.3,0.301869755201
66,3.1,227.1,0.08499437053
66,3.1,112.4,0.28141409456
66,3.1,156.9,0.282023883226
66,3.1,25.8,3.79997577094
67,3.1,25.0,6.72958084825
67,3.1,181.3,0.120618514535
67,3.1,711.4,0.0106745796077
67,3.1,163.9,0.349844237687
67,3.1,53.7,0.732269678699
67,3.1,780.2,0.00400642271417
67,3.1,192.3,0.221635278055
67,3.1,76.3,0.394428915608
67,3.1,182.8,0.266778256875
67,3.1,203.5,0.291763540983
67,3.1,42.9,1.70331423022
67,3.1,43.8,1.41512627395
67,3.1,207.9,0.153000852805
67,3.1,100.7,0.493788684722
67,3.1,283.2,0.109479205836
67,3.1,360.3,0.025673762778
67,3.1,135.3,0.304262636324
67,3.1,66.7,0.843595451508
67,3.1,139.8,0.912001249601
67,3.1,112.8,0.400994051799
67,3.1,279.6,0.046711244646
67,3.1,65.6,6.03737781411
67,3.1,150.5,0.403049133812
68,3.1,252.5,0.0572414590917
68,3.1,144.9,0.512355461642
68,3.1,116.2,0.584613126184
68,3.1,80.1,0.405241629284
68,3.1,114.1,0.594022029652
68,3.1,123.1,0.313817117648
68,3.1,168.6,0.236024917621
68,3.1,202.7,0.144415574758
68,3.1,73.3,0.559931369
68,3.1,165.7,0.668390116562
68,3.1,328.3,0.03954365331
68,3.1,108.5,0.938327510239
68,3.1,207.2,0.298609539939
68,3.1,312.0,0.0698358125256
68,3.1,85.2,0.485452087908
68,3.1,199.4,0.236985840446
68,3.1,27.6,4.12185747006
69,3.15,318.1,0.0735435336224
69,3.15,18.0,4.59726536679
69,3.15,479.3,0.00913143926344
69,3.15,393.6,0.0674549600167
69,3.15,145.3,1.37695730938
69,3.15,280.8,0.0781286794589
69,3.15,94.3,0.519362380035
69,3.15,84.6,0.500278346963
69,3.15,19.6,5.95268546691
69,3.15,247.3,0.129011990415
69,3.15,84.7,0.978631570252
69,3.15,99.5,1.0240662119
69,3.15,66.6,0.425887409851
69,3.15,78.8,1.24455809042
69,3.15,71.5,0.49871695424
70,3.15,81.2,0.761398915618
70,3.15,124.1,0.622987721601
70,3.15,177.3,0.835400273893
70,3.15,227.7,0.092367676573
70,3.15,106.0,0.26547401513
70,3.15,367.1,0.0509674656153
70,3.15,398.9,0.00630502650617
70,3.15,103.8,0.329003923599
70,3.15,138.5,1.43169785579
70,3.15,84.0,0.271234006646
70,3.15,85.9,0.612965345019
70,3.15,118.1,0.691708015251
70,3.15,184.3,0.289179069599
70,3.15,116.2,0.972070941006
70,3.15,63.0,0.785198617255
71,3.15,120.5,1.06083432409
71,3.15,46.6,2.42866840018
71,3.15,109.6,0.335738340606
71,3.15,125.9,0.367117389996
71,3.15,280.3,0.0235934848908
71,3.15,165.2,0.221307523853
71,3.15,468.3,0.0095191908382
71,3.15,50.8,1.1378536967
71,3.15,65.0,1.55567452164
71,3.15,157.4,0.204921203745
71,3.15,541.9,0.00809471187973
71,3.15,95.8,0.214378962148
71,3.15,43.8,0.682097905308
72,3.2,136.4,0.480270681148
72,3.2,158.7,0.459743366408
72,3.2,73.0,1.23273888696
72,3.2,80.5,0.795907360658
72,3.2,71.3,0.731637192765
72,3.2,49.8,1.48336428109
72,3.2,430.7,0.0234611167311
72,3.2,198.1,0.820047182142
72,3.2,575.7,0.0162621103733
72,3.2,203.8,0.184642285761
72,3.2,206.3,0.150516090607
72,3.2,373.6,0.0262469555341
72,3.2,37.8,3.33668679339
72,3.2,24.3,4.40291466738
72,3.2,87.3,0.628610975099
72,3.2,47.9,1.04761082646
72,3.2,46.0,1.85647456193
72,3.2,28.3,3.68510048474
72,3.2,88.4,0.41847539341
72,3.2,188.5,0.471674099791
73,3.2,19.1,4.953552283
73,3.2,204.2,0.256546497611
73,3.2,233.2,0.417853509537
73,3.2,17.8,15.4184195894
73,3.2,23.9,7.09569011819
73,3.2,148.0,1.14215531883
73,3.2,138.0,0.334785459552
73,3.2,85.4,0.161147207586
73,3.2,254.0,0.449657441696
73,3.2,208.3,0.530330011152
73,3.2,15.8,15.2825684177
73,3.2,97.4,0.654879494448
73,3.2,339.4,0.0769680096322
73,3.2,121.5,0.835499917934
73,3.2,66.4,0.778865471417
73,3.2,216.3,0.178482672426
73,3.2,194.3,0.339721594321
73,3.2,259.0,0.172592852669
73,3.2,210.3,0.392453062328
74,3.2,161.9,0.624141760727
74,3.2,79.7,1.34853905751
74,3.2,194.0,0.17873277743
74,3.2,297.1,0.157026077214
74,3.2,109.7,1.21051530022
74,3.2,455.1,0.0214111209462
74,3.2,331.8,0.0648538385122
74,3.2,346.0,0.0339598600454
74,3.2,324.0,0.075907185114
74,3.2,223.6,0.225893250582
74,3.2,153.0,1.47893778273
74,3.2,108.1,0.334541275939
74,3.2,46.6,0.983875895483
74,3.2,31.3,5.94983132208
74,3.2,149.6,0.268526507119
74,3.2,16.8,9.50225445668
74,3.2,52.9,4.74958926804
75,3.25,417.5,0.018548164943
75,3.25,200.5,0.868445746134
75,3.25,105.8,0.847868958146
75,3.25,158.9,0.184582783417
75,3.25,167.6,0.314577885714
75,3.25,37.0,1.91141456133
75,3.25,90.8,0.76636559003
75,3.25,197.8,1.17512724979
75,3.25,267.1,0.131669636009
75,3.25,82.6,0.667044584541
75,3.25,241.5,0.313866638015
75,3.25,363.6,0.0511001931059
75,3.25,211.0,0.175867070126
75,3.25,389.8,0.0454599438402
75,3.25,143.8,0.361740823447
75,3.25,55.0,1.28932093573
76,3.25,108.7,0.376916775439
76,3.25,83.4,0.57325232692
76,3.25,116.8,0.246113066673
76,3.25,110.4,0.711889162142
76,3.25,235.1,0.219365269447
76,3.25,185.8,0.13806962955
76,3.25,194.7,0.19469596588
76,3.25,139.4,2.51283081228
76,3.25,60.2,0.477451632754
76,3.25,89.1,0.978059020472
76,3.25,431.4,0.0753589659233
76,3.25,131.1,1.88128867814
77,3.25,49.8,1.15713609145
77,3.25,85.2,0.993069798129
77,3.25,318.9,0.145574908603
77,3.25,65.6,0.413622764655
77,3.25,104.0,0.84622039356
77,3.25,128.3,0.273536326985
77,3.25,110.7,0.737688230361
77,3.25,71.0,0.80216574415
77,3.25,191.0,0.838254259479
77,3.25,146.9,1.29721858403
78,3.3,525.9,0.0189007101106
78,3.3,20.8,7.20027792287
78,3.3,119.1,0.515752825387
78,3.3,72.5,0.377825274749
78,3.3,389.0,0.0402208509678
78,3.3,77.3,1.41043437574
78,3.3,491.3,0.0338759954272
78,3.3,525.8,0.0311134718492
78,3.3,327.8,0.0392733801311
78,3.3,170.0,1.1256763871
78,3.3,288.0,0.13270568166
78,3.3,101.9,1.84014825364
78,3.3,120.8,0.648547981671
78,3.3,69.1,0.616004878347
78,3.3,337.0,0.16864652285
78,3.3,276.2,0.135577998174
78,3.3,133.1,1.75756264099
78,3.3,103.4,0.637539708831
78,3.3,103.5,0.46307024349
79,3.3,209.1,0.223137805872
79,3.3,387.8,0.124930887493
79,3.3,126.5,0.730108113144
79,3.3,297.1,0.144937226273
79,3.3,111.4,0.565258795584
79,3.3,185.1,0.895228938936
79,3.3,322.0,0.169806346425
79,3.3,406.7,0.0868606966984
79,3.3,56.7,2.56690834353
79,3.3,85.7,0.640903134894
79,3.3,297.8,0.0656293643969
79,3.3,166.5,0.552718171268
79,3.3,99.1,0.600669761299
79,3.3,135.7,0.800004640228
79,3.3,133.6,0.404610498997
80,3.3,130.4,0.970114657011
80,3.3,65.0,0.998536847248
80,3.3,80.9,0.633187454227
80,3.3,140.2,0.807172529293
80,3.3,75.7,0.813004212546
80,3.3,33.6,6.67878395423
80,3.3,128.9,0.641661714757
80,3.3,296.0,0.105042458479
80,3.3,154.9,0.997773037242
80,3.3,159.6,0.969389345724
80,3.3,65.8,0.664737415857
81,3.35,442.6,0.047634586568
81,3.35,148.2,1.94289233258
81,3.35,112.0,0.805130436828
81,3.35,54.2,2.73465213668
81,3.35,125.8,0.467523329209
81,3.35,221.1,0.279868949565
81,3.35,400.4,0.106381018585
81,3.35,618.3,0.0245356017094
82,3.35,161.0,0.725386667981
82,3.35,312.4,0.102233626875
82,3.35,177.7,1.53425195386
82,3.35,413.6,0.0467718771349
82,3.35,375.7,0.285265373997
82,3.35,205.2,0.748654623002
82,3.35,195.6,0.491706318117
82,3.35,160.8,0.747930748056
82,3.35,242.3,0.150136325198
82,3.35,286.0,0.381875034667
82,3.35,31.7,8.3119463264
82,3.35,151.9,0.357702452674
82,3.35,224.1,0.249558177572
82,3.35,368.1,0.0113442351291
82,3.35,80.7,0.970943426024
82,3.35,279.0,0.126423664547
82,3.35,639.3,0.0141415913926
82,3.35,278.3,0.258611171511
82,3.35,21.8,5.36910552283
82,3.35,118.3,0.479556312944
82,3.35,402.7,0.0252882297405
82,3.35,64.6,2.35129583797
82,3.35,281.7,0.187573974598
82,3.35,342.9,0.0740894501157
82,3.35,155.9,0.483043067823
82,3.35,167.9,0.490602353512
83,3.35,250.7,0.25003997501
83,3.35,80.9,0.493219777049
83,3.35,211.7,0.357374458407
83,3.35,127.8,1.43476809531
83,3.35,83.8,1.30039721238
83,3.35,59.5,2.89601829142
83,3.35,282.7,0.48646988631
83,3.35,265.6,0.231913484533
83,3.35,136.9,1.91862537733
83,3.35,102.8,1.16174370612
83,3.35,114.2,0.713774082649
83,3.35,277.9,0.200847408119
83,3.35,90.6,1.28418730287
83,3.35,278.8,0.294191726429
83,3.35,473.8,0.0489848451748
84,3.4,130.1,0.094590639715
84,3.4,91.6,0.956385899557
84,3.4,76.7,0.742946064919
84,3.4,165.9,0.543268858265
84,3.4,217.1,0.381440463802
84,3.4,164.7,1.55489557953
84,3.4,239.6,0.214414821247
84,3.4,146.7,0.424245884522
84,3.4,275.8,0.352257220785
84,3.4,35.1,3.20985510143
84,3.4,187.7,0.806970743525
84,3.4,140.2,1.03626195109
84,3.4,129.2,0.951393972826
84,3.4,650.4,0.0570063170983
85,3.4,268.6,0.245058484113
85,3.4,257.9,0.327423744488
85,3.4,187.4,0.5970711406
85,3.4,78.3,1.99548104834
85,3.4,386.5,0.0250692154847
85,3.4,115.5,1.51953441236
85,3.4,70.4,1.45656459977
85,3.4,447.3,0.0689364354787
85,3.4,51.3,1.58010269612
85,3.4,154.1,1.42298830822
85,3.4,198.6,0.504570808805
85,3.4,40.1,1.91159407937
85,3.4,376.4,0.0701153623479
85,3.4,322.9,0.183576426339
85,3.4,64.1,1.55477893386
85,3.4,66.9,1.07783506742
85,3.4,147.1,1.05099295215
86,3.4,329.4,0.0712087325182
86,3.4,109.2,1.02670265699
86,3.4,260.2,0.504965396774
86,3.4,128.5,1.33057877313
86,3.4,56.4,3.34909718085
86,3.4,147.8,1.23420873566
86,3.4,257.5,0.450350574172
86,3.4,129.6,0.925365752395
86,3.4,113.2,0.530837751071
86,3.4,411.4,0.0283078771793
86,3.4,303.1,0.505179902079
86,3.4,241.9,0.312191344974
86,3.4,65.9,5.10537243054
86,3.4,214.4,0.179824634884
86,3.4,70.8,0.919689799494
86,3.4,82.4,2.28236139252
86,3.4,93.6,0.509012242863
86,3.4,225.9,0.541228797716
86,3.4,65.3,2.6163110907
87,3.45,135.2,0.770106977438
87,3.45,20.8,7.96067529925
87,3.45,629.8,0.0193457609471
87,3.45,309.8,0.222618293402
87,3.45,105.3,3.23694933324
87,3.45,262.6,0.0957535847171
87,3.45,76.9,1.13017250536
87,3.45,210.3,0.417063616908
87,3.45,41.2,3.67129880601
87,3.45,98.2,1.05751854109
87,3.45,95.0,1.45963604932
88,3.45,149.9,0.6485111459
88,3.45,24.6,13.1818318611
88,3.45,234.1,0.330891237814
88,3.45,421.2,0.0779767466056
88,3.45,28.1,8.93268226611
88,3.45,262.3,0.335533883512
88,3.45,74.9,0.455640633391
88,3.45,36.1,2.84264366654
88,3.45,102.6,0.927943687583
88,3.45,222.8,1.38232331116
88,3.45,97.2,2.1872277602
88,3.45,69.8,1.83506926227
88,3.45,246.7,0.605787797132
88,3.45,116.9,0.425951129091
88,3.45,154.3,0.15859630963
89,3.45,278.8,0.274934596834
89,3.45,295.5,0.185281590733
89,3.45,323.0,0.137396937648
89,3.45,47.6,6.2021663946
89,3.45,337.3,0.132823213436
89,3.45,149.8,1.16071408733
89,3.45,171.4,1.26520533324
89,3.45,484.0,0.155278763243
89,3.45,328.1,0.340811472963
89,3.45,152.8,1.86418349289
89,3.45,169.8,1.2715873366
89,3.45,126.7,3.40350758708
89,3.45,194.2,0.533561188407
89,3.45,139.7,1.20078357217
89,3.45,235.7,0.520785975067
89,3.45,80.6,1.35919919179
90,3.5,56.8,3.95997983176
90,3.5,287.2,0.17273332712
90,3.5,91.7,2.65057852201
90,3.5,122.4,5.45688961796
90,3.5,178.6,0.892189352232
90,3.5,124.5,4.11977640415
90,3.5,82.7,4.38532951219
90,3.5,274.0,0.214325225165
90,3.5,132.1,2.26012827667
90,3.5,193.4,1.30499066764
90,3.5,686.5,0.043571487767
91,3.5,36.8,7.73233400827
91,3.5,166.5,0.649574766215
91,3.5,115.2,1.08139648585
91,3.5,46.1,3.91113982343
91,3.5,127.7,0.68705156213
91,3.5,526.2,0.0888314349311
91,3.5,41.3,10.5230429315
92,3.5,553.1,0.0251589669169
92,3.5,234.4,0.573447469883
92,3.5,89.8,2.39117221548
92,3.5,59.2,10.6592915001
92,3.5,176.4,0.643910179112
92,3.5,189.0,0.243021849466
92,3.5,15.0,31.1436362307
92,3.5,44.1,9.30036039132
92,3.5,360.7,0.24603419222
92,3.5,163.3,2.2667089992
92,3.5,110.2,0.519399590853
92,3.5,144.8,3.46939925846
92,3.5,83.3,1.32322706389
92,3.5,82.2,0.537996935514
92,3.5,115.1,2.08346140061
92,3.5,172.4,0.863377699032
92,3.5,128.6,0.660983794841
92,3.5,61.7,1.72811185109
92,3.5,40.6,3.34568793642
92,3.5,65.8,2.46162532203
92,3.5,230.5,0.216556504466
92,3.5,79.4,2.13996750354
92,3.5,125.5,1.40668398677
92,3.5,574.9,0.0553600177999
92,3.5,208.4,0.58819472556
93,3.55,178.2,1.88911020262
93,3.55,136.4,1.27607544005
93,3.55,174.4,2.4705879218
93,3.55,334.2,0.0459174390887
93,3.55,127.0,0.860431888341
93,3.55,597.1,0.0668202864206
93,3.55,91.7,1.40841437067
93,3.55,394.9,0.0891828343939
93,3.55,56.8,3.22579314821
93,3.55,71.0,4.52515437575
93,3.55,79.9,0.806025799395
93,3.55,408.9,0.154600757861
93,3.55,89.7,2.44799938797
93,3.55,173.4,2.15493732863
94,3.55,70.7,1.24958940202
94,3.55,110.1,0.661047872507
94,3.55,45.1,4.98261049501
94,3.55,183.1,1.81120341372
94,3.55,263.8,0.516626565194
94,3.55,159.7,2.1583395681
94,3.55,123.0,1.04989905313
94,3.55,162.7,0.976795703687
94,3.55,44.3,2.97350570378
94,3.55,640.6,0.061643962439
94,3.55,345.5,0.0800204740648
95,3.55,38.1,8.56812364129
95,3.55,69.6,1.6544382929
95,3.55,250.9,1.03497681928
95,3.55,57.4,1.19711281946
95,3.55,231.8,1.27619723218
95,3.55,99.0,1.3645039021
95,3.55,133.6,0.802575004767
95,3.55,75.9,0.747678861459
95,3.55,18.0,24.1601152771
95,3.55,569.3,0.0636428474815
95,3.55,96.6,1.6845248864
96,3.6,63.2,5.46169051683
96,3.6,108.2,2.48647989712
96,3.6,272.4,0.824940754819
96,3.6,608.3,0.0445420301759
96,3.6,76.5,3.65575658015
96,3.6,176.6,0.760888226732
96,3.6,225.7,0.555087928064
96,3.6,242.2,0.349751673157
96,3.6,84.1,3.34987810042
96,3.6,108.0,2.03256594103
96,3.6,335.8,0.47714699388
96,3.6,438.1,0.158787971843
96,3.6,195.1,0.772009580464
96,3.6,20.8,52.884336572
96,3.6,72.3,5.273878178
97,3.6,80.7,3.41289574853
97,3.6,92.4,3.6414998685
97,3.6,38.4,3.64197857311
97,3.6,256.9,1.42979268354
97,3.6,128.0,2.70195641758
97,3.6,224.6,0.872653920779
97,3.6,128.8,3.86868032899
97,3.6,333.3,0.182676335421
98,3.6,108.9,1.74746861469
98,3.6,36.7,3.36362882445
98,3.6,171.9,2.21835892411
98,3.6,570.6,0.114723087334
98,3.6,179.1,0.807883577028
98,3.6,194.7,1.59020903928
98,3.6,196.4,1.15668468137
98,3.6,72.1,4.28173771038
98,3.6,92.0,2.21347632933
98,3.6,151.8,2.94975315793
98,3.6,102.7,2.60305057371
98,3.6,152.2,2.09606224632
98,3.6,80.4,1.49811008322
98,3.6,79.6,0.69641527403
98,3.6,600.8,0.107386107087
98,3.6,62.3,2.65221408779
98,3.6,487.7,0.0925562800249
98,3.6,355.5,0.106711078096
99,3.65,116.2,2.87476243528
99,3.65,168.7,1.29841357699
99,3.65,258.4,0.392789969434
99,3.65,184.3,1.50730364468
99,3.65,351.6,0.190208250838
99,3.65,231.8,0.476247875516
99,3.65,77.0,8.83717883711
99,3.65,105.1,2.80141429209
99,3.65,216.6,1.25407636286
99,3.65,200.7,0.292328199504
99,3.65,223.4,1.14315151521
99,3.65,109.0,5.68628457665
99,3.65,95.5,4.90304700092
100,3.65,287.9,0.315733845062
100,3.65,198.4,2.97030908433
100,3.65,169.4,2.92935012919
100,3.65,104.3,3.08379245569
100,3.65,179.1,1.31055864659
100,3.65,63.6,6.39483110857
100,3.65,120.8,1.07841725258
100,3.65,156.9,1.18685770764
101,3.65,162.0,0.618995387729
101,3.65,375.6,0.180349629369
101,3.65,270.8,0.45214488038
101,3.65,31.4,9.368337563
101,3.65,43.1,3.66948164572
101,3.65,39.6,23.7836034763
101,3.65,13.7,23.0224020286
101,3.65,463.8,0.0979301748304
101,3.65,173.6,1.152418959
101,3.65,68.4,2.8718061471
101,3.65,204.2,1.99681795262
101,3.65,71.8,2.40671634416
101,3.65,135.3,1.0577838335
101,3.65,198.0,1.21398932717
102,3.7,120.2,5.26328701535
102,3.7,304.1,0.267792678125
102,3.7,343.7,0.200696779338
102,3.7,409.3,0.348133267381
102,3.7,76.4,6.16239773783
102,3.7,131.9,4.45291433622
102,3.7,25.5,30.8567970183
102,3.7,125.7,3.42549713922
103,3.7,125.2,2.3562027866
103,3.7,612.2,0.0636009905985
103,3.7,365.2,1.13880504432
103,3.7,89.0,2.05620244863
103,3.7,45.1,3.2538599806
103,3.7,101.9,6.61872746461
103,3.7,58.2,7.00695920508
103,3.7,91.5,3.16915648544
103,3.7,139.0,2.01499319641
103,3.7,191.5,0.572232331216
103,3.7,123.0,5.89826622314
103,3.7,445.2,0.289648814612
103,3.7,591.2,0.11856055856
103,3.7,94.1,3.11690044755
103,3.7,516.3,0.0416289247298
104,3.7,125.2,8.6073999081
104,3.7,667.9,0.111439109664
104,3.7,147.7,1.43163376959
104,3.7,48.8,12.0393441817
104,3.7,268.5,0.32112344489
104,3.7,69.2,5.1961439343
104,3.7,295.9,0.282283823647
104,3.7,161.9,2.57423272542
104,3.7,258.9,1.55376070387
104,3.7,93.3,3.80994720029
104,3.7,71.2,4.4355031918
104,3.7,107.7,0.914418688728
104,3.7,79.7,1.78775768148
104,3.7,150.1,4.24159862502
105,3.75,491.1,0.100292282431
105,3.75,125.7,1.80139821964
105,3.75,107.1,2.69873299451
105,3.75,35.6,22.5925823366
105,3.75,191.5,1.93898554178
105,3.75,714.2,0.0685354685992
105,3.75,420.3,0.271753482138
105,3.75,87.5,4.35578956354
105,3.75,175.0,2.91070288843
105,3.75,259.8,1.35880659765
105,3.75,96.4,2.68461363277
105,3.75,45.4,14.0043918501
105,3.75,411.0,0.480715175387
106,3.75,196.1,5.54128790781
106,3.75,150.8,1.52723857645
106,3.75,422.2,0.176454813378
106,3.75,287.0,0.323177640471
107,3.75,345.2,0.428533216027
107,3.75,113.3,5.6906168213
107,3.75,138.8,6.16392841375
107,3.75,440.3,0.0688722747034
107,3.75,48.3,11.9854042312
107,3.75,119.5,5.73153322402
107,3.75,152.8,5.79907955334
107,3.75,35.2,17.7047563839
107,3.75,183.5,1.27281651257
107,3.75,200.6,0.949569713694
107,3.75,174.5,2.03630271233
107,3.75,152.1,9.85206754057
107,3.75,181.1,3.04945003374
107,3.75,194.1,2.37901386286
107,3.75,61.9,10.2503429542
108,3.8,16.8,56.0888715372
108,3.8,256.8,0.479323971066
108,3.8,536.3,0.0736780213667
108,3.8,165.6,2.48672216072
108,3.8,180.4,4.33565032121
108,3.8,491.3,0.279659376172
108,3.8,108.2,2.46393294589
108,3.8,67.0,6.40790771085
108,3.8,33.1,26.2322759323
108,3.8,107.0,1.91491250471
108,3.8,559.0,0.110249680344
108,3.8,104.7,3.25721477378
108,3.8,356.4,0.462648401585
108,3.8,53.4,6.84881588053
108,3.8,127.2,5.32093922124
108,3.8,202.7,0.96374356758
108,3.8,138.5,3.5440699322
108,3.8,258.8,1.20288566315
109,3.8,252.7,0.985623684456
109,3.8,369.2,0.317399091686
109,3.8,251.6,1.67384444687
109,3.8,273.0,0.330614830654
109,3.8,123.2,5.47954711138
109,3.8,421.4,0.139886474214
109,3.8,173.2,4.00827735828
109,3.8,73.7,4.3201317748
109,3.8,39.3,21.7169307514
109,3.8,19.6,43.7423114092
109,3.8,56.9,12.7308318599
109,3.8,151.2,6.75379303316
109,3.8,160.9,4.24286195423
109,3.8,312.9,0.28098675831
110,3.8,193.9,0.784040401862
110,3.8,137.1,2.35203550917
110,3.8,189.5,2.31370427141
110,3.8,114.8,8.09720689456
110,3.8,372.6,0.419344199193
110,3.8,278.4,0.328266264841
110,3.8,22.0,25.3295527397
110,3.8,207.7,1.71184081005
110,3.8,88.7,3.33149019849
110,3.8,123.0,1.3208027506
110,3.8,325.2,0.429371262581
110,3.8,531.8,0.139223569781
111,3.85,665.9,0.117503512102
111,3.85,212.1,3.41620042113
111,3.85,718.8,0.083386147968
111,3.85,265.2,0.879812823036
111,3.85,121.8,5.37357882597
111,3.85,49.0,14.2702574777
111,3.85,67.0,6.83288119894
111,3.85,549.0,0.0704462103223
111,3.85,706.1,0.112185859336
111,3.85,288.5,0.734077988764
111,3.85,148.2,4.40629206708
111,3.85,97.6,1.11647291894
111,3.85,553.9,0.123171444233
111,3.85,95.3,2.75795554431
111,3.85,137.0,1.83305800701
111,3.85,237.1,1.47728633783
111,3.85,257.7,1.08055479951
111,3.85,253.3,1.02438274208
111,3.85,636.3,0.038126166984
111,3.85,133.3,2.35386498798
112,3.85,74.7,5.15084009487
112,3.85,57.5,30.1560247737
112,3.85,248.8,2.07668611032
112,3.85,113.5,7.46662855939
112,3.85,534.8,0.0712240107951
112,3.85,160.5,4.72799221
112,3.85,232.8,1.62259530612
112,3.85,55.7,8.63525231508
112,3.85,95.8,2.80236789406
112,3.85,92.0,2.52104208872
112,3.85,274.4,0.968892754233
112,3.85,425.6,0.264351482595
112,3.85,33.8,12.2999157335
112,3.85,134.0,2.7277934297
112,3.85,382.5,0.546980013352
112,3.85,183.2,1.79296900413
113,3.85,390.5,0.69733374879
113,3.85,185.0,4.60358021206
113,3.85,296.0,1.07739963327
113,3.85,107.6,6.92861995997
113,3.85,127.3,8.67055236834
113,3.85,52.9,8.33813670728
113,3.85,135.5,4.53624322324
113,3.85,247.6,1.94999929259
113,3.85,116.1,2.7272006394
113,3.85,175.1,2.82589068382
113,3.85,92.7,3.15079673165
114,3.9,444.2,0.651903479785
114,3.9,139.4,3.27061524403
114,3.9,154.0,4.54940934842
114,3.9,94.2,8.41353755439
114,3.9,92.8,8.4324090874
114,3.9,536.3,0.368594461018
114,3.9,210.4,6.09574455943
114,3.9,408.8,0.194198486585
114,3.9,87.6,2.64250566364
114,3.9,28.0,55.9165557127
114,3.9,158.3,5.29509910149
114,3.9,321.0,0.817099630879
114,3.9,75.0,4.38380729343
114,3.9,136.7,7.79051503332
114,3.9,67.3,13.5432787691
114,3.9,59.5,15.7013127048
114,3.9,105.8,4.33585668925
115,3.9,433.6,1.6303009878
115,3.9,200.1,2.86321327341
115,3.9,338.5,0.67125497561
115,3.9,559.7,0.171012208667
115,3.9,84.6,1.47131589263
116,3.9,103.1,4.17078952388
116,3.9,453.1,0.199479211558
116,3.9,157.6,8.0674478612
116,3.9,38.2,16.4020717205
116,3.9,668.4,0.125090744022
116,3.9,584.0,0.308576655114
116,3.9,46.1,20.3413707956
116,3.9,117.3,4.91512526083
116,3.9,157.0,3.87196345806
116,3.9,267.5,0.465148562869
116,3.9,240.2,0.932278548825
116,3.9,174.5,3.9342664596
116,3.9,40.1,26.8005244996
116,3.9,207.2,2.79042456249
116,3.9,141.3,5.84258370811
116,3.9,264.6,0.772035620206
116,3.9,34.0,24.41547824
116,3.9,192.5,2.77910224451
116,3.9,66.6,4.32815940346
116,3.9,273.3,1.09211635847
116,3.9,242.3,1.53151363552
116,3.9,284.3,2.46595255077
116,3.9,199.1,2.15821356176
116,3.9,313.7,1.14954817139
116,3.9,548.9,0.129031771199
116,3.9,73.7,3.46224738849
116,3.9,355.3,0.157382043545
117,3.95,128.2,2.91716576492
117,3.95,594.5,0.128482775957
117,3.95,152.3,5.71586181478
117,3.95,685.7,0.0684261420575
117,3.95,25.7,54.2343681611
117,3.95,238.3,5.56031486972
117,3.95,90.7,3.14850248418
117,3.95,372.1,0.621464494798
117,3.95,146.5,2.58664870359
117,3.95,198.7,3.11603716446
117,3.95,132.0,8.77996769506
117,3.95,156.9,4.40134662351
117,3.95,73.6,7.47599460676
117,3.95,303.9,0.566803103967
117,3.95,150.3,3.24937605433
117,3.95,222.6,1.22120632377
118,3.95,152.5,2.64875503027
118,3.95,625.6,0.765646317323
118,3.95,299.1,0.664921481314
118,3.95,342.6,0.743252970036
118,3.95,126.6,5.50620024421
118,3.95,225.4,3.47962616226
118,3.95,264.3,1.35581133918
118,3.95,208.3,1.78922531295
118,3.95,137.7,12.2141703472
118,3.95,58.7,14.321099383
118,3.95,195.8,0.950001137938
118,3.95,65.7,11.8781606352
118,3.95,274.2,0.702727793563
118,3.95,80.5,12.6623138403
118,3.95,125.5,2.88035988549
119,3.95,77.5,7.93102168303
119,3.95,238.0,3.63815525742
119,3.95,81.7,9.48150219329
119,3.95,76.0,10.4499329574
119,3.95,338.4,0.658021488952
120,4.0,523.9,0.112911059442
120,4.0,258.1,1.05920419894
120,4.0,27.3,116.992898144
120,4.0,188.6,4.42180591537
120,4.0,406.9,1.05820453031
120,4.0,341.9,1.8550473923
120,4.0,91.4,6.1161830921
120,4.0,415.2,0.283193469797
120,4.0,617.4,0.148260933759
120,4.0,43.6,35.8911735297
120,4.0,105.7,4.77544613986
120,4.0,506.8,0.203667260829
120,4.0,100.2,5.38335700422
120,4.0,343.5,1.18379279003
120,4.0,170.5,5.14146789786
120,4.0,389.9,0.667481442686
120,4.0,95.2,10.6386390331
121,4.0,155.5,6.28781510226
121,4.0,321.2,1.24723509685
121,4.0,99.7,18.9823593731
121,4.0,55.1,16.1516355678
121,4.0,723.0,0.168820396943
121,4.0,35.7,30.6716802437
121,4.0,90.6,12.65883019
121,4.0,126.0,3.4846754773
121,4.0,247.9,2.52220100634
121,4.0,50.2,8.05468605967
121,4.0,34.6,14.5672728004
121,4.0,103.5,10.0018601917
121,4.0,346.3,2.53974341395
121,4.0,65.6,6.21375395354
121,4.0,130.6,5.07184727471
121,4.0,109.8,9.43987116527
121,4.0,607.6,0.0618812474156
121,4.0,176.9,4.56127735347
121,4.0,100.3,3.03511728486
121,4.0,102.0,2.94826660081
121,4.0,45.8,14.5245881969
122,4.0,130.5,3.66736131086
122,4.0,170.6,5.63960820848
122,4.0,112.3,10.1671888344
122,4.0,315.8,0.680812407029
122,4.0,76.2,11.3131234925
122,4.0,259.4,2.71708697687
122,4.0,346.6,0.432960373731
122,4.0,188.1,15.3056270438
122,4.0,299.5,0.506480889103
122,4.0,269.1,2.32156655587
122,4.0,108.8,9.24507032503
122,4.0,178.8,3.41661580674
122,4.0,164.8,5.01697237711
122,4.0,148.3,5.55396939926
122,4.0,80.5,6.75633740887
122,4.0,95.5,6.01158927294
122,4.0,106.8,17.5379848854
122,4.0,53.8,12.0972848849
122,4.0,228.3,6.09889445652
122,4.0,147.9,3.91707459579
122,4.0,402.9,0.246505117599
122,4.0,223.1,3.1386520736
122,4.0,453.9,1.10012232548
122,4.0,271.1,2.4095010659
122,4.0,206.9,0.773584946042
122,4.0,252.3,2.86267450155
122,4.0,254.2,3.04350745568
122,4.0,95.2,8.31844248672
123,4.05,247.3,1.8347312621
123,4.05,143.1,11.3091734364
123,4.05,82.5,2.39357994242
123,4.05,259.6,1.27533938119
123,4.05,109.8,17.8343074072
123,4.05,221.2,11.9424546817
123,4.05,58.9,11.6475683704
123,4.05,157.9,3.98966099652
123,4.05,498.4,0.233362863409
123,4.05,216.0,5.24834094375
123,4.05,35.5,31.1135389985
123,4.05,123.3,11.4119039442
123,4.05,166.6,11.163947217
123,4.05,227.7,3.62900008251
123,4.05,446.6,0.256308714523
123,4.05,74.2,10.7268481547
123,4.05,339.7,0.574184799459
123,4.05,378.7,0.683483082066
123,4.05,203.1,2.61679031721
123,4.05,477.6,0.127098085731
123,4.05,372.6,0.983663693937
123,4.05,43.3,70.823696075
123,4.05,233.4,2.77132364659
123,4.05,34.6,60.2498221507
124,4.05,181.8,4.52952955721
124,4.05,182.3,6.91348329742
124,4.05,203.8,3.97828141833
124,4.05,131.3,9.61679452745
124,4.05,346.5,0.54854247364
124,4.05,66.2,8.81045118352
124,4.05,152.7,6.10300395904
124,4.05,99.4,8.22022378351
124,4.05,128.0,7.87334484123
124,4.05,132.1,11.1193853899
124,4.05,51.7,16.6503578632
124,4.05,65.6,12.0338902938
124,4.05,215.1,2.03972090557
124,4.05,102.3,2.90596601496
124,4.05,137.0,14.5532775418
125,4.05,147.8,7.99042343006
125,4.05,66.5,13.2235529521
125,4.05,257.5,4.00347135668
125,4.05,49.7,30.0829353457
125,4.05,111.7,7.56576833507
125,4.05,484.0,0.519469902705
125,4.05,64.7,26.434251983
125,4.05,86.6,16.954498773
125,4.05,224.8,2.70376643728
125,4.05,42.5,9.1516712047
125,4.05,33.4,33.3269776972
125,4.05,21.7,167.854252838
125,4.05,41.1,45.3234591442
125,4.05,159.2,7.55454654666
125,4.05,382.5,1.43537626726
125,4.05,442.8,0.569030152696
125,4.05,141.7,5.53574952136
125,4.05,391.3,1.98713651793
125,4.05,173.7,6.75848900082
125,4.05,397.2,0.197700818425
125,4.05,74.3,4.74752770004
125,4.05,122.6,5.53424061635
125,4.05,50.4,18.0001595909
125,4.05,237.0,3.3210716671
125,4.05,265.6,1.06457990448
125,4.05,255.5,1.58600628942
126,4.1,608.8,0.232481512601
126,4.1,81.9,5.84675182977
126,4.1,147.1,8.52584918404
126,4.1,142.6,12.4772846666
126,4.1,53.1,38.4328308113
126,4.1,22.5,203.985990133
126,4.1,84.8,8.54119242535
126,4.1,331.9,0.674833911024
126,4.1,132.9,13.2417513263
126,4.1,165.4,11.5937642948
126,4.1,224.5,6.88931791431
126,4.1,132.2,3.86701223401
126,4.1,71.3,10.1667158737
126,4.1,193.1,14.5072441445
126,4.1,754.6,0.528759965314
127,4.1,306.8,1.08880681599
127,4.1,264.5,0.890434745987
127,4.1,479.9,0.636497294844
127,4.1,92.3,4.38531671227
127,4.1,368.0,1.84679475827
127,4.1,239.9,3.31887596705
127,4.1,111.4,5.93882137175
127,4.1,146.9,12.1256181012
127,4.1,157.8,3.13637411687
127,4.1,73.1,5.18782491471
127,4.1,173.9,1.80508713732
127,4.1,70.6,15.3452299684
127,4.1,50.9,6.53236788714
127,4.1,301.3,1.33826505775
127,4.1,249.1,1.62404726897
127,4.1,344.6,0.600954996425
127,4.1,155.7,9.93187752918
127,4.1,119.9,2.82477443415
127,4.1,444.6,0.546474326123
127,4.1,144.3,13.1912511032
128,4.1,613.0,0.347871225681
128,4.1,501.3,0.580737696813
128,4.1,24.5,48.9690007989
128,4.1,221.6,2.23527025863
128,4.1,280.5,1.52967889674
128,4.1,48.3,15.6491968091
128,4.1,56.0,22.1361345814
128,4.1,88.3,4.29735947996
128,4.1,260.0,1.44901093118
128,4.1,114.1,6.84612989529
128,4.1,461.4,0.895670019703
128,4.1,525.0,0.224068337161
128,4.1,461.8,0.743839212293
128,4.1,58.6,20.1413479045
128,4.1,256.0,8.82004700412
129,4.15,34.2,45.3592074768
129,4.15,22.2,115.408528297
129,4.15,119.3,3.53963892184
129,4.15,794.0,0.103055641979
129,4.15,177.8,7.12688061672
129,4.15,420.0,0.488993983893
129,4.15,179.6,17.5726623048
129,4.15,252.6,4.49249117434
129,4.15,184.6,3.20409741837
129,4.15,169.0,8.63341865158
129,4.15,187.1,20.1091422458
129,4.15,156.8,4.90088792574
129,4.15,186.4,6.15185311185
130,4.15,53.7,13.7153099442
130,4.15,503.8,0.320675382239
130,4.15,58.4,8.3776647538
130,4.15,167.7,9.70364342169
130,4.15,32.4,21.2549563229
130,4.15,506.2,0.665654442908
130,4.15,159.0,12.0863325472
130,4.15,132.8,2.88983019085
130,4.15,69.4,13.0442595642
130,4.15,267.0,1.11297658233
130,4.15,225.8,3.5955270918
130,4.15,46.5,18.1483196455
130,4.15,80.3,5.84543927225
130,4.15,111.9,6.83685232418
130,4.15,85.5,22.7977304241
130,4.15,45.3,25.0634333067
130,4.15,196.4,9.3690058806
130,4.15,253.8,1.34261002107
130,4.15,414.0,0.713368888468
130,4.15,128.6,3.5834490441
131,4.15,96.0,7.92448503523
131,4.15,524.5,0.17601267072
131,4.15,139.7,14.8122239944
131,4.15,43.0,14.7508100377
131,4.15,366.7,1.41865231978
131,4.15,567.6,0.33969757006
131,4.15,120.0,9.07535711909
131,4.15,401.9,0.708142143721
131,4.15,427.5,0.83655548043
131,4.15,72.4,19.3588944502
131,4.15,794.5,0.0773557704467
131,4.15,19.7,154.45996103
131,4.15,728.4,0.137206257273
131,4.15,18.3,127.306226496
131,4.15,104.4,8.8317394172
131,4.15,180.5,4.09532756494
132,4.2,123.6,11.5859655296
132,4.2,29.3,48.1503863156
132,4.2,191.9,3.85426964278
132,4.2,104.6,14.0440831309
132,4.2,458.0,0.791558666709
132,4.2,398.7,0.777161154108
132,4.2,133.1,10.9089298766
132,4.2,477.3,0.181730878935
132,4.2,340.3,3.93711217591
132,4.2,71.0,17.4578556471
132,4.2,79.4,28.5504213636
132,4.2,36.6,26.4800713845
132,4.2,154.1,17.4360801933
132,4.2,149.3,36.2240650202
132,4.2,94.4,5.49242613936
132,4.2,248.6,6.96779291665
132,4.2,93.6,38.8298194175
132,4.2,209.7,5.20605970046
133,4.2,80.4,7.88492464981
133,4.2,792.0,0.0679173802969
133,4.2,56.2,55.3635321613
133,4.2,176.3,2.82484519021
133,4.2,541.8,0.20896357829
133,4.2,37.1,33.4094682168
133,4.2,241.9,1.76289121928
133,4.2,186.0,7.60781027951
133,4.2,128.2,7.61042727483
133,4.2,196.3,13.4844042603
133,4.2,146.9,21.0053704914
133,4.2,163.7,4.8645416548
133,4.2,150.3,10.6156435335
133,4.2,275.6,1.2635197326
133,4.2,321.2,1.6551382829
133,4.2,254.6,3.35863501358
133,4.2,63.4,11.3698244313
133,4.2,59.0,28.67274011
133,4.2,347.2,1.23657211131
133,4.2,70.5,12.0509711577
133,4.2,169.7,6.47062773566
133,4.2,41.4,14.691164685
133,4.2,171.5,12.2895895397
133,4.2,205.1,8.85671281392
133,4.2,268.8,5.2107158996
134,4.2,288.9,1.65739825451
134,4.2,346.5,2.63180937034
134,4.2,191.4,7.53534119146
134,4.2,111.0,18.8057403732
134,4.2,292.3,2.86263865789
134,4.2,46.8,21.6964438387
134,4.2,81.7,15.5218190548
134,4.2,168.4,20.634082917
134,4.2,370.3,0.674256854761
134,4.2,214.5,8.11685655099
134,4.2,192.0,7.59738549076
134,4.2,302.7,1.58627706721
134,4.2,157.7,12.8628634592
134,4.2,262.9,7.7932121732
134,4.2,226.3,6.08745490486
134,4.2,16.9,71.9166001717
134,4.2,335.7,1.13221814527
134,4.2,128.0,6.12821186489
135,4.25,257.7,3.01176029125
135,4.25,279.1,8.84115382096
135,4.25,178.3,7.14681206054
135,4.25,35.2,142.416260312
135,4.25,765.4,0.477330522727
135,4.25,74.5,8.10168856928
135,4.25,44.6,22.9527024427
135,4.25,427.2,1.02566251616
135,4.25,384.3,0.510983683052
135,4.25,510.6,0.646245694134
135,4.25,346.7,1.71929244818
135,4.25,469.5,0.404017414917
135,4.25,179.6,13.9937408775
135,4.25,231.2,1.87216617003
135,4.25,89.1,12.0348078881
135,4.25,152.8,15.3614384473
135,4.25,129.6,12.9215721798
135,4.25,133.7,15.5083237194
135,4.25,85.7,17.7239010015
135,4.25,98.5,28.110440038
135,4.25,297.2,1.67795761997
135,4.25,431.7,0.485611122231
135,4.25,25.1,151.324818857
135,4.25,34.3,65.0654945595
135,4.25,538.8,1.1252633742
135,4.25,202.7,10.1645102884
135,4.25,117.7,15.9166136397
135,4.25,66.3,16.6686415442
135,4.25,27.9,138.072371589
136,4.25,280.5,2.30014261874
136,4.25,195.5,12.4354729392
136,4.25,157.7,13.3198568825
136,4.25,159.8,13.0530600367
136,4.25,230.5,9.29571768325
136,4.25,22.8,191.096762852
136,4.25,121.2,19.7543614324
136,4.25,337.0,1.32817575813
136,4.25,157.5,9.33737821626
136,4.25,63.9,17.7540851395
136,4.25,106.3,11.563402053
136,4.25,71.6,5.54408214544
136,4.25,96.1,13.9300695405
136,4.25,578.0,0.221573215898
137,4.25,158.0,21.3456238173
137,4.25,121.0,20.7732051373
137,4.25,131.6,21.286736348
137,4.25,46.8,36.7630201726
137,4.25,302.7,1.47936614622
137,4.25,274.3,5.09317651246
137,4.25,242.1,2.34671432074
137,4.25,478.1,1.08811493653
137,4.25,60.8,39.905639391
137,4.25,144.2,39.2927158914
137,4.25,147.5,12.9595688196
137,4.25,340.8,3.2793539305
137,4.25,380.9,0.951662172974
137,4.25,191.2,8.47470628096
137,4.25,337.7,1.56264905279
137,4.25,143.6,14.6472150067
137,4.25,163.8,7.62711959993
137,4.25,134.8,3.00281962135
138,4.3,210.5,7.97800340008
138,4.3,657.5,1.03066270952
138,4.3,194.4,5.84235661169
138,4.3,146.9,32.206011286
138,4.3,190.4,13.5142726912
138,4.3,216.1,6.64374900941
139,4.3,197.9,12.5642002282
139,4.3,85.9,10.1470780765
139,4.3,766.0,0.285252239081
139,4.3,112.1,17.4988293264
139,4.3,391.8,2.33080099217
139,4.3,162.8,17.1918229308
139,4.3,43.0,54.587644543
140,4.3,111.7,37.526351866
140,4.3,109.5,8.26136937658
140,4.3,349.8,1.05516258598
140,4.3,266.4,6.40073274454
140,4.3,300.0,2.61119099467
140,4.3,117.0,11.6504670747
140,4.3,241.2,2.99886253324
140,4.3,45.5,85.376942663
140,4.3,129.7,9.02632323731
140,4.3,87.1,6.78571349238
140,4.3,568.0,0.621100385999
140,4.3,665.4,0.504183376672
140,4.3,42.6,36.1854830612
140,4.3,184.7,17.1360033607
140,4.3,115.7,21.4652189568
140,4.3,659.4,0.546077444249
140,4.3,164.3,3.02899782997
140,4.3,534.6,0.27044861266
140,4.3,318.0,0.853539496944
140,4.3,278.3,20.6523772314
140,4.3,268.5,1.09952185886
140,4.3,420.1,1.26943945277
140,4.3,174.3,7.00847874025
140,4.3,27.2,26.7753425288
140,4.3,351.9,3.7724946613
140,4.3,96.1,21.5893484728
140,4.3,76.8,34.4501181082
140,4.3,69.2,10.7780992377
141,4.35,300.3,3.06329187312
141,4.35,203.7,18.7868979862
141,4.35,129.3,19.2888936476
141,4.35,152.7,14.6026894151
141,4.35,122.1,46.887889345
141,4.35,601.8,1.82328969012
141,4.35,56.0,61.3354040324
141,4.35,133.6,15.1334062803
141,4.35,164.7,31.6663840914
142,4.35,171.9,18.8160644699
142,4.35,197.1,8.24104383261
142,4.35,327.3,1.43719592729
142,4.35,43.3,26.5883718736
142,4.35,198.1,8.67065639193
142,4.35,340.1,2.03579701865
142,4.35,548.0,0.377184400877
142,4.35,137.1,5.43779824374
142,4.35,59.9,65.1852814521
142,4.35,486.1,0.853234981341
142,4.35,327.7,1.72809377705
142,4.35,158.8,18.0040503463
142,4.35,180.6,14.1921170337
142,4.35,373.7,1.71330005297
142,4.35,122.5,27.9993291426
142,4.35,331.7,1.66530998509
142,4.35,185.7,4.27816501761
142,4.35,387.7,7.37589200961
142,4.35,59.6,21.5735019722
142,4.35,309.6,10.7851684574
142,4.35,219.8,12.2369105607
143,4.35,162.5,6.33496241961
143,4.35,263.7,0.717985949571
143,4.35,446.7,0.679944711079
143,4.35,92.1,9.85608519847
143,4.35,228.7,12.005870784
143,4.35,153.2,12.9691031116
143,4.35,99.9,24.7031235344
143,4.35,73.7,25.137843569
143,4.35,283.2,4.04930542813
143,4.35,768.3,0.569557740399
143,4.35,247.9,12.2958308916
143,4.35,389.5,1.27112413605
143,4.35,124.4,29.0191346115
143,4.35,284.3,5.42184662067
143,4.35,303.1,5.67590331663
143,4.35,222.8,20.2861652178
143,4.35,340.8,4.81197401038
143,4.35,194.3,4.6802794551
144,4.4,239.5,4.52916162395
144,4.4,66.1,71.867076731
144,4.4,467.2,0.823271802509
144,4.4,67.0,47.5381298379
144,4.4,186.6,7.54244793083
145,4.4,238.1,2.49443458136
145,4.4,616.1,2.26490343542
145,4.4,180.9,8.53519946454
145,4.4,334.3,2.99831702262
145,4.4,107.4,14.3308818471
145,4.4,314.0,11.4904796497
145,4.4,37.6,375.957936581
145,4.4,347.2,2.22771767812
145,4.4,61.2,43.5605394382
145,4.4,533.6,0.568369259837
145,4.4,439.5,1.66353431271
145,4.4,449.5,1.09710515321
146,4.4,289.4,2.25399183095
146,4.4,441.2,0.794696480588
146,4.4,196.5,7.39894522525
146,4.4,151.1,11.6816544511
146,4.4,671.9,1.68610442825
146,4.4,37.0,124.168020968
146,4.4,54.9,32.5104515009
146,4.4,163.2,24.6684185343
146,4.4,432.6,0.801760388916
146,4.4,128.9,21.0797484805
146,4.4,93.1,21.5977462198
147,4.45,710.6,1.04687340007
147,4.45,67.5,13.6803978721
147,4.45,191.4,15.4294941645
147,4.45,738.0,0.611720311288
147,4.45,109.4,15.398113697
147,4.45,117.7,38.4930788489
147,4.45,188.2,18.4610613702
147,4.45,40.4,30.8971334921
147,4.45,88.1,28.6501443485
147,4.45,209.9,38.9664800624
147,4.45,220.1,7.19471862059
147,4.45,123.8,15.9133158584
147,4.45,438.8,1.03157550164
147,4.45,126.5,6.80239306896
147,4.45,302.1,4.03967204656
147,4.45,200.7,13.2025036483
147,4.45,236.9,3.95988479573
147,4.45,334.2,7.91001930279
148,4.45,222.8,22.8227644282
148,4.45,532.8,0.47574113042
148,4.45,247.3,6.5188702021
148,4.45,408.2,1.57048262942
148,4.45,164.7,10.4449414293
148,4.45,600.8,1.29591694166
148,4.45,429.3,0.906202609774
148,4.45,496.9,1.2550112568
148,4.45,126.0,12.0591226722
148,4.45,153.6,27.5976642434
148,4.45,117.7,27.5019369559
148,4.45,96.4,64.0152779821
148,4.45,141.8,5.64064646657
148,4.45,213.8,24.2787933801
148,4.45,415.7,3.3684714239
148,4.45,173.5,56.17046555
148,4.45,267.2,7.53714937367
148,4.45,790.0,0.231218664302
148,4.45,271.5,10.9162381168
148,4.45,20.1,368.541935879
148,4.45,786.1,0.680598794247
148,4.45,126.5,63.0039754255
148,4.45,116.6,19.1055869345
148,4.45,623.8,0.539326621497
148,4.45,511.9,1.19153908112
148,4.45,647.6,0.783542461839
148,4.45,174.4,28.2293745176
148,4.45,321.9,1.24539054366
148,4.45,81.8,17.7202545713
148,4.45,391.5,1.04234804578
148,4.45,224.7,3.20212321515
148,4.45,129.3,35.260705855
148,4.45,57.8,53.1212037465
148,4.45,500.0,1.59178804961
148,4.45,190.4,23.009508517
149,4.45,134.9,2.33653571152
149,4.45,552.8,0.666610096263
149,4.45,87.6,19.5752409264
149,4.45,38.0,74.7319138222
149,4.45,18.8,205.185045494
149,4.45,686.2,1.51423667722
149,4.45,99.6,23.5180409026
149,4.45,160.1,30.9594362632
149,4.45,60.2,14.5445531445
149,4.45,430.0,1.19096291838
149,4.45,145.5,69.1833429194
150,4.5,250.2,13.339986917
150,4.5,161.3,46.1840697603
150,4.5,233.3,29.5260034203
150,4.5,414.6,7.71629251661
150,4.5,172.4,7.71136301063
150,4.5,417.6,1.00311880393
150,4.5,199.4,10.7161793854
150,4.5,21.6,246.752021154
150,4.5,324.7,9.68550703099
150,4.5,69.4,25.5173630167
150,4.5,242.3,4.50732182603
150,4.5,248.9,5.8753044717
150,4.5,208.6,11.7137654525
150,4.5,363.6,2.40891394564
150,4.5,28.9,113.035665232
151,4.5,171.5,31.843139344
151,4.5,509.1,1.58551568682
151,4.5,439.7,1.62152496672
151,4.5,421.8,1.45088162355
151,4.5,257.1,5.60829672823
151,4.5,161.2,39.8338191609
151,4.5,565.0,2.14320760584
151,4.5,304.7,2.50917368009
151,4.5,166.1,19.6086059493
151,4.5,376.1,0.387555612206
151,4.5,573.9,0.502555814935
151,4.5,128.9,37.3151092675
151,4.5,356.5,2.19972659845
151,4.5,291.9,10.1037546321
151,4.5,96.6,25.3203948903
151,4.5,204.0,14.5227963251
151,4.5,98.8,22.0073886033
151,4.5,597.5,0.623158232644
152,4.5,34.1,103.184482855
152,4.5,375.4,2.43645905796
152,4.5,574.3,0.311036083544
152,4.5,98.0,29.9072438315
152,4.5,76.7,35.8085280197
152,4.5,195.8,5.71138043848
152,4.5,53.4,67.6652153628
152,4.5,164.9,13.0405451204
152,4.5,38.6,199.784892961
152,4.5,146.2,15.3747145176
152,4.5,170.6,6.7809200537
152,4.5,740.3,1.00530348866
152,4.5,410.6,1.94315321247
152,4.5,435.4,4.20980036989
153,4.55,73.0,24.7433875518
153,4.55,247.2,17.7187009126
153,4.55,445.2,1.04265191253
153,4.55,632.4,0.441742051561
153,4.55,318.3,11.1324370473
153,4.55,198.8,26.2245275865
153,4.55,60.0,22.7060733107
153,4.55,262.6,5.82133976746
153,4.55,232.8,10.6893010403
153,4.55,273.7,4.95370630258
153,4.55,218.2,20.9664256185
153,4.55,159.3,26.7529865556
153,4.55,175.0,24.3244551585
153,4.55,666.1,0.705184067444
153,4.55,108.9,13.3743295892
153,4.55,328.8,7.07142537126
153,4.55,384.9,4.8263028855
153,4.55,563.6,1.27121589218
153,4.55,295.8,19.3308021527
153,4.55,108.8,25.3855848227
153,4.55,41.5,185.645315886
153,4.55,107.4,10.2342346887
154,4.55,286.1,7.43957324931
154,4.55,483.2,2.52222243502
154,4.55,110.4,52.3289013469
154,4.55,198.5,24.3566893334
154,4.55,259.0,7.21944465479
154,4.55,150.2,35.9588002188
154,4.55,460.4,2.31021102056
154,4.55,236.3,6.39557063572
154,4.55,227.7,3.76052939625
155,4.55,301.5,5.91208187989
155,4.55,35.9,111.17875402
155,4.55,594.9,1.16532192201
155,4.55,613.8,1.43085380847
155,4.55,214.7,15.5964906459
155,4.55,173.9,18.769037898
155,4.55,283.0,14.8587220824
155,4.55,358.4,5.19070363673
155,4.55,69.8,36.120653114
155,4.55,198.0,39.3249746214
155,4.55,499.6,2.6257496725
155,4.55,661.5,1.63899984702
156,4.6,305.7,9.59526884695
156,4.6,203.1,16.0768632266
156,4.6,25.3,208.673667129
156,4.6,284.7,4.1052356416
156,4.6,255.2,15.6816172975
156,4.6,315.9,3.28363480526
157,4.6,75.9,82.9172121057
157,4.6,78.6,8.84975246067
157,4.6,257.8,19.8524984497
157,4.6,214.7,8.98266434819
157,4.6,308.2,6.24889581506
157,4.6,253.4,6.90439231619
157,4.6,157.0,12.3564662689
157,4.6,597.7,1.05855659421
157,4.6,20.5,556.772219914
157,4.6,60.6,38.1569013532
157,4.6,207.8,13.444620791
157,4.6,120.9,72.4093680874
157,4.6,52.7,28.20675226
158,4.6,189.0,31.8538998029
158,4.6,83.7,65.0769865638
158,4.6,109.9,113.5426796
158,4.6,107.1,22.657593368
158,4.6,140.0,10.0539410601
158,4.6,453.4,1.27961337958
158,4.6,418.9,2.21539344725
158,4.6,80.7,114.809916316
158,4.6,386.5,2.75578103074
158,4.6,275.0,11.0258292028
158,4.6,280.9,10.4943978843
158,4.6,211.9,22.7224908713
158,4.6,160.0,43.713806291
158,4.6,253.2,16.7335448796
158,4.6,118.9,70.2921493652
158,4.6,385.1,1.93269225631
158,4.6,192.1,21.0154433247
158,4.6,209.7,8.98364051234
158,4.6,235.2,10.2135109411
158,4.6,688.7,0.712041501023
159,4.65,393.7,9.50175843563
159,4.65,108.3,38.966678065
159,4.65,146.5,19.1853550017
159,4.65,125.9,70.1382791372
159,4.65,297.6,7.95772530194
159,4.65,119.7,17.6254331543
159,4.65,733.6,0.926423211257
159,4.65,204.2,6.28760433725
159,4.65,191.0,19.8843919254
159,4.65,108.1,38.5715764746
159,4.65,136.7,105.387441731
159,4.65,94.7,17.7326706526
159,4.65,43.5,37.8942294327
159,4.65,147.5,33.8515469753
159,4.65,86.9,161.582657946
159,4.65,73.0,14.239530842
159,4.65,43.3,107.0617784
159,4.65,168.1,23.0109979521
159,4.65,180.6,39.2018756933
159,4.65,149.7,61.2565063164
159,4.65,272.7,8.9031628619
160,4.65,766.3,0.925135002385
160,4.65,94.5,20.4728020678
160,4.65,79.3,40.3321987524
160,4.65,51.9,165.331729288
160,4.65,103.6,24.2622706604
160,4.65,620.2,0.963584493545
160,4.65,70.5,43.3871178226
160,4.65,215.7,12.1912280332
160,4.65,141.1,15.9838464349
160,4.65,57.2,185.886428781
160,4.65,688.6,1.59385341508
160,4.65,207.3,32.1153725225
160,4.65,88.2,22.212706197
160,4.65,88.7,24.2028372129
160,4.65,189.7,9.19958419125
160,4.65,113.2,34.9175589599
160,4.65,242.8,4.99828202989
160,4.65,118.1,58.542087683
160,4.65,82.6,27.4497764255
160,4.65,158.2,54.5486810818
160,4.65,547.8,0.728688478814
160,4.65,211.0,9.49401937006
160,4.65,113.3,33.680383291
160,4.65,68.4,94.3257057288
161,4.65,170.7,27.852222541
161,4.65,214.8,20.3454752682
161,4.65,678.3,0.929516619319
161,4.65,608.3,1.20257596799
161,4.65,204.5,11.1080217227
161,4.65,202.4,19.4270207702
161,4.65,173.6,81.828672374
161,4.65,34.9,249.412827924
161,4.65,411.1,3.96089594927
161,4.65,458.2,1.88429514241
161,4.65,78.0,58.8386651193
161,4.65,409.5,4.01656178467
161,4.65,201.2,52.6779731846
161,4.65,12.4,1011.77446024
161,4.65,24.0,255.166441531
161,4.65,482.7,2.98495839304
161,4.65,165.9,45.3927505345
161,4.65,745.9,0.756022308316
162,4.7,113.4,34.5987801998
162,4.7,366.1,4.21967497031
162,4.7,175.9,114.257201074
162,4.7,122.4,93.4565719474
162,4.7,60.2,119.96177103
162,4.7,326.6,9.76172098033
162,4.7,99.3,62.6830910801
162,4.7,158.1,70.2965460232
162,4.7,178.9,29.2307883021
162,4.7,466.9,2.15211264561
163,4.7,401.2,4.69264613809
163,4.7,47.5,52.269945948
163,4.7,44.9,91.5426640123
163,4.7,300.1,27.7674860108
163,4.7,194.4,15.2366651375
163,4.7,37.2,395.970009195
163,4.7,165.0,13.2354041667
164,4.7,294.3,10.850074838
164,4.7,260.3,15.9067572997
164,4.7,141.2,20.5942909532
164,4.7,74.0,38.2527931375
164,4.7,222.2,10.2349724546
164,4.7,81.7,31.1274947347
164,4.7,263.6,8.18125463009
164,4.7,278.3,14.2679953096
164,4.7,117.2,49.2724350073
164,4.7,89.8,60.6696337956
164,4.7,71.9,41.493096899
164,4.7,332.3,2.8135009433
164,4.7,713.4,3.10122349096
164,4.7,676.1,2.50392804503
165,4.75,138.1,113.455868634
165,4.75,656.9,1.77537924248
165,4.75,217.8,42.1305721936
165,4.75,308.0,11.9303016935
165,4.75,696.9,1.19242798638
165,4.75,37.8,98.299499253
165,4.75,108.8,34.0693771065
165,4.75,73.4,79.7728937205
165,4.75,147.2,34.4682664636
165,4.75,111.6,34.5912289875
165,4.75,89.9,34.2224617118
165,4.75,466.6,5.54798745236
165,4.75,115.2,42.9050183607
165,4.75,21.1,249.001608847
165,4.75,89.5,39.6800700787
165,4.75,557.5,3.72616169039
165,4.75,189.7,13.9848859759
165,4.75,53.5,77.9061580375
165,4.75,109.8,61.1008970536
165,4.75,661.7,3.01506807861
165,4.75,314.9,15.4232177005
166,4.75,109.6,48.783864913
166,4.75,168.4,36.5066182518
166,4.75,76.8,55.2361691047
166,4.75,181.0,17.2769088763
166,4.75,255.8,5.09758970654
166,4.75,386.0,2.90596559041
166,4.75,138.7,41.2876955951
166,4.75,146.8,14.0945730526
166,4.75,84.5,53.7838409626
166,4.75,370.9,13.5827032505
166,4.75,252.1,19.8859196916
166,4.75,68.1,74.9398484133
166,4.75,281.4,12.016801167
166,4.75,538.3,2.47954590633
166,4.75,134.5,49.2597997161
166,4.75,75.0,116.858318569
166,4.75,55.3,92.3609650177
166,4.75,755.8,0.776010604587
166,4.75,161.7,161.888151569
166,4.75,71.3,56.2385481073
166,4.75,350.5,11.7468481167
166,4.75,192.9,83.0752662087
167,4.75,277.5,11.6279471465
167,4.75,47.4,284.664591641
167,4.75,338.9,5.06478381386
167,4.75,93.5,88.8545221558
167,4.75,630.1,2.62797796811
167,4.75,276.3,14.6467299396
167,4.75,502.7,6.96460475841
167,4.75,556.0,1.9433194252
167,4.75,151.3,57.0273348861
167,4.75,396.9,1.93437453456
167,4.75,479.7,1.05017589399
167,4.75,284.4,7.2193634104
167,4.75,176.3,49.0031533012
167,4.75,588.9,4.67408121835
167,4.75,643.7,1.02459169264
167,4.75,146.7,60.1297402055
167,4.75,135.6,65.99416869
167,4.75,171.7,48.4102215679
168,4.8,127.8,36.5105412984
168,4.8,47.5,170.470720783
168,4.8,120.0,41.5114395802
168,4.8,697.9,0.669307890917
168,4.8,116.4,58.70103115
168,4.8,486.8,11.9812129612
168,4.8,103.4,99.4666265601
168,4.8,622.9,3.35414596677
168,4.8,220.7,10.0501218745
168,4.8,204.0,28.6542529228
168,4.8,351.0,10.9562429729
168,4.8,190.6,21.1866948461
168,4.8,206.5,45.8435388731
168,4.8,72.7,188.466825919
168,4.8,395.3,8.6366572571
168,4.8,284.9,15.0291969504
168,4.8,272.4,12.9296577575
168,4.8,551.0,7.41831440261
168,4.8,129.4,173.041648313
168,4.8,112.5,48.7190565496
168,4.8,151.1,32.160984276
168,4.8,223.9,30.5370340486
168,4.8,167.3,15.5693184012
168,4.8,89.4,42.7875042593
169,4.8,82.2,47.8003955987
169,4.8,715.6,0.725715050547
169,4.8,134.4,192.816995485
169,4.8,89.1,28.7012971773
169,4.8,310.0,9.18093729623
169,4.8,44.9,1148.06298783
169,4.8,188.8,33.0520254504
169,4.8,215.8,14.9868541269
169,4.8,284.8,9.86795291471
169,4.8,372.4,6.77205489215
169,4.8,103.8,25.51210027
169,4.8,221.8,62.2189981981
169,4.8,410.4,6.47705083338
169,4.8,73.6,49.5899372749
169,4.8,331.3,12.7829762161
169,4.8,50.4,34.9535088128
169,4.8,207.9,23.515195421
169,4.8,186.4,47.3342881738
169,4.8,337.4,29.8145582409
169,4.8,115.1,45.2872937189
169,4.8,384.5,15.113087981
169,4.8,455.0,1.51941476163
169,4.8,498.8,4.933951395
169,4.8,502.3,4.07782560226
169,4.8,623.4,3.75872471172
169,4.8,135.5,46.11526544
170,4.8,115.8,18.8576615674
170,4.8,118.7,42.6394145105
170,4.8,144.4,66.3928054783
170,4.8,395.4,7.7385129399
170,4.8,276.2,5.47711260709
170,4.8,291.8,8.99070279746
170,4.8,156.7,38.6755505859
170,4.8,88.3,26.2295143009
170,4.8,471.8,4.67906168496
170,4.8,164.0,92.9236149939
170,4.8,114.6,57.2982003207
170,4.8,172.1,51.8346308548
170,4.8,141.8,73.6776524155
170,4.8,266.3,42.1031089592
170,4.8,400.2,7.5789481424
170,4.8,125.9,16.2485831617
170,4.8,193.9,23.0609818764
170,4.8,209.7,20.4409085541
170,4.8,150.4,30.5674405538
170,4.8,194.7,18.2995319567
170,4.8,344.4,10.0697794839
170,4.8,206.1,93.3088373751
170,4.8,56.4,62.1760110487
170,4.8,142.0,51.4919025323
170,4.8,112.5,26.8052131449
171,4.85,80.6,40.9073084852
171,4.85,49.1,144.878192438
171,4.85,125.8,27.3205213009
171,4.85,541.6,4.17513817583
171,4.85,533.8,3.19878591617
171,4.85,375.4,5.35164557537
171,4.85,251.6,28.556084555
171,4.85,467.4,8.29884069136
171,4.85,504.0,2.90255392282
171,4.85,118.0,60.7357743793
171,4.85,259.7,87.2985093929
171,4.85,287.8,14.2538204645
171,4.85,263.4,39.0247436006
171,4.85,237.8,21.8978510581
172,4.85,253.4,35.5457296093
172,4.85,56.0,188.810176901
172,4.85,174.4,131.872661242
172,4.85,553.9,2.84981975709
172,4.85,229.2,14.171794201
172,4.85,93.6,76.9669999214
172,4.85,687.6,2.8012790645
172,4.85,15.3,1164.83979908
172,4.85,59.6,100.392947935
172,4.85,99.7,79.1864559508
172,4.85,196.7,29.7689927858
172,4.85,333.5,19.4314930849
172,4.85,384.1,8.80382427355
172,4.85,448.0,3.20117831737
172,4.85,141.3,54.0391964332
172,4.85,199.0,32.3883336385
172,4.85,180.1,78.7597171977
172,4.85,52.1,62.7403715133
172,4.85,355.3,13.1445899744
172,4.85,64.8,81.0343434579
172,4.85,209.3,22.8136081267
173,4.85,199.9,21.2415918585
173,4.85,281.0,5.09394230068
173,4.85,566.7,1.98755901731
173,4.85,211.4,30.7100199565
173,4.85,797.3,0.789081286585
173,4.85,51.4,98.1578720079
173,4.85,249.4,33.1487712
173,4.85,404.9,2.5410553275
173,4.85,56.3,162.438996001
173,4.85,132.3,40.8610604291
173,4.85,266.9,14.0592142345
174,4.9,113.8,40.6719147389
174,4.9,148.3,41.6887126963
174,4.9,216.5,26.6243714638
174,4.9,52.2,522.605110722
174,4.9,213.5,16.2366906139
174,4.9,172.1,27.7767805388
174,4.9,160.9,66.6385907037
174,4.9,231.4,25.0800651699
174,4.9,67.6,48.5793967431
174,4.9,639.6,2.84364305388
174,4.9,58.7,569.740736725
174,4.9,67.3,25.2663797734
174,4.9,387.9,6.53787599992
174,4.9,69.6,52.2916329946
174,4.9,59.2,130.839034327
174,4.9,239.9,16.1148555959
174,4.9,121.0,53.8112340998
174,4.9,253.8,15.2762809537
175,4.9,113.8,225.658948003
175,4.9,625.1,3.00013849293
175,4.9,170.5,31.2533294129
175,4.9,336.2,11.681302565
175,4.9,75.8,37.617913165
175,4.9,459.3,2.10282948616
175,4.9,54.4,137.429424273
175,4.9,44.2,171.801285755
175,4.9,47.8,73.2087073479
175,4.9,91.6,56.1877936782
175,4.9,212.5,44.2910239366
175,4.9,176.1,34.6392914413
175,4.9,105.6,268.343494717
175,4.9,28.1,296.008896143
175,4.9,138.0,43.7123250524
175,4.9,212.9,45.79655265
175,4.9,601.3,1.7733546313
176,4.9,104.6,58.5168889356
176,4.9,31.2,185.249716019
176,4.9,51.9,65.1855953866
176,4.9,382.2,17.8241626935
176,4.9,92.7,24.8471161856
176,4.9,335.6,7.50521022178
177,4.95,188.7,36.7146712894
177,4.95,88.8,73.9321340158
177,4.95,367.1,4.21440594293
177,4.95,144.0,82.5984516813
177,4.95,261.5,46.2156088658
177,4.95,135.9,72.0030823491
177,4.95,101.8,11.2345764184
177,4.95,158.0,55.4592850964
177,4.95,385.0,15.2955034382
177,4.95,398.4,5.27372492703
177,4.95,138.0,155.755698358
177,4.95,500.7,3.46530134392
177,4.95,294.7,6.43474902104
177,4.95,185.3,48.2762458754
177,4.95,578.3,2.86706485444
177,4.95,291.6,11.9317981927
177,4.95,362.6,14.6873199675
177,4.95,496.0,7.74505972552
177,4.95,131.7,74.7965243094
177,4.95,120.5,148.732547511
177,4.95,75.9,94.6654453234
177,4.95,190.9,28.3282761752
177,4.95,210.6,104.094598924
177,4.95,635.8,3.05202682021
177,4.95,163.7,47.4875154005
177,4.95,325.6,6.06500853339
177,4.95,344.9,11.1449744909
177,4.95,591.6,2.60202900295
177,4.95,171.7,111.030943876
177,4.95,166.4,75.4494837845
177,4.95,74.3,153.284728457
177,4.95,538.4,3.44824099136
177,4.95,63.6,38.4899648678
177,4.95,302.5,22.1706832447
177,4.95,221.2,37.2100736265
177,4.95,67.9,271.193452658
177,4.95,208.0,79.2416846191
177,4.95,615.4,2.65704725707
177,4.95,206.8,23.2163087088
177,4.95,740.4,1.67445312658
177,4.95,274.0,5.23550730871
177,4.95,126.0,29.2800010696
177,4.95,406.0,7.43261014775
178,4.95,275.1,32.7802430545
178,4.95,68.1,49.5856782296
178,4.95,315.2,15.5206492561
178,4.95,83.6,40.881568299
178,4.95,384.9,7.61434554582
178,4.95,635.4,2.99400409036
178,4.95,563.1,10.3951448977
178,4.95,301.7,7.70656087983
178,4.95,311.1,10.562228533
178,4.95,322.8,6.07469302912
178,4.95,207.3,81.0789200457
178,4.95,130.8,96.8900107748
178,4.95,54.3,378.347887796
178,4.95,326.4,9.863541095
178,4.95,59.4,93.8385139597
178,4.95,194.3,26.8437350922
178,4.95,170.5,74.0355997832
178,4.95,287.9,32.9134000373
178,4.95,152.9,181.636159206
178,4.95,248.3,13.174969178
178,4.95,163.5,121.904722438
178,4.95,142.9,62.3757775054
178,4.95,140.7,38.0661000477
179,4.95,174.5,51.8565601373
179,4.95,135.5,100.753650088
179,4.95,371.7,12.6298384922
179,4.95,254.7,31.1009828485
179,4.95,204.2,26.6778155521
179,4.95,229.5,32.9136847344
179,4.95,283.0,29.8033441589
179,4.95,279.8,23.1541329474
179,4.95,87.0,100.734995947
179,4.95,109.4,101.058056282
179,4.95,793.4,1.70580257815
179,4.95,136.6,34.6116049193
180,5.0,105.5,74.0196913196
180,5.0,324.7,13.9329024462
180,5.0,422.6,7.02423577679
180,5.0,45.0,504.834100298
180,5.0,353.9,14.5927854482
180,5.0,32.5,118.657133553
180,5.0,459.9,4.51232783206
180,5.0,115.9,122.52276973
180,5.0,45.1,531.082240893
180,5.0,276.3,39.1825490306
180,5.0,220.9,25.6980027473
180,5.0,148.0,242.049482149
180,5.0,30.9,683.857060761
180,5.0,174.8,85.8726406256
180,5.0,148.7,60.9189179775
180,5.0,177.5,60.4218045567
180,5.0,114.9,48.927837299
180,5.0,586.8,6.54003723608
180,5.0,416.9,10.3718090012
180,5.0,207.8,94.5174830896
180,5.0,256.4,11.8861912758
181,5.0,100.5,28.432014608
181,5.0,515.8,3.24750807663
181,5.0,186.6,40.6923596185
181,5.0,558.3,3.60426678043
181,5.0,169.2,63.2401721672
181,5.0,102.2,50.50943157
181,5.0,318.0,21.6365404318
181,5.0,56.5,133.037087435
181,5.0,71.3,77.5706228227
181,5.0,227.1,65.5865448089
181,5.0,647.0,1.95544409943
181,5.0,552.6,1.14117409778
182,5.0,307.5,31.7395537974
182,5.0,70.4,59.4895511037
182,5.0,135.1,121.197708096
182,5.0,132.9,34.9335423398
182,5.0,239.9,17.0842510129
182,5.0,175.7,31.4216631033
182,5.0,40.4,441.128957039
182,5.0,315.8,49.601398433
183,5.05,662.4,3.50285535751
183,5.05,251.0,35.3197517981
183,5.05,155.2,151.107159486
183,5.05,244.8,20.0129098863
184,5.05,90.0,29.2769713286
184,5.05,167.8,132.748780086
184,5.05,109.0,211.648391003
184,5.05,150.8,86.5725588402
184,5.05,150.5,51.2713634125
184,5.05,351.8,11.5014464767
184,5.05,288.1,127.234830996
184,5.05,286.4,19.1908237896
184,5.05,296.2,27.276514083
184,5.05,752.1,4.55967939352
184,5.05,226.6,119.878183167
184,5.05,445.4,2.34232361684
184,5.05,100.4,66.4724994532
184,5.05,647.4,12.4080120104
184,5.05,193.1,80.0024815236
184,5.05,496.5,5.00504850211
184,5.05,418.2,8.44827305789
184,5.05,142.5,86.6566287796
184,5.05,364.4,52.7483398575
184,5.05,118.1,75.2231080734
184,5.05,508.7,5.500873324
185,5.05,787.2,0.990264725474
185,5.05,82.5,47.8710487863
185,5.05,264.9,13.717368743
185,5.05,323.7,26.8825457326
185,5.05,84.2,107.219097867
185,5.05,560.6,5.80176700791
185,5.05,172.3,32.4194386658
185,5.05,127.7,84.0823398183
185,5.05,225.9,30.1215721695
185,5.05,318.0,12.0903176799
185,5.05,211.5,19.3124268303
185,5.05,470.4,4.4387204662
185,5.05,241.8,19.9237320725
185,5.05,543.0,3.88493381993
185,5.05,61.9,293.50623611
185,5.05,312.9,25.579248666
185,5.05,759.4,4.42615984162
185,5.05,382.0,6.09476494021
185,5.05,725.8,2.29119671479
185,5.05,192.2,116.9182974
185,5.05,140.6,33.3351964007
185,5.05,101.7,26.9588516973
185,5.05,20.9,587.711679879
185,5.05,605.3,2.25995658291
185,5.05,110.5,79.7008041094
186,5.1,296.1,27.3137550491
186,5.1,616.3,6.41397699835
186,5.1,209.2,44.2991844173
186,5.1,112.1,84.8593600163
186,5.1,170.4,35.7339020436
186,5.1,94.4,74.2123331468
186,5.1,30.1,635.558195624
186,5.1,543.7,3.52929334152
186,5.1,146.7,316.053490223
186,5.1,211.1,33.5390417709
186,5.1,465.0,10.5424466595
186,5.1,185.4,162.664825052
186,5.1,158.1,232.660754613
186,5.1,466.2,17.9338424304
186,5.1,84.6,131.782673284
186,5.1,274.4,31.519772646
186,5.1,70.6,177.712033021
186,5.1,313.4,12.4973343572
186,5.1,69.6,84.9327511073
186,5.1,99.9,99.8950316099
186,5.1,126.2,32.526742042
186,5.1,112.2,46.4858111476
186,5.1,119.1,165.296355734
186,5.1,579.7,17.1602948049
186,5.1,287.6,18.3497894278
187,5.1,465.7,10.3329760252
187,5.1,204.6,216.788820918
187,5.1,55.1,86.7075067811
187,5.1,393.9,3.18552934114
187,5.1,215.5,98.9743686166
187,5.1,112.6,137.543983854
187,5.1,165.3,69.7256298703
187,5.1,116.7,107.06420149
187,5.1,528.1,10.0672533506
187,5.1,187.7,150.448623825
187,5.1,755.0,3.01076901102
187,5.1,86.4,71.0514665809
187,5.1,108.5,134.513884481
187,5.1,272.9,27.9380585951
187,5.1,309.2,12.8970692655
187,5.1,156.8,40.8906134774
187,5.1,119.7,100.368565396
187,5.1,15.1,1120.97229766
187,5.1,321.5,41.8097387615
187,5.1,229.9,60.7201294192
188,5.1,69.2,93.5498822181
188,5.1,682.5,5.52202716225
188,5.1,173.5,223.850256092
188,5.1,579.2,10.5306659817
188,5.1,488.7,7.03292060783
188,5.1,113.5,230.965146624
188,5.1,159.1,73.8311669756
188,5.1,137.2,74.213420507
188,5.1,197.2,43.3349928684
188,5.1,513.1,7.88321965221
188,5.1,247.1,30.4300765307
188,5.1,93.4,266.90677443
188,5.1,410.4,7.82158882447
188,5.1,34.0,569.564887546
188,5.1,646.3,3.77087197995
188,5.1,401.6,24.6358263577
188,5.1,101.3,40.8863763451
189,5.15,168.8,60.2123732444
189,5.15,131.6,40.2057998158
189,5.15,262.8,49.5711059823
189,5.15,125.3,163.956290351
189,5.15,152.3,160.213097601
189,5.15,74.3,280.918250821
189,5.15,418.4,12.2049090105
189,5.15,612.1,3.93098815309
190,5.15,92.9,51.8686353362
190,5.15,287.0,38.9275363654
190,5.15,84.5,162.582541527
190,5.15,262.2,30.3787363946
190,5.15,337.9,22.0700387313
190,5.15,42.5,371.361790041
190,5.15,140.2,67.3500806003
190,5.15,131.1,59.63391354
190,5.15,118.9,51.9463234437
190,5.15,221.1,45.4320922671
190,5.15,289.4,26.4120538841
190,5.15,391.3,15.2499437859
190,5.15,162.8,191.451805824
190,5.15,408.1,6.4262277821
190,5.15,245.3,29.1327208918
190,5.15,412.5,6.87463126885
190,5.15,346.9,23.6656021243
190,5.15,613.9,3.56776269962
190,5.15,781.6,4.23024829742
190,5.15,25.4,958.677176319
190,5.15,39.9,437.765953511
190,5.15,44.6,428.878584876
190,5.15,47.6,253.221411857
190,5.15,270.2,18.25254018
190,5.15,260.4,28.3924600865
190,5.15,369.1,14.0653135814
190,5.15,492.0,10.5662190797
191,5.15,384.4,47.3800710813
191,5.15,33.6,1435.64718361
191,5.15,294.5,66.3260679838
191,5.15,112.0,283.912792994
191,5.15,150.6,49.8587776655
191,5.15,236.6,133.444959422
191,5.15,305.7,17.1685721054
192,5.2,520.4,9.9003732951
192,5.2,128.0,264.871673879
192,5.2,55.8,140.499689698
192,5.2,229.3,25.9529400276
192,5.2,313.2,37.2949305553
192,5.2,633.2,1.88960390582
192,5.2,173.1,120.97058453
192,5.2,29.2,657.048315493
192,5.2,315.8,26.794051602
192,5.2,307.5,45.892992161
192,5.2,40.1,263.191987609
192,5.2,635.0,7.32584251938
192,5.2,392.1,18.9560782477
192,5.2,114.1,163.377442929
192,5.2,355.2,16.6524402885
192,5.2,200.2,99.5182278135
192,5.2,171.0,157.396708546
192,5.2,350.2,21.9848695494
193,5.2,799.6,7.62904458643
193,5.2,152.7,117.149524719
193,5.2,141.0,60.3946447204
193,5.2,84.7,256.769006886
193,5.2,208.4,45.9794900772
193,5.2,75.4,58.2025284921
193,5.2,378.9,44.957781349
193,5.2,308.2,21.9392962519
193,5.2,106.4,29.8588519526
193,5.2,128.4,30.9288304828
193,5.2,169.4,88.0718044623
193,5.2,323.3,20.3366362075
193,5.2,91.8,111.704601138
194,5.2,71.4,69.9544578797
194,5.2,578.8,6.76269840458
194,5.2,128.0,112.269240355
194,5.2,339.1,21.9797164375
194,5.2,128.6,112.457319073
194,5.2,225.5,51.4162784952
194,5.2,151.7,71.1978071906
194,5.2,72.4,85.1060218061
194,5.2,101.7,150.490857031
194,5.2,560.8,13.8183082846
194,5.2,94.9,79.4252302161
194,5.2,75.9,176.922452595
194,5.2,360.0,75.2741857638
194,5.2,336.9,13.2653493443
194,5.2,133.6,110.876816374
194,5.2,626.0,4.36814886221
194,5.2,143.0,241.446666009
195,5.25,448.0,19.3956957196
195,5.25,300.1,32.6465060262
195,5.25,150.6,103.355085994
195,5.25,223.7,77.084602622
195,5.25,131.4,160.083110888
195,5.25,64.4,188.075325223
195,5.25,175.5,393.773367382
195,5.25,264.9,60.4080749013
195,5.25,206.1,128.288400219
195,5.25,98.8,272.880208177
195,5.25,360.3,9.86387217688
195,5.25,54.4,289.970530583
195,5.25,383.6,31.0038308037
195,5.25,206.0,95.4372151238
195,5.25,98.9,125.873906276
195,5.25,106.0,198.202515583
195,5.25,522.7,4.46982820404
195,5.25,732.2,3.47383278529
196,5.25,186.1,185.464060725
196,5.25,294.5,51.1108526328
196,5.25,346.9,26.359066535
196,5.25,74.9,286.94371184
196,5.25,115.5,184.67538744
196,5.25,164.7,88.4243299905
196,5.25,84.0,108.015690055
196,5.25,228.4,46.2341084458
196,5.25,218.7,66.34045815
196,5.25,24.7,2031.86357829
196,5.25,25.6,1340.74287371
196,5.25,684.0,8.98743016859
196,5.25,193.8,180.985076845
196,5.25,275.7,41.6117027275
196,5.25,144.6,32.6052538799
196,5.25,136.5,141.959186644
196,5.25,157.7,72.7469413765
197,5.25,96.4,106.404423123
197,5.25,326.2,33.2455879291
197,5.25,91.6,261.193048881
197,5.25,194.5,97.8122484097
197,5.25,41.2,542.748918731
197,5.25,504.4,3.03711133176
197,5.25,63.4,287.090415994
197,5.25,153.4,79.1883862457
197,5.25,129.8,82.6362630237
197,5.25,253.9,34.9506113107
197,5.25,51.5,242.04433822
197,5.25,139.4,197.547743518
197,5.25,431.5,50.52814619
197,5.25,277.2,48.415122629
197,5.25,724.8,1.76729343672
197,5.25,374.0,28.704757322
198,5.3,497.4,14.2419753431
198,5.3,352.3,32.8172067508
198,5.3,253.2,67.111303003
198,5.3,110.0,79.4493975665
198,5.3,375.9,16.6327363964
198,5.3,171.8,59.5505888239
198,5.3,43.9,502.129151354
198,5.3,479.7,5.72265834982
198,5.3,203.3,73.534997804
198,5.3,194.9,256.140316841
198,5.3,117.7,172.521938014
198,5.3,589.6,12.6903812602
198,5.3,41.9,400.959006743
198,5.3,67.7,159.576563488
198,5.3,134.2,85.1394061707
198,5.3,106.4,165.593036252
198,5.3,81.4,106.828587995
199,5.3,67.4,184.573655815
199,5.3,84.7,190.853335228
199,5.3,150.8,195.890929673
199,5.3,102.5,146.863499572
199,5.3,601.4,17.1610077426
199,5.3,102.2,126.694783658
199,5.3,440.9,9.97714583806
199,5.3,173.5,57.4081032552
199,5.3,196.1,198.469490032
199,5.3,205.8,64.5777113802
199,5.3,174.7,190.214634878
200,5.3,171.2,106.125408271
200,5.3,422.8,12.841310412
200,5.3,77.4,135.412711175
200,5.3,66.6,170.724691317
200,5.3,76.0,185.673977692
200,5.3,166.6,524.983577123
200,5.3,612.4,20.875566882
200,5.3,177.2,43.7943169295
200,5.3,42.0,574.309686994
200,5.3,83.5,81.8315908163
200,5.3,562.7,15.2156624147
200,5.3,296.7,40.7243536788
200,5.3,439.5,13.0681107642
200,5.3,79.4,103.105379453
201,5.35,25.3,1097.20971935
201,5.35,162.1,155.046001527
201,5.35,114.6,172.992707611
201,5.35,70.7,1197.54972051
201,5.35,204.6,76.0273527188
201,5.35,467.4,8.63000000592
201,5.35,220.4,90.0603749352
201,5.35,126.5,130.071955394
201,5.35,131.6,182.223429708
201,5.35,118.9,134.566572245
201,5.35,94.8,155.157715522
201,5.35,88.8,110.106843971
201,5.35,92.2,147.555281257
202,5.35,122.3,159.020956353
202,5.35,626.7,10.2775239438
202,5.35,99.4,123.431673344
202,5.35,145.0,397.308076737
202,5.35,131.9,93.1746131444
202,5.35,795.2,4.04420081004
202,5.35,351.6,21.9798790482
202,5.35,179.4,94.4312952948
202,5.35,640.1,9.67118608607
202,5.35,616.5,7.61654789412
202,5.35,569.9,24.8895736247
202,5.35,299.0,87.1014537697
202,5.35,218.6,83.2832639566
202,5.35,315.2,34.6480488776
202,5.35,172.2,236.462811245
202,5.35,76.5,198.609838275
202,5.35,485.7,7.8634070398
202,5.35,104.4,434.502134365
202,5.35,442.5,27.5891013631
202,5.35,101.9,68.5441848835
202,5.35,267.8,20.9683224192
203,5.35,86.3,204.709844983
203,5.35,101.1,162.673664781
203,5.35,73.1,304.222804881
203,5.35,83.3,84.6458433126
203,5.35,81.0,80.80285409
203,5.35,236.7,77.5573264235
203,5.35,180.1,135.146650142
203,5.35,300.0,26.0066617177
203,5.35,262.0,84.4653605951
203,5.35,120.1,237.564948419
203,5.35,518.6,14.7957867095
203,5.35,73.6,160.356294079
203,5.35,278.6,39.7062101005
203,5.35,47.1,163.163685166
203,5.35,411.5,21.5450545216
203,5.35,147.4,276.087563905
203,5.35,520.2,10.3262596578
203,5.35,83.7,101.482846183
203,5.35,351.8,19.6211806199
203,5.35,189.8,44.2157856441
203,5.35,197.0,147.515812514
203,5.35,145.9,340.14352515
203,5.35,165.1,146.035017512
203,5.35,112.3,375.139875096
203,5.35,132.6,337.349558476
203,5.35,61.1,1104.16303106
203,5.35,208.9,109.15672146
203,5.35,54.4,738.259529192
203,5.35,53.7,386.501552602
203,5.35,89.7,76.4080083031
204,5.4,668.1,3.15234797608
204,5.4,220.6,42.416282236
204,5.4,68.3,401.733691576
204,5.4,95.3,141.667387463
204,5.4,174.7,109.684704468
204,5.4,155.0,166.282417577
204,5.4,286.6,60.661599698
204,5.4,199.7,264.819859656
204,5.4,35.3,1352.23763488
204,5.4,58.2,419.157752126
204,5.4,650.4,5.50493877143
204,5.4,163.6,511.854756044
204,5.4,381.4,10.750567395
204,5.4,586.2,5.00587268183
204,5.4,624.7,8.87701810575
204,5.4,168.4,168.664823413
204,5.4,789.1,3.07190449723
204,5.4,586.3,9.29863142805
204,5.4,58.5,142.469438074
205,5.4,401.4,8.69426892112
205,5.4,185.1,123.361821861
205,5.4,418.2,21.3394349462
205,5.4,251.2,104.00098553
205,5.4,71.5,314.013117017
205,5.4,200.5,159.48126747
205,5.4,178.7,122.330618432
205,5.4,208.6,64.6087335363
205,5.4,57.0,448.883291634
205,5.4,195.8,153.457926022
205,5.4,416.8,50.889926869
205,5.4,71.7,296.095592946
205,5.4,46.7,1085.77736511
206,5.4,482.1,5.42958315977
206,5.4,176.9,385.345811658
206,5.4,159.0,219.180326872
206,5.4,137.3,148.953001528
206,5.4,79.1,273.832324091
206,5.4,248.9,58.5703314056
206,5.4,464.4,24.2289502108
206,5.4,55.2,218.258186216
206,5.4,169.5,195.258167704
206,5.4,266.2,65.2508987179
206,5.4,160.5,134.838569479
206,5.4,315.0,42.2366248181
206,5.4,549.7,2.9365356971
206,5.4,268.0,65.0023401994
206,5.4,450.9,23.0970660516
206,5.4,263.3,70.7625661735
206,5.4,562.1,17.1459522041
206,5.4,48.1,247.797941577
206,5.4,445.2,12.6950753463
206,5.4,201.0,285.954631526
206,5.4,406.6,15.8233722591
206,5.4,80.4,244.281651444
206,5.4,129.2,84.8862226345
206,5.4,270.1,26.0406787425
206,5.4,140.4,170.262406906
206,5.4,453.6,25.2047842053
206,5.4,168.3,619.913445195
206,5.4,187.6,81.6641728472
206,5.4,457.3,15.5666405504
206,5.4,167.5,237.455653763
206,5.4,264.4,80.0563024307
206,5.4,135.3,322.248163553
206,5.4,224.7,92.0786987053
206,5.4,84.2,63.2740567854
206,5.4,28.5,1007.45666195
206,5.4,228.7,108.429563773
206,5.4,85.0,112.360460293
206,5.4,363.2,83.4142197931
207,5.45,432.5,57.083340641
207,5.45,294.0,87.7254315753
207,5.45,38.7,443.988624603
207,5.45,674.8,6.38813790253
207,5.45,752.9,15.051195899
207,5.45,321.5,44.4335278358
207,5.45,239.2,61.5844514063
207,5.45,174.8,162.976767411
207,5.45,349.2,43.4687734575
207,5.45,128.3,297.453795189
207,5.45,168.0,230.886710711
207,5.45,124.8,64.4012903366
207,5.45,26.6,1109.02381872
207,5.45,558.5,15.048529558
207,5.45,169.2,284.882552941
207,5.45,453.4,10.628513002
207,5.45,52.8,384.396281818
207,5.45,149.6,190.066489176
207,5.45,501.1,24.4123540447
207,5.45,103.2,190.422300149
208,5.45,430.6,27.2953788621
208,5.45,197.1,227.707415009
208,5.45,330.0,57.2526760216
208,5.45,285.4,256.467305825
208,5.45,315.8,70.0366209329
208,5.45,387.5,38.7760789086
208,5.45,99.5,374.558945291
208,5.45,391.9,14.4768872467
208,5.45,589.5,17.5153610969
208,5.45,52.7,495.220332653
208,5.45,495.0,16.1751431682
208,5.45,228.0,146.06139842
208,5.45,122.4,613.579147559
208,5.45,508.0,20.6236804768
208,5.45,80.0,515.540554566
208,5.45,177.1,272.586419543
208,5.45,276.3,100.153067601
208,5.45,193.0,66.0112262247
208,5.45,273.2,47.2422086607
208,5.45,430.8,13.8967643008
208,5.45,445.8,12.7316808554
208,5.45,243.7,84.2676762298
209,5.45,563.1,16.9851862645
209,5.45,150.8,177.097741781
209,5.45,256.9,53.0022883582
209,5.45,178.2,299.225128518
209,5.45,462.6,48.65426967
209,5.45,57.0,604.398975989
209,5.45,313.3,70.2301254708
209,5.45,165.1,287.715737676
209,5.45,115.1,65.0258493295
209,5.45,153.8,258.495774499
209,5.45,70.1,137.095404826
209,5.45,749.7,12.3897590076
209,5.45,79.1,389.888809069
209,5.45,493.4,9.29136175248
209,5.45,108.6,369.123062051
209,5.45,72.7,271.421583091
209,5.45,68.6,238.626885151
209,5.45,428.6,17.0433589293
209,5.45,230.7,49.718191629
209,5.45,76.8,142.245875438
209,5.45,198.9,136.449322657
209,5.45,87.5,174.833145389
209,5.45,368.5,32.9697601907
209,5.45,480.9,14.980060926
209,5.45,161.7,119.132526283
209,5.45,63.2,180.90256477
210,5.5,159.1,142.247733739
210,5.5,598.4,8.44888525376
210,5.5,347.1,40.5964392801
210,5.5,490.8,25.1088789586
210,5.5,322.7,53.7537421553
210,5.5,419.1,23.6233527203
210,5.5,217.7,206.930857412
210,5.5,547.9,5.17111838249
210,5.5,85.9,192.51883839
210,5.5,708.2,14.2791115112
210,5.5,72.2,83.7814225302
210,5.5,618.2,7.33339910284
210,5.5,504.9,45.4330627159
210,5.5,27.4,2616.88857494
210,5.5,400.3,40.0696727706
210,5.5,687.1,5.81390381158
210,5.5,40.1,677.985664628
210,5.5,276.0,81.5445936709
210,5.5,42.5,521.544289736
210,5.5,222.7,101.157134331
210,5.5,272.9,35.362028541
211,5.5,87.7,284.091807075
211,5.5,429.2,14.7574582238
211,5.5,291.4,44.2023197117
211,5.5,545.7,6.77869208226
211,5.5,203.3,212.459223684
211,5.5,277.1,55.8157748625
211,5.5,228.2,86.0145158653
211,5.5,677.6,16.7954928283
211,5.5,115.8,377.081781689
211,5.5,106.4,200.062125147
211,5.5,239.0,42.8597792667
211,5.5,60.7,269.115393522
211,5.5,217.6,62.3754198306
211,5.5,174.1,277.133390841
211,5.5,120.6,137.348861815
211,5.5,229.8,94.8530396381
211,5.5,93.7,239.443824774
211,5.5,37.2,394.381640483
211,5.5,208.2,221.339207535
211,5.5,250.3,71.9541311723
211,5.5,533.9,34.8395697286
211,5.5,375.5,37.0308734782
211,5.5,121.6,249.670311887
211,5.5,139.2,90.9605396859
211,5.5,331.5,36.8909420408
212,5.5,624.5,7.88741801878
212,5.5,128.5,121.299187958
212,5.5,87.7,537.226803196
212,5.5,298.9,219.40144175
212,5.5,644.8,23.8176399753
212,5.5,356.2,28.7757490097
212,5.5,687.9,9.41284412468
212,5.5,77.2,255.387996672
212,5.5,71.0,140.990643397
212,5.5,525.8,17.7968488698
212,5.5,124.0,261.524622467
212,5.5,397.3,48.2661896753
212,5.5,219.1,152.616939183
